"2011-01-03 09:36:00","0.004","3000","0.000","0","0.000","0"
"2011-01-03 09:41:00","0.004","87999","0.000","0","0.000","0"
"2011-01-03 11:22:00","0.005","127999","0.000","0","0.000","0"
"2011-01-03 11:40:00","0.005","187999","0.000","0","0.000","0"
"2011-01-03 11:41:00","0.004","210221","0.000","0","0.000","0"
"2011-01-03 13:26:00","0.004","245199","0.000","0","0.000","0"
"2011-01-03 14:40:00","0.004","294985","0.000","0","0.000","0"
"2011-01-03 14:44:00","0.004","394985","0.000","0","0.000","0"
"2011-01-03 14:46:00","0.004","412763","0.000","0","0.000","0"
"2011-01-03 14:50:00","0.004","460063","0.000","0","0.000","0"
"2011-01-03 14:52:00","0.005","463763","0.000","0","0.000","0"
"2011-01-04 10:08:00","0.004","175000","0.000","0","0.000","0"
"2011-01-04 10:12:00","0.004","412500","0.000","0","0.000","0"
"2011-01-04 10:48:00","0.004","442500","0.000","0","0.000","0"
"2011-01-04 10:57:00","0.004","457250","0.000","0","0.000","0"
"2011-01-04 12:03:00","0.004","508250","0.000","0","0.000","0"
"2011-01-04 12:09:00","0.005","558250","0.000","0","0.000","0"
"2011-01-04 13:58:00","0.004","732250","0.000","0","0.000","0"
"2011-01-04 14:15:00","0.004","769250","0.000","0","0.000","0"
"2011-01-04 14:48:00","0.004","809250","0.000","0","0.000","0"
"2011-01-04 15:56:00","0.005","814406","0.000","0","0.000","0"
"2011-01-05 10:41:00","0.005","30100","0.000","0","0.000","0"
"2011-01-05 11:10:00","0.004","80100","0.000","0","0.000","0"
"2011-01-05 11:50:00","0.004","188400","0.000","0","0.000","0"
"2011-01-05 12:41:00","0.005","199760","0.000","0","0.000","0"
"2011-01-05 12:59:00","0.004","259760","0.000","0","0.000","0"
"2011-01-05 13:20:00","0.004","306460","0.000","0","0.000","0"
"2011-01-05 13:35:00","0.004","309760","0.000","0","0.000","0"
"2011-01-05 14:06:00","0.004","374760","0.000","0","0.000","0"
"2011-01-05 14:44:00","0.005","378460","0.000","0","0.000","0"
"2011-01-05 15:46:00","0.004","427160","0.000","0","0.000","0"
"2011-01-05 15:54:00","0.004","463160","0.000","0","0.000","0"
"2011-01-05 15:58:00","0.005","473160","0.000","0","0.000","0"
"2011-01-06 09:53:00","0.004","50000","0.000","0","0.000","0"
"2011-01-06 11:03:00","0.004","60000","0.000","0","0.000","0"
"2011-01-06 11:31:00","0.004","90000","0.000","0","0.000","0"
"2011-01-06 11:33:00","0.004","190000","0.000","0","0.000","0"
"2011-01-06 13:53:00","0.004","290000","0.000","0","0.000","0"
"2011-01-06 14:15:00","0.004","340000","0.000","0","0.000","0"
"2011-01-06 15:51:00","0.004","402000","0.000","0","0.000","0"
"2011-01-06 15:57:00","0.004","407750","0.000","0","0.000","0"
"2011-01-07 09:30:00","0.004","7500","0.000","0","0.000","0"
"2011-01-07 10:52:00","0.004","254500","0.000","0","0.000","0"
"2011-01-07 12:10:00","0.004","354500","0.000","0","0.000","0"
"2011-01-07 12:12:00","0.004","504500","0.000","0","0.000","0"
"2011-01-07 13:01:00","0.004","520300","0.000","0","0.000","0"
"2011-01-07 13:37:00","0.004","530815","0.000","0","0.000","0"
"2011-01-07 14:32:00","0.004","580815","0.000","0","0.000","0"
"2011-01-07 15:13:00","0.004","585815","0.000","0","0.000","0"
"2011-01-07 15:14:00","0.004","685815","0.000","0","0.000","0"
"2011-01-07 15:15:00","0.004","780815","0.000","0","0.000","0"
"2011-01-07 15:31:00","0.004","786815","0.000","0","0.000","0"
"2011-01-07 15:59:00","0.004","791815","0.000","0","0.000","0"
"2011-01-10 11:47:00","0.004","120000","0.000","0","0.000","0"
"2011-01-10 12:08:00","0.004","130000","0.000","0","0.000","0"
"2011-01-10 13:25:00","0.004","136000","0.000","0","0.000","0"
"2011-01-11 09:59:00","0.004","60000","0.000","0","0.000","0"
"2011-01-11 10:02:00","0.004","163400","0.000","0","0.000","0"
"2011-01-11 11:02:00","0.004","168400","0.000","0","0.000","0"
"2011-01-11 11:39:00","0.004","423400","0.000","0","0.000","0"
"2011-01-11 11:55:00","0.004","433400","0.000","0","0.000","0"
"2011-01-11 12:19:00","0.004","434400","0.000","0","0.000","0"
"2011-01-11 12:38:00","0.004","564400","0.000","0","0.000","0"
"2011-01-11 12:42:00","0.004","574400","0.000","0","0.000","0"
"2011-01-11 12:45:00","0.004","659400","0.000","0","0.000","0"
"2011-01-11 13:10:00","0.004","709400","0.000","0","0.000","0"
"2011-01-11 13:56:00","0.004","763400","0.000","0","0.000","0"
"2011-01-11 14:06:00","0.004","823400","0.000","0","0.000","0"
"2011-01-11 14:59:00","0.004","873400","0.000","0","0.000","0"
"2011-01-11 15:09:00","0.004","923400","0.000","0","0.000","0"
"2011-01-11 15:11:00","0.004","935900","0.000","0","0.000","0"
"2011-01-11 15:12:00","0.004","1018400","0.000","0","0.000","0"
"2011-01-11 15:20:00","0.004","1068400","0.000","0","0.000","0"
"2011-01-11 15:26:00","0.004","1078400","0.000","0","0.000","0"
"2011-01-11 15:47:00","0.004","1098400","0.000","0","0.000","0"
"2011-01-11 15:53:00","0.004","1128400","0.000","0","0.000","0"
"2011-01-11 15:57:00","0.004","1133578","0.000","0","0.000","0"
"2011-01-11 15:59:00","0.004","1183578","0.000","0","0.000","0"
"2011-01-12 09:54:00","0.004","10000","0.000","0","0.000","0"
"2011-01-12 10:15:00","0.004","30000","0.000","0","0.000","0"
"2011-01-12 10:18:00","0.004","105000","0.000","0","0.000","0"
"2011-01-12 10:21:00","0.004","240000","0.000","0","0.000","0"
"2011-01-12 10:27:00","0.004","245000","0.000","0","0.000","0"
"2011-01-12 10:32:00","0.004","295000","0.000","0","0.000","0"
"2011-01-12 10:34:00","0.004","440000","0.000","0","0.000","0"
"2011-01-12 10:36:00","0.004","490000","0.000","0","0.000","0"
"2011-01-12 10:37:00","0.004","545000","0.000","0","0.000","0"
"2011-01-12 10:40:00","0.004","550000","0.000","0","0.000","0"
"2011-01-12 11:15:00","0.004","575000","0.000","0","0.000","0"
"2011-01-12 11:36:00","0.004","632000","0.000","0","0.000","0"
"2011-01-12 11:40:00","0.004","675000","0.000","0","0.000","0"
"2011-01-12 12:06:00","0.004","680000","0.000","0","0.000","0"
"2011-01-12 12:16:00","0.004","730000","0.000","0","0.000","0"
"2011-01-12 12:31:00","0.004","790000","0.000","0","0.000","0"
"2011-01-12 14:05:00","0.004","795000","0.000","0","0.000","0"
"2011-01-12 14:13:00","0.004","800000","0.000","0","0.000","0"
"2011-01-12 14:17:00","0.004","805000","0.000","0","0.000","0"
"2011-01-12 14:18:00","0.004","815000","0.000","0","0.000","0"
"2011-01-12 14:19:00","0.004","835000","0.000","0","0.000","0"
"2011-01-12 14:20:00","0.004","935000","0.000","0","0.000","0"
"2011-01-12 15:31:00","0.004","1035000","0.000","0","0.000","0"
"2011-01-12 15:59:00","0.005","1040000","0.000","0","0.000","0"
"2011-01-13 10:50:00","0.004","50000","0.000","0","0.000","0"
"2011-01-13 11:42:00","0.004","70070","0.000","0","0.000","0"
"2011-01-13 11:47:00","0.004","102370","0.000","0","0.000","0"
"2011-01-13 12:22:00","0.005","132370","0.000","0","0.000","0"
"2011-01-14 09:44:00","0.004","4500","0.000","0","0.000","0"
"2011-01-14 10:11:00","0.004","24500","0.000","0","0.000","0"
"2011-01-14 10:51:00","0.004","124500","0.000","0","0.000","0"
"2011-01-14 11:05:00","0.004","149500","0.000","0","0.000","0"
"2011-01-14 11:10:00","0.004","199500","0.000","0","0.000","0"
"2011-01-14 11:17:00","0.004","209500","0.000","0","0.000","0"
"2011-01-14 11:45:00","0.004","247500","0.000","0","0.000","0"
"2011-01-14 11:54:00","0.005","297500","0.000","0","0.000","0"
"2011-01-14 12:04:00","0.004","307500","0.000","0","0.000","0"
"2011-01-14 12:11:00","0.005","341300","0.000","0","0.000","0"
"2011-01-14 12:42:00","0.005","351300","0.000","0","0.000","0"
"2011-01-14 12:48:00","0.005","671300","0.000","0","0.000","0"
"2011-01-14 12:53:00","0.004","685300","0.000","0","0.000","0"
"2011-01-14 12:54:00","0.004","785300","0.000","0","0.000","0"
"2011-01-14 13:08:00","0.004","835300","0.000","0","0.000","0"
"2011-01-14 14:37:00","0.004","911300","0.000","0","0.000","0"
"2011-01-14 14:38:00","0.004","1021300","0.000","0","0.000","0"
"2011-01-14 15:13:00","0.004","1067600","0.000","0","0.000","0"
"2011-01-14 15:29:00","0.005","1102600","0.000","0","0.000","0"
"2011-01-14 15:48:00","0.005","1122600","0.000","0","0.000","0"
"2011-01-14 15:49:00","0.005","1132600","0.000","0","0.000","0"
"2011-01-14 15:54:00","0.005","1152600","0.000","0","0.000","0"
"2011-01-18 09:31:00","0.004","442000","0.000","0","0.000","0"
"2011-01-18 10:09:00","0.004","572000","0.000","0","0.000","0"
"2011-01-18 10:11:00","0.004","1507000","0.000","0","0.000","0"
"2011-01-18 10:14:00","0.004","1607000","0.000","0","0.000","0"
"2011-01-18 10:28:00","0.004","2325000","0.000","0","0.000","0"
"2011-01-18 10:29:00","0.004","2425000","0.000","0","0.000","0"
"2011-01-18 11:36:00","0.004","2525000","0.000","0","0.000","0"
"2011-01-18 12:01:00","0.004","2658031","0.000","0","0.000","0"
"2011-01-18 13:24:00","0.004","2713031","0.000","0","0.000","0"
"2011-01-18 13:40:00","0.004","2798031","0.000","0","0.000","0"
"2011-01-18 14:06:00","0.004","2850031","0.000","0","0.000","0"
"2011-01-18 14:41:00","0.004","2943031","0.000","0","0.000","0"
"2011-01-18 15:06:00","0.004","3042031","0.000","0","0.000","0"
"2011-01-18 15:17:00","0.004","3084333","0.000","0","0.000","0"
"2011-01-18 15:24:00","0.004","3144333","0.000","0","0.000","0"
"2011-01-18 15:37:00","0.004","3199333","0.000","0","0.000","0"
"2011-01-18 15:42:00","0.004","3219333","0.000","0","0.000","0"
"2011-01-18 15:44:00","0.005","3325122","0.000","0","0.000","0"
"2011-01-19 09:32:00","0.005","3000","0.000","0","0.000","0"
"2011-01-19 09:34:00","0.005","28000","0.000","0","0.000","0"
"2011-01-19 10:07:00","0.005","48000","0.000","0","0.000","0"
"2011-01-19 10:17:00","0.004","202000","0.000","0","0.000","0"
"2011-01-19 10:18:00","0.004","252000","0.000","0","0.000","0"
"2011-01-19 11:34:00","0.004","344000","0.000","0","0.000","0"
"2011-01-19 12:41:00","0.004","374000","0.000","0","0.000","0"
"2011-01-19 12:42:00","0.004","383875","0.000","0","0.000","0"
"2011-01-19 12:49:00","0.004","433875","0.000","0","0.000","0"
"2011-01-19 13:01:00","0.004","463875","0.000","0","0.000","0"
"2011-01-19 13:05:00","0.004","583875","0.000","0","0.000","0"
"2011-01-19 13:38:00","0.004","593875","0.000","0","0.000","0"
"2011-01-19 13:39:00","0.004","620875","0.000","0","0.000","0"
"2011-01-19 13:54:00","0.004","700875","0.000","0","0.000","0"
"2011-01-19 14:09:00","0.004","723875","0.000","0","0.000","0"
"2011-01-19 14:24:00","0.004","748875","0.000","0","0.000","0"
"2011-01-19 14:30:00","0.004","778875","0.000","0","0.000","0"
"2011-01-19 14:39:00","0.004","803875","0.000","0","0.000","0"
"2011-01-19 14:58:00","0.004","853875","0.000","0","0.000","0"
"2011-01-19 15:05:00","0.004","883875","0.000","0","0.000","0"
"2011-01-19 15:20:00","0.004","943875","0.000","0","0.000","0"
"2011-01-19 15:41:00","0.004","1283875","0.000","0","0.000","0"
"2011-01-20 09:57:00","0.004","170000","0.000","0","0.000","0"
"2011-01-20 10:49:00","0.004","241278","0.000","0","0.000","0"
"2011-01-20 10:51:00","0.004","247778","0.000","0","0.000","0"
"2011-01-20 11:58:00","0.004","272778","0.000","0","0.000","0"
"2011-01-20 12:35:00","0.004","297778","0.000","0","0.000","0"
"2011-01-21 09:34:00","0.004","4500","0.000","0","0.000","0"
"2011-01-21 09:59:00","0.004","54500","0.000","0","0.000","0"
"2011-01-21 11:39:00","0.004","84500","0.000","0","0.000","0"
"2011-01-21 12:20:00","0.004","210500","0.000","0","0.000","0"
"2011-01-21 12:24:00","0.004","260500","0.000","0","0.000","0"
"2011-01-21 13:30:00","0.004","360500","0.000","0","0.000","0"
"2011-01-21 15:03:00","0.004","385500","0.000","0","0.000","0"
"2011-01-21 15:45:00","0.004","424300","0.000","0","0.000","0"
"2011-01-21 15:49:00","0.004","496300","0.000","0","0.000","0"
"2011-01-21 15:55:00","0.004","501400","0.000","0","0.000","0"
"2011-01-24 09:38:00","0.004","135000","0.000","0","0.000","0"
"2011-01-24 09:49:00","0.004","187000","0.000","0","0.000","0"
"2011-01-24 11:55:00","0.004","212000","0.000","0","0.000","0"
"2011-01-24 12:49:00","0.004","216500","0.000","0","0.000","0"
"2011-01-24 15:16:00","0.004","266500","0.000","0","0.000","0"
"2011-01-24 15:55:00","0.004","271550","0.000","0","0.000","0"
"2011-01-25 09:30:00","0.004","15000","0.000","0","0.000","0"
"2011-01-25 09:46:00","0.004","20000","0.000","0","0.000","0"
"2011-01-25 09:48:00","0.004","40000","0.000","0","0.000","0"
"2011-01-25 11:30:00","0.004","44000","0.000","0","0.000","0"
"2011-01-25 12:18:00","0.004","54000","0.000","0","0.000","0"
"2011-01-25 12:19:00","0.004","60000","0.000","0","0.000","0"
"2011-01-25 12:20:00","0.004","81000","0.000","0","0.000","0"
"2011-01-25 14:51:00","0.004","102000","0.000","0","0.000","0"
"2011-01-25 15:01:00","0.004","302000","0.000","0","0.000","0"
"2011-01-25 15:14:00","0.004","364000","0.000","0","0.000","0"
"2011-01-25 15:20:00","0.004","369125","0.000","0","0.000","0"
"2011-01-25 15:27:00","0.003","374125","0.000","0","0.000","0"
"2011-01-25 15:28:00","0.003","465125","0.000","0","0.000","0"
"2011-01-25 15:32:00","0.004","470865","0.000","0","0.000","0"
"2011-01-25 15:58:00","0.003","539865","0.000","0","0.000","0"
"2011-01-26 09:57:00","0.004","1000","0.000","0","0.000","0"
"2011-01-26 12:52:00","0.004","6000","0.000","0","0.000","0"
"2011-01-26 14:27:00","0.004","36000","0.000","0","0.000","0"
"2011-01-26 15:30:00","0.004","61000","0.000","0","0.000","0"
"2011-01-26 15:57:00","0.004","106411","0.000","0","0.000","0"
"2011-01-27 10:30:00","0.004","100000","0.000","0","0.000","0"
"2011-01-27 11:15:00","0.004","200000","0.000","0","0.000","0"
"2011-01-27 11:21:00","0.004","210000","0.000","0","0.000","0"
"2011-01-27 11:26:00","0.004","332000","0.000","0","0.000","0"
"2011-01-27 11:31:00","0.004","383500","0.000","0","0.000","0"
"2011-01-27 11:36:00","0.004","388500","0.000","0","0.000","0"
"2011-01-27 13:18:00","0.004","428500","0.000","0","0.000","0"
"2011-01-27 14:30:00","0.004","429500","0.000","0","0.000","0"
"2011-01-27 14:36:00","0.004","509500","0.000","0","0.000","0"
"2011-01-27 15:00:00","0.004","629850","0.000","0","0.000","0"
"2011-01-27 15:03:00","0.004","736300","0.000","0","0.000","0"
"2011-01-27 15:34:00","0.004","785978","0.000","0","0.000","0"
"2011-01-27 15:55:00","0.004","945978","0.000","0","0.000","0"
"2011-01-27 15:57:00","0.004","971028","0.000","0","0.000","0"
"2011-01-27 15:59:00","0.004","1521028","0.000","0","0.000","0"
"2011-01-28 09:38:00","0.004","50000","0.000","0","0.000","0"
"2011-01-28 10:29:00","0.004","55000","0.000","0","0.000","0"
"2011-01-28 10:33:00","0.004","187500","0.000","0","0.000","0"
"2011-01-28 10:58:00","0.004","371500","0.000","0","0.000","0"
"2011-01-28 11:02:00","0.004","591500","0.000","0","0.000","0"
"2011-01-28 11:05:00","0.004","616500","0.000","0","0.000","0"
"2011-01-28 11:07:00","0.004","623500","0.000","0","0.000","0"
"2011-01-28 12:49:00","0.004","653500","0.000","0","0.000","0"
"2011-01-28 12:51:00","0.004","654500","0.000","0","0.000","0"
"2011-01-28 13:07:00","0.004","754500","0.000","0","0.000","0"
"2011-01-28 13:08:00","0.004","954500","0.000","0","0.000","0"
"2011-01-28 13:09:00","0.004","1110878","0.000","0","0.000","0"
"2011-01-28 13:29:00","0.004","1115878","0.000","0","0.000","0"
"2011-01-28 13:30:00","0.004","1210878","0.000","0","0.000","0"
"2011-01-28 13:43:00","0.004","1260878","0.000","0","0.000","0"
"2011-01-28 13:44:00","0.004","1285878","0.000","0","0.000","0"
"2011-01-28 13:56:00","0.004","1295878","0.000","0","0.000","0"
"2011-01-28 14:57:00","0.004","1330878","0.000","0","0.000","0"
"2011-01-28 15:23:00","0.004","1575878","0.000","0","0.000","0"
"2011-01-28 15:57:00","0.004","1581223","0.000","0","0.000","0"
"2011-01-31 10:19:00","0.004","10000","0.000","0","0.000","0"
"2011-01-31 10:52:00","0.004","15000","0.000","0","0.000","0"
"2011-01-31 10:59:00","0.004","25000","0.000","0","0.000","0"
"2011-01-31 11:57:00","0.004","80000","0.000","0","0.000","0"
"2011-01-31 12:24:00","0.004","129750","0.000","0","0.000","0"
"2011-01-31 12:25:00","0.004","134000","0.000","0","0.000","0"
"2011-02-01 09:30:00","0.004","4500","0.000","0","0.000","0"
"2011-02-01 10:41:00","0.004","9500","0.000","0","0.000","0"
"2011-02-01 12:02:00","0.004","10500","0.000","0","0.000","0"
"2011-02-01 14:48:00","0.004","20500","0.000","0","0.000","0"
"2011-02-01 15:47:00","0.004","77500","0.000","0","0.000","0"
"2011-02-02 09:30:00","0.004","7200","0.000","0","0.000","0"
"2011-02-02 09:43:00","0.004","107200","0.000","0","0.000","0"
"2011-02-02 10:28:00","0.004","152200","0.000","0","0.000","0"
"2011-02-02 11:06:00","0.004","252200","0.000","0","0.000","0"
"2011-02-02 11:59:00","0.004","652200","0.000","0","0.000","0"
"2011-02-02 12:12:00","0.004","752200","0.000","0","0.000","0"
"2011-02-02 12:27:00","0.004","754700","0.000","0","0.000","0"
"2011-02-02 12:37:00","0.004","1029250","0.000","0","0.000","0"
"2011-02-02 12:42:00","0.004","1034514","0.000","0","0.000","0"
"2011-02-02 13:54:00","0.004","1334514","0.000","0","0.000","0"
"2011-02-02 14:17:00","0.004","1343750","0.000","0","0.000","0"
"2011-02-02 15:10:00","0.004","1543750","0.000","0","0.000","0"
"2011-02-02 15:20:00","0.004","1843750","0.000","0","0.000","0"
"2011-02-02 15:35:00","0.004","2043750","0.000","0","0.000","0"
"2011-02-02 15:53:00","0.004","2143750","0.000","0","0.000","0"
"2011-02-02 15:59:00","0.004","2148797","0.000","0","0.000","0"
"2011-02-03 10:06:00","0.004","200000","0.000","0","0.000","0"
"2011-02-03 10:17:00","0.004","300000","0.000","0","0.000","0"
"2011-02-03 10:25:00","0.004","500000","0.000","0","0.000","0"
"2011-02-03 10:29:00","0.004","600000","0.000","0","0.000","0"
"2011-02-03 11:13:00","0.004","626000","0.000","0","0.000","0"
"2011-02-03 11:15:00","0.004","826000","0.000","0","0.000","0"
"2011-02-03 11:17:00","0.004","830000","0.000","0","0.000","0"
"2011-02-03 12:24:00","0.004","930000","0.000","0","0.000","0"
"2011-02-03 14:35:00","0.004","1000000","0.000","0","0.000","0"
"2011-02-03 15:06:00","0.004","1000500","0.000","0","0.000","0"
"2011-02-04 09:41:00","0.004","230000","0.000","0","0.000","0"
"2011-02-04 09:55:00","0.004","330000","0.000","0","0.000","0"
"2011-02-04 10:34:00","0.004","430000","0.000","0","0.000","0"
"2011-02-04 10:37:00","0.004","530000","0.000","0","0.000","0"
"2011-02-04 11:51:00","0.004","630000","0.000","0","0.000","0"
"2011-02-04 11:55:00","0.004","652500","0.000","0","0.000","0"
"2011-02-04 11:56:00","0.004","679800","0.000","0","0.000","0"
"2011-02-04 11:58:00","0.004","683000","0.000","0","0.000","0"
"2011-02-04 12:41:00","0.004","769300","0.000","0","0.000","0"
"2011-02-04 12:43:00","0.004","885700","0.000","0","0.000","0"
"2011-02-04 12:46:00","0.004","891900","0.000","0","0.000","0"
"2011-02-04 13:44:00","0.004","916900","0.000","0","0.000","0"
"2011-02-04 14:14:00","0.004","926900","0.000","0","0.000","0"
"2011-02-04 15:02:00","0.004","946900","0.000","0","0.000","0"
"2011-02-04 15:05:00","0.004","951700","0.000","0","0.000","0"
"2011-02-07 09:30:00","0.004","82000","0.000","0","0.000","0"
"2011-02-07 09:36:00","0.004","112000","0.000","0","0.000","0"
"2011-02-07 13:28:00","0.004","252000","0.000","0","0.000","0"
"2011-02-08 12:07:00","0.004","15000","0.000","0","0.000","0"
"2011-02-08 12:30:00","0.004","63787","0.000","0","0.000","0"
"2011-02-08 13:00:00","0.004","113612","0.000","0","0.000","0"
"2011-02-08 13:35:00","0.004","153592","0.000","0","0.000","0"
"2011-02-08 14:10:00","0.004","207067","0.000","0","0.000","0"
"2011-02-08 14:11:00","0.004","217067","0.000","0","0.000","0"
"2011-02-08 15:05:00","0.004","222067","0.000","0","0.000","0"
"2011-02-08 15:34:00","0.004","257067","0.000","0","0.000","0"
"2011-02-09 09:50:00","0.004","5555","0.000","0","0.000","0"
"2011-02-09 10:06:00","0.004","10555","0.000","0","0.000","0"
"2011-02-09 10:16:00","0.004","15555","0.000","0","0.000","0"
"2011-02-09 11:59:00","0.004","75555","0.000","0","0.000","0"
"2011-02-09 12:13:00","0.004","80555","0.000","0","0.000","0"
"2011-02-09 12:45:00","0.004","95555","0.000","0","0.000","0"
"2011-02-09 12:58:00","0.004","105055","0.000","0","0.000","0"
"2011-02-09 13:37:00","0.004","154733","0.000","0","0.000","0"
"2011-02-09 13:43:00","0.004","159733","0.000","0","0.000","0"
"2011-02-09 14:30:00","0.004","169733","0.000","0","0.000","0"
"2011-02-09 14:46:00","0.004","179733","0.000","0","0.000","0"
"2011-02-09 15:00:00","0.004","184968","0.000","0","0.000","0"
"2011-02-09 15:22:00","0.004","196968","0.000","0","0.000","0"
"2011-02-09 15:36:00","0.004","202468","0.000","0","0.000","0"
"2011-02-10 09:30:00","0.004","52000","0.000","0","0.000","0"
"2011-02-10 09:40:00","0.004","105137","0.000","0","0.000","0"
"2011-02-10 10:01:00","0.004","187637","0.000","0","0.000","0"
"2011-02-10 10:05:00","0.004","282637","0.000","0","0.000","0"
"2011-02-10 10:36:00","0.004","327637","0.000","0","0.000","0"
"2011-02-10 10:52:00","0.004","374637","0.000","0","0.000","0"
"2011-02-10 11:19:00","0.004","380382","0.000","0","0.000","0"
"2011-02-10 11:44:00","0.004","480382","0.000","0","0.000","0"
"2011-02-10 11:52:00","0.004","510382","0.000","0","0.000","0"
"2011-02-10 13:31:00","0.004","575382","0.000","0","0.000","0"
"2011-02-10 14:20:00","0.004","600382","0.000","0","0.000","0"
"2011-02-10 14:25:00","0.004","699382","0.000","0","0.000","0"
"2011-02-10 14:32:00","0.004","707232","0.000","0","0.000","0"
"2011-02-10 14:45:00","0.004","757232","0.000","0","0.000","0"
"2011-02-10 14:48:00","0.004","762232","0.000","0","0.000","0"
"2011-02-10 15:34:00","0.004","770232","0.000","0","0.000","0"
"2011-02-10 15:47:00","0.004","775732","0.000","0","0.000","0"
"2011-02-10 15:48:00","0.004","786732","0.000","0","0.000","0"
"2011-02-10 15:54:00","0.004","796732","0.000","0","0.000","0"
"2011-02-11 09:43:00","0.004","100000","0.000","0","0.000","0"
"2011-02-11 09:47:00","0.004","115000","0.000","0","0.000","0"
"2011-02-11 10:04:00","0.004","288000","0.000","0","0.000","0"
"2011-02-11 10:10:00","0.004","388000","0.000","0","0.000","0"
"2011-02-11 10:14:00","0.004","393500","0.000","0","0.000","0"
"2011-02-11 10:23:00","0.004","493500","0.000","0","0.000","0"
"2011-02-11 10:24:00","0.004","578500","0.000","0","0.000","0"
"2011-02-11 10:29:00","0.004","581000","0.000","0","0.000","0"
"2011-02-11 10:37:00","0.004","681000","0.000","0","0.000","0"
"2011-02-11 11:07:00","0.004","687000","0.000","0","0.000","0"
"2011-02-11 11:13:00","0.004","696000","0.000","0","0.000","0"
"2011-02-11 11:16:00","0.004","796000","0.000","0","0.000","0"
"2011-02-11 11:22:00","0.004","896000","0.000","0","0.000","0"
"2011-02-11 11:25:00","0.004","901165","0.000","0","0.000","0"
"2011-02-11 12:06:00","0.004","951165","0.000","0","0.000","0"
"2011-02-11 12:50:00","0.004","1051165","0.000","0","0.000","0"
"2011-02-11 13:33:00","0.004","1101165","0.000","0","0.000","0"
"2011-02-11 13:35:00","0.004","1151165","0.000","0","0.000","0"
"2011-02-11 13:38:00","0.004","1161165","0.000","0","0.000","0"
"2011-02-11 14:19:00","0.004","1171665","0.000","0","0.000","0"
"2011-02-11 14:25:00","0.004","1321665","0.000","0","0.000","0"
"2011-02-11 14:34:00","0.004","1333665","0.000","0","0.000","0"
"2011-02-11 15:57:00","0.004","1373665","0.000","0","0.000","0"
"2011-02-11 15:58:00","0.004","1523665","0.000","0","0.000","0"
"2011-02-14 09:44:00","0.004","24000","0.000","0","0.000","0"
"2011-02-14 09:59:00","0.004","179000","0.000","0","0.000","0"
"2011-02-14 10:14:00","0.004","210300","0.000","0","0.000","0"
"2011-02-14 10:41:00","0.004","330800","0.000","0","0.000","0"
"2011-02-14 11:38:00","0.004","480800","0.000","0","0.000","0"
"2011-02-14 11:40:00","0.004","580800","0.000","0","0.000","0"
"2011-02-14 11:44:00","0.004","586100","0.000","0","0.000","0"
"2011-02-14 13:01:00","0.004","751100","0.000","0","0.000","0"
"2011-02-14 13:16:00","0.004","875600","0.000","0","0.000","0"
"2011-02-14 15:39:00","0.004","910900","0.000","0","0.000","0"
"2011-02-14 15:47:00","0.004","916400","0.000","0","0.000","0"
"2011-02-14 15:48:00","0.004","991400","0.000","0","0.000","0"
"2011-02-14 15:54:00","0.004","996900","0.000","0","0.000","0"
"2011-02-14 15:59:00","0.004","1004400","0.000","0","0.000","0"
"2011-02-15 09:34:00","0.004","10000","0.000","0","0.000","0"
"2011-02-15 10:18:00","0.004","135000","0.000","0","0.000","0"
"2011-02-15 10:26:00","0.004","335000","0.000","0","0.000","0"
"2011-02-15 10:27:00","0.004","550000","0.000","0","0.000","0"
"2011-02-15 10:30:00","0.004","595000","0.000","0","0.000","0"
"2011-02-15 10:34:00","0.004","645000","0.000","0","0.000","0"
"2011-02-15 10:38:00","0.004","680000","0.000","0","0.000","0"
"2011-02-15 10:39:00","0.004","685000","0.000","0","0.000","0"
"2011-02-15 10:42:00","0.004","725000","0.000","0","0.000","0"
"2011-02-15 10:43:00","0.004","751750","0.000","0","0.000","0"
"2011-02-15 10:44:00","0.004","781750","0.000","0","0.000","0"
"2011-02-15 10:46:00","0.004","1038000","0.000","0","0.000","0"
"2011-02-15 10:50:00","0.004","1088000","0.000","0","0.000","0"
"2011-02-15 10:58:00","0.004","1138000","0.000","0","0.000","0"
"2011-02-15 11:11:00","0.004","1188000","0.000","0","0.000","0"
"2011-02-15 11:22:00","0.004","1238000","0.000","0","0.000","0"
"2011-02-15 11:28:00","0.004","1265600","0.000","0","0.000","0"
"2011-02-15 11:29:00","0.004","1365600","0.000","0","0.000","0"
"2011-02-15 11:41:00","0.004","1442600","0.000","0","0.000","0"
"2011-02-15 11:51:00","0.004","1586850","0.000","0","0.000","0"
"2011-02-15 11:54:00","0.004","1591850","0.000","0","0.000","0"
"2011-02-15 12:03:00","0.004","1626850","0.000","0","0.000","0"
"2011-02-15 12:51:00","0.004","1633850","0.000","0","0.000","0"
"2011-02-15 14:05:00","0.004","1765850","0.000","0","0.000","0"
"2011-02-15 14:18:00","0.004","1775850","0.000","0","0.000","0"
"2011-02-15 14:42:00","0.004","1801850","0.000","0","0.000","0"
"2011-02-15 15:16:00","0.004","1820850","0.000","0","0.000","0"
"2011-02-15 15:18:00","0.004","1920850","0.000","0","0.000","0"
"2011-02-15 15:22:00","0.004","2020850","0.000","0","0.000","0"
"2011-02-15 15:34:00","0.004","2035850","0.000","0","0.000","0"
"2011-02-16 09:30:00","0.004","100000","0.000","0","0.000","0"
"2011-02-16 09:37:00","0.004","200000","0.000","0","0.000","0"
"2011-02-16 10:03:00","0.004","300000","0.000","0","0.000","0"
"2011-02-16 10:17:00","0.004","414000","0.000","0","0.000","0"
"2011-02-16 11:39:00","0.004","705000","0.000","0","0.000","0"
"2011-02-16 11:45:00","0.004","710068","0.000","0","0.000","0"
"2011-02-16 11:52:00","0.004","747568","0.000","0","0.000","0"
"2011-02-16 12:44:00","0.004","897568","0.000","0","0.000","0"
"2011-02-16 13:27:00","0.004","1047568","0.000","0","0.000","0"
"2011-02-16 13:33:00","0.004","1052618","0.000","0","0.000","0"
"2011-02-16 13:36:00","0.004","1272618","0.000","0","0.000","0"
"2011-02-16 13:39:00","0.004","1277818","0.000","0","0.000","0"
"2011-02-16 13:50:00","0.004","1327818","0.000","0","0.000","0"
"2011-02-16 14:00:00","0.004","1557818","0.000","0","0.000","0"
"2011-02-16 14:03:00","0.004","1562618","0.000","0","0.000","0"
"2011-02-16 15:37:00","0.004","1587618","0.000","0","0.000","0"
"2011-02-16 15:51:00","0.004","1787618","0.000","0","0.000","0"
"2011-02-16 15:54:00","0.004","1862618","0.000","0","0.000","0"
"2011-02-16 15:56:00","0.004","1900618","0.000","0","0.000","0"
"2011-02-17 09:30:00","0.004","50000","0.000","0","0.000","0"
"2011-02-17 09:44:00","0.004","80000","0.000","0","0.000","0"
"2011-02-17 11:58:00","0.004","88000","0.000","0","0.000","0"
"2011-02-17 13:09:00","0.004","93100","0.000","0","0.000","0"
"2011-02-17 14:47:00","0.004","193100","0.000","0","0.000","0"
"2011-02-17 15:00:00","0.004","398100","0.000","0","0.000","0"
"2011-02-17 15:08:00","0.004","430100","0.000","0","0.000","0"
"2011-02-17 15:10:00","0.004","680100","0.000","0","0.000","0"
"2011-02-17 15:14:00","0.004","720100","0.000","0","0.000","0"
"2011-02-17 15:21:00","0.004","723880","0.000","0","0.000","0"
"2011-02-17 15:29:00","0.004","727486","0.000","0","0.000","0"
"2011-02-17 15:41:00","0.004","1227486","0.000","0","0.000","0"
"2011-02-17 15:46:00","0.004","1232986","0.000","0","0.000","0"
"2011-02-18 11:35:00","0.004","10000","0.000","0","0.000","0"
"2011-02-18 12:12:00","0.004","20000","0.000","0","0.000","0"
"2011-02-18 14:44:00","0.004","41278","0.000","0","0.000","0"
"2011-02-18 15:06:00","0.004","91278","0.000","0","0.000","0"
"2011-02-18 15:12:00","0.004","314778","0.000","0","0.000","0"
"2011-02-18 15:16:00","0.004","350528","0.000","0","0.000","0"
"2011-02-18 15:54:00","0.004","360628","0.000","0","0.000","0"
"2011-02-22 09:30:00","0.004","61240","0.000","0","0.000","0"
"2011-02-22 09:39:00","0.004","288240","0.000","0","0.000","0"
"2011-02-22 10:39:00","0.004","293490","0.000","0","0.000","0"
"2011-02-22 10:51:00","0.004","318490","0.000","0","0.000","0"
"2011-02-22 13:02:00","0.004","361490","0.000","0","0.000","0"
"2011-02-22 13:14:00","0.004","397877","0.000","0","0.000","0"
"2011-02-22 13:45:00","0.004","662877","0.000","0","0.000","0"
"2011-02-22 14:43:00","0.004","669077","0.000","0","0.000","0"
"2011-02-22 15:47:00","0.004","719077","0.000","0","0.000","0"
"2011-02-22 15:49:00","0.004","849077","0.000","0","0.000","0"
"2011-02-23 10:36:00","0.004","6000","0.000","0","0.000","0"
"2011-02-23 11:28:00","0.004","376000","0.000","0","0.000","0"
"2011-02-23 11:44:00","0.004","476000","0.000","0","0.000","0"
"2011-02-23 13:51:00","0.004","486000","0.000","0","0.000","0"
"2011-02-23 15:09:00","0.004","546000","0.000","0","0.000","0"
"2011-02-23 15:35:00","0.004","616000","0.000","0","0.000","0"
"2011-02-23 15:39:00","0.004","626000","0.000","0","0.000","0"
"2011-02-24 09:30:00","0.004","30221","0.000","0","0.000","0"
"2011-02-24 09:41:00","0.004","40221","0.000","0","0.000","0"
"2011-02-24 10:56:00","0.004","42221","0.000","0","0.000","0"
"2011-02-24 11:33:00","0.004","110905","0.000","0","0.000","0"
"2011-02-24 14:23:00","0.004","116705","0.000","0","0.000","0"
"2011-02-24 14:41:00","0.004","141505","0.000","0","0.000","0"
"2011-02-24 14:45:00","0.004","151505","0.000","0","0.000","0"
"2011-02-24 15:03:00","0.004","162505","0.000","0","0.000","0"
"2011-02-24 15:08:00","0.004","456505","0.000","0","0.000","0"
"2011-02-24 15:15:00","0.004","486505","0.000","0","0.000","0"
"2011-02-24 15:16:00","0.004","516505","0.000","0","0.000","0"
"2011-02-24 15:41:00","0.004","525305","0.000","0","0.000","0"
"2011-02-24 15:45:00","0.004","575305","0.000","0","0.000","0"
"2011-02-24 15:47:00","0.004","587305","0.000","0","0.000","0"
"2011-02-24 15:52:00","0.004","597305","0.000","0","0.000","0"
"2011-02-24 15:54:00","0.004","602805","0.000","0","0.000","0"
"2011-02-24 15:56:00","0.004","612805","0.000","0","0.000","0"
"2011-02-24 15:58:00","0.004","662805","0.000","0","0.000","0"
"2011-02-24 15:59:00","0.004","705805","0.000","0","0.000","0"
"2011-02-25 09:31:00","0.004","596000","0.000","0","0.000","0"
"2011-02-25 10:19:00","0.004","796000","0.000","0","0.000","0"
"2011-02-25 11:24:00","0.004","1796000","0.000","0","0.000","0"
"2011-02-25 12:23:00","0.004","1805500","0.000","0","0.000","0"
"2011-02-25 13:08:00","0.004","1830500","0.000","0","0.000","0"
"2011-02-25 13:20:00","0.004","2030500","0.000","0","0.000","0"
"2011-02-25 13:21:00","0.004","2035500","0.000","0","0.000","0"
"2011-02-25 13:26:00","0.004","2040500","0.000","0","0.000","0"
"2011-02-25 14:21:00","0.004","2090016","0.000","0","0.000","0"
"2011-02-28 09:30:00","0.004","1900","0.000","0","0.000","0"
"2011-02-28 09:47:00","0.004","11900","0.000","0","0.000","0"
"2011-02-28 09:55:00","0.004","161900","0.000","0","0.000","0"
"2011-02-28 10:13:00","0.004","171900","0.000","0","0.000","0"
"2011-02-28 11:48:00","0.004","221900","0.000","0","0.000","0"
"2011-02-28 11:49:00","0.004","321900","0.000","0","0.000","0"
"2011-02-28 13:00:00","0.004","341900","0.000","0","0.000","0"
"2011-02-28 13:37:00","0.004","346300","0.000","0","0.000","0"
"2011-02-28 15:45:00","0.004","1296300","0.000","0","0.000","0"
"2011-03-01 09:30:00","0.004","2500","0.000","0","0.000","0"
"2011-03-01 10:38:00","0.004","2650","0.000","0","0.000","0"
"2011-03-01 11:40:00","0.004","47650","0.000","0","0.000","0"
"2011-03-01 11:41:00","0.004","77650","0.000","0","0.000","0"
"2011-03-01 13:26:00","0.004","177650","0.000","0","0.000","0"
"2011-03-01 15:07:00","0.004","277650","0.000","0","0.000","0"
"2011-03-02 09:30:00","0.003","50000","0.000","0","0.000","0"
"2011-03-02 15:25:00","0.004","100000","0.000","0","0.000","0"
"2011-03-03 09:39:00","0.004","25100","0.000","0","0.000","0"
"2011-03-03 09:59:00","0.004","30100","0.000","0","0.000","0"
"2011-03-03 13:49:00","0.004","31100","0.000","0","0.000","0"
"2011-03-04 09:39:00","0.004","17142","0.000","0","0.000","0"
"2011-03-08 09:30:00","0.004","40000","0.000","0","0.000","0"
"2011-03-08 11:05:00","0.003","360000","0.000","0","0.000","0"
"2011-03-08 12:42:00","0.003","474500","0.000","0","0.000","0"
"2011-03-09 10:52:00","0.003","222222","0.000","0","0.000","0"
"2011-03-09 11:45:00","0.003","236222","0.000","0","0.000","0"
"2011-03-09 11:46:00","0.003","346222","0.000","0","0.000","0"
"2011-03-09 11:49:00","0.003","642222","0.000","0","0.000","0"
"2011-03-09 13:51:00","0.003","1006222","0.000","0","0.000","0"
"2011-03-09 13:58:00","0.003","1013888","0.000","0","0.000","0"
"2011-03-09 14:27:00","0.003","1163888","0.000","0","0.000","0"
"2011-03-09 15:44:00","0.003","1326888","0.000","0","0.000","0"
"2011-03-09 15:49:00","0.003","1329888","0.000","0","0.000","0"
"2011-03-10 09:45:00","0.003","124285","0.000","0","0.000","0"
"2011-03-10 10:17:00","0.003","624285","0.000","0","0.000","0"
"2011-03-10 11:02:00","0.003","674285","0.000","0","0.000","0"
"2011-03-10 11:41:00","0.003","679285","0.000","0","0.000","0"
"2011-03-10 15:46:00","0.003","682855","0.000","0","0.000","0"
"2011-03-11 09:30:00","0.003","213200","0.000","0","0.000","0"
"2011-03-11 09:40:00","0.003","263200","0.000","0","0.000","0"
"2011-03-11 09:45:00","0.002","313200","0.000","0","0.000","0"
"2011-03-11 10:12:00","0.003","935422","0.000","0","0.000","0"
"2011-03-11 10:50:00","0.003","1322222","0.000","0","0.000","0"
"2011-03-11 11:43:00","0.003","1372222","0.000","0","0.000","0"
"2011-03-11 14:31:00","0.003","1472222","0.000","0","0.000","0"
"2011-03-11 15:35:00","0.002","1522222","0.000","0","0.000","0"
"2011-03-11 15:56:00","0.002","1672222","0.000","0","0.000","0"
"2011-03-11 16:56:00","0.002","1685422","0.000","0","0.000","0"
"2011-03-14 09:30:00","0.002","8800","0.000","0","0.000","0"
"2011-03-14 09:42:00","0.002","13800","0.000","0","0.000","0"
"2011-03-14 10:15:00","0.002","22000","0.000","0","0.000","0"
"2011-03-14 10:34:00","0.002","72000","0.000","0","0.000","0"
"2011-03-14 13:03:00","0.002","122000","0.000","0","0.000","0"
"2011-03-14 15:32:00","0.002","222000","0.000","0","0.000","0"
"2011-03-14 15:50:00","0.002","272000","0.000","0","0.000","0"
"2011-03-14 15:51:00","0.002","372000","0.000","0","0.000","0"
"2011-03-14 15:52:00","0.002","408800","0.000","0","0.000","0"
"2011-03-15 09:58:00","0.002","50000","0.000","0","0.000","0"
"2011-03-15 11:55:00","0.002","140013","0.000","0","0.000","0"
"2011-03-15 15:39:00","0.002","145013","0.000","0","0.000","0"
"2011-03-15 15:40:00","0.002","155013","0.000","0","0.000","0"
"2011-03-15 15:55:00","0.002","185013","0.000","0","0.000","0"
"2011-03-16 09:33:00","0.002","200000","0.000","0","0.000","0"
"2011-03-16 09:34:00","0.002","503200","0.000","0","0.000","0"
"2011-03-16 10:06:00","0.002","535000","0.000","0","0.000","0"
"2011-03-16 10:29:00","0.003","595000","0.000","0","0.000","0"
"2011-03-16 10:32:00","0.003","1120000","0.000","0","0.000","0"
"2011-03-16 10:55:00","0.003","1501608","0.000","0","0.000","0"
"2011-03-16 11:57:00","0.003","1900000","0.000","0","0.000","0"
"2011-03-16 14:20:00","0.002","1910000","0.000","0","0.000","0"
"2011-03-16 14:38:00","0.002","2650000","0.000","0","0.000","0"
"2011-03-16 15:33:00","0.002","2975000","0.000","0","0.000","0"
"2011-03-16 15:44:00","0.003","2995000","0.000","0","0.000","0"
"2011-03-17 09:30:00","0.004","75000","0.000","0","0.000","0"
"2011-03-17 10:08:00","0.003","145000","0.000","0","0.000","0"
"2011-03-17 11:31:00","0.003","245000","0.000","0","0.000","0"
"2011-03-17 11:58:00","0.003","295000","0.000","0","0.000","0"
"2011-03-17 13:00:00","0.003","325000","0.000","0","0.000","0"
"2011-03-17 13:06:00","0.003","340000","0.000","0","0.000","0"
"2011-03-17 13:15:00","0.003","484823","0.000","0","0.000","0"
"2011-03-17 13:16:00","0.003","673333","0.000","0","0.000","0"
"2011-03-17 15:43:00","0.003","683333","0.000","0","0.000","0"
"2011-03-17 15:49:00","0.003","684823","0.000","0","0.000","0"
"2011-03-18 09:30:00","0.003","85000","0.000","0","0.000","0"
"2011-03-18 10:24:00","0.003","160000","0.000","0","0.000","0"
"2011-03-18 12:19:00","0.003","175000","0.000","0","0.000","0"
"2011-03-18 12:38:00","0.003","185000","0.000","0","0.000","0"
"2011-03-18 13:26:00","0.003","235000","0.000","0","0.000","0"
"2011-03-18 13:27:00","0.003","283200","0.000","0","0.000","0"
"2011-03-21 09:37:00","0.003","4000","0.000","0","0.000","0"
"2011-03-21 10:26:00","0.003","128100","0.000","0","0.000","0"
"2011-03-21 10:34:00","0.003","141100","0.000","0","0.000","0"
"2011-03-21 12:21:00","0.003","301648","0.000","0","0.000","0"
"2011-03-21 13:20:00","0.002","1410343","0.000","0","0.000","0"
"2011-03-21 14:15:00","0.003","1440343","0.000","0","0.000","0"
"2011-03-21 14:20:00","0.003","1510343","0.000","0","0.000","0"
"2011-03-21 14:28:00","0.003","1712343","0.000","0","0.000","0"
"2011-03-21 14:58:00","0.003","1862343","0.000","0","0.000","0"
"2011-03-21 15:07:00","0.003","2004802","0.000","0","0.000","0"
"2011-03-21 15:08:00","0.003","2359802","0.000","0","0.000","0"
"2011-03-21 15:10:00","0.003","2362343","0.000","0","0.000","0"
"2011-03-21 15:47:00","0.002","2407343","0.000","0","0.000","0"
"2011-03-22 09:30:00","0.002","4000","0.000","0","0.000","0"
"2011-03-22 13:40:00","0.003","104000","0.000","0","0.000","0"
"2011-03-22 14:00:00","0.002","104600","0.000","0","0.000","0"
"2011-03-22 14:14:00","0.002","114600","0.000","0","0.000","0"
"2011-03-23 09:30:00","0.003","10000","0.000","0","0.000","0"
"2011-03-23 09:39:00","0.004","30500","0.000","0","0.000","0"
"2011-03-23 11:14:00","0.003","149071","0.000","0","0.000","0"
"2011-03-23 12:08:00","0.003","156571","0.000","0","0.000","0"
"2011-03-23 12:27:00","0.003","232071","0.000","0","0.000","0"
"2011-03-24 11:49:00","0.003","110000","0.000","0","0.000","0"
"2011-03-24 13:24:00","0.002","200000","0.000","0","0.000","0"
"2011-03-24 13:59:00","0.003","220000","0.000","0","0.000","0"
"2011-03-25 09:30:00","0.003","50000","0.000","0","0.000","0"
"2011-03-25 10:43:00","0.003","90000","0.000","0","0.000","0"
"2011-03-25 11:31:00","0.004","105000","0.000","0","0.000","0"
"2011-03-28 09:30:00","0.002","500","0.000","0","0.000","0"
"2011-03-28 09:55:00","0.003","20500","0.000","0","0.000","0"
"2011-03-28 12:13:00","0.003","30498","0.000","0","0.000","0"
"2011-03-28 12:26:00","0.003","64498","0.000","0","0.000","0"
"2011-03-28 14:15:00","0.003","89498","0.000","0","0.000","0"
"2011-03-28 14:47:00","0.003","104498","0.000","0","0.000","0"
"2011-03-29 10:42:00","0.003","30000","0.000","0","0.000","0"
"2011-03-29 14:30:00","0.004","967672","0.000","0","0.000","0"
"2011-03-29 14:36:00","0.004","1069672","0.000","0","0.000","0"
"2011-03-29 14:40:00","0.004","1076172","0.000","0","0.000","0"
"2011-03-29 14:44:00","0.004","1091172","0.000","0","0.000","0"
"2011-03-29 15:02:00","0.004","1231172","0.000","0","0.000","0"
"2011-03-29 15:03:00","0.004","1281172","0.000","0","0.000","0"
"2011-03-29 15:24:00","0.004","1481172","0.000","0","0.000","0"
"2011-03-29 15:27:00","0.004","1581172","0.000","0","0.000","0"
"2011-03-29 15:30:00","0.004","1666172","0.000","0","0.000","0"
"2011-03-29 15:43:00","0.004","1715800","0.000","0","0.000","0"
"2011-03-30 09:33:00","0.003","5000","0.000","0","0.000","0"
"2011-03-30 10:00:00","0.004","35000","0.000","0","0.000","0"
"2011-03-30 10:03:00","0.004","59000","0.000","0","0.000","0"
"2011-03-30 10:14:00","0.004","105000","0.000","0","0.000","0"
"2011-03-30 11:22:00","0.003","110000","0.000","0","0.000","0"
"2011-03-30 13:09:00","0.003","160000","0.000","0","0.000","0"
"2011-03-30 13:51:00","0.003","166002","0.000","0","0.000","0"
"2011-03-30 15:47:00","0.004","196002","0.000","0","0.000","0"
"2011-03-31 10:49:00","0.004","10000","0.000","0","0.000","0"
"2011-03-31 10:59:00","0.004","11150","0.000","0","0.000","0"
"2011-03-31 14:08:00","0.003","41634","0.000","0","0.000","0"
"2011-04-04 09:30:00","0.003","400","0.000","0","0.000","0"
"2011-04-04 11:55:00","0.003","20400","0.000","0","0.000","0"
"2011-04-04 14:43:00","0.003","22400","0.000","0","0.000","0"
"2011-04-04 15:44:00","0.003","32400","0.000","0","0.000","0"
"2011-04-05 09:30:00","0.003","25000","0.000","0","0.000","0"
"2011-04-05 09:31:00","0.003","50000","0.000","0","0.000","0"
"2011-04-05 09:34:00","0.003","90000","0.000","0","0.000","0"
"2011-04-05 09:39:00","0.004","95200","0.000","0","0.000","0"
"2011-04-05 09:55:00","0.003","98670","0.000","0","0.000","0"
"2011-04-05 10:07:00","0.004","103170","0.000","0","0.000","0"
"2011-04-05 14:43:00","0.003","105160","0.000","0","0.000","0"
"2011-04-05 15:07:00","0.003","105560","0.000","0","0.000","0"
"2011-04-06 10:35:00","0.003","75000","0.000","0","0.000","0"
"2011-04-06 12:19:00","0.003","88200","0.000","0","0.000","0"
"2011-04-06 12:54:00","0.003","135000","0.000","0","0.000","0"
"2011-04-06 12:56:00","0.003","362200","0.000","0","0.000","0"
"2011-04-06 13:24:00","0.003","367200","0.000","0","0.000","0"
"2011-04-06 13:27:00","0.003","382200","0.000","0","0.000","0"
"2011-04-06 14:09:00","0.003","632200","0.000","0","0.000","0"
"2011-04-06 14:14:00","0.003","1132200","0.000","0","0.000","0"
"2011-04-06 15:18:00","0.003","1137199","0.000","0","0.000","0"
"2011-04-06 15:19:00","0.003","1142198","0.000","0","0.000","0"
"2011-04-07 09:48:00","0.004","45000","0.000","0","0.000","0"
"2011-04-07 10:02:00","0.004","135000","0.000","0","0.000","0"
"2011-04-07 11:03:00","0.004","175000","0.000","0","0.000","0"
"2011-04-07 11:30:00","0.004","195000","0.000","0","0.000","0"
"2011-04-07 11:38:00","0.004","395000","0.000","0","0.000","0"
"2011-04-07 11:51:00","0.004","495000","0.000","0","0.000","0"
"2011-04-07 12:26:00","0.004","497500","0.000","0","0.000","0"
"2011-04-07 13:33:00","0.004","597500","0.000","0","0.000","0"
"2011-04-07 13:40:00","0.004","646666","0.000","0","0.000","0"
"2011-04-08 09:35:00","0.004","63300","0.000","0","0.000","0"
"2011-04-08 10:04:00","0.004","118300","0.000","0","0.000","0"
"2011-04-08 10:27:00","0.004","138300","0.000","0","0.000","0"
"2011-04-08 11:07:00","0.004","144380","0.000","0","0.000","0"
"2011-04-08 11:42:00","0.004","149505","0.000","0","0.000","0"
"2011-04-08 12:22:00","0.004","164505","0.000","0","0.000","0"
"2011-04-08 15:33:00","0.004","208505","0.000","0","0.000","0"
"2011-04-08 15:44:00","0.004","308505","0.000","0","0.000","0"
"2011-04-11 09:35:00","0.004","35000","0.000","0","0.000","0"
"2011-04-11 09:42:00","0.004","45250","0.000","0","0.000","0"
"2011-04-11 11:09:00","0.004","55250","0.000","0","0.000","0"
"2011-04-11 11:14:00","0.004","67289","0.000","0","0.000","0"
"2011-04-11 11:16:00","0.004","72789","0.000","0","0.000","0"
"2011-04-11 11:21:00","0.004","83289","0.000","0","0.000","0"
"2011-04-11 12:05:00","0.004","88289","0.000","0","0.000","0"
"2011-04-11 12:06:00","0.004","98289","0.000","0","0.000","0"
"2011-04-11 12:11:00","0.004","148289","0.000","0","0.000","0"
"2011-04-11 14:43:00","0.004","248289","0.000","0","0.000","0"
"2011-04-11 15:57:00","0.004","292350","0.000","0","0.000","0"
"2011-04-11 15:58:00","0.004","347350","0.000","0","0.000","0"
"2011-04-12 09:47:00","0.004","100000","0.000","0","0.000","0"
"2011-04-12 10:03:00","0.004","200000","0.000","0","0.000","0"
"2011-04-12 10:32:00","0.004","218000","0.000","0","0.000","0"
"2011-04-12 10:41:00","0.004","258000","0.000","0","0.000","0"
"2011-04-12 13:11:00","0.004","278000","0.000","0","0.000","0"
"2011-04-12 13:37:00","0.004","285000","0.000","0","0.000","0"
"2011-04-12 14:03:00","0.004","504516","0.000","0","0.000","0"
"2011-04-12 14:44:00","0.004","512016","0.000","0","0.000","0"
"2011-04-12 14:45:00","0.004","538516","0.000","0","0.000","0"
"2011-04-12 15:49:00","0.004","543516","0.000","0","0.000","0"
"2011-04-13 09:31:00","0.004","100000","0.000","0","0.000","0"
"2011-04-13 09:37:00","0.004","228500","0.000","0","0.000","0"
"2011-04-13 11:34:00","0.004","253500","0.000","0","0.000","0"
"2011-04-13 11:50:00","0.004","264000","0.000","0","0.000","0"
"2011-04-13 14:09:00","0.004","274500","0.000","0","0.000","0"
"2011-04-14 13:30:00","0.004","105000","0.000","0","0.000","0"
"2011-04-15 09:30:00","0.004","30200","0.000","0","0.000","0"
"2011-04-15 11:25:00","0.004","86416","0.000","0","0.000","0"
"2011-04-15 11:44:00","0.004","94082","0.000","0","0.000","0"
"2011-04-15 13:14:00","0.004","199082","0.000","0","0.000","0"
"2011-04-15 13:42:00","0.004","283082","0.000","0","0.000","0"
"2011-04-15 13:55:00","0.004","484792","0.000","0","0.000","0"
"2011-04-15 14:33:00","0.004","491292","0.000","0","0.000","0"
"2011-04-15 15:18:00","0.003","501292","0.000","0","0.000","0"
"2011-04-18 09:30:00","0.004","5000","0.000","0","0.000","0"
"2011-04-18 09:34:00","0.004","193500","0.000","0","0.000","0"
"2011-04-18 09:41:00","0.004","1714281","0.000","0","0.000","0"
"2011-04-18 09:52:00","0.004","1749281","0.000","0","0.000","0"
"2011-04-18 10:31:00","0.004","2259281","0.000","0","0.000","0"
"2011-04-18 10:35:00","0.004","2274281","0.000","0","0.000","0"
"2011-04-18 10:53:00","0.004","3074281","0.000","0","0.000","0"
"2011-04-18 10:55:00","0.004","3529281","0.000","0","0.000","0"
"2011-04-18 11:02:00","0.004","3624281","0.000","0","0.000","0"
"2011-04-18 11:25:00","0.004","4413939","0.000","0","0.000","0"
"2011-04-18 11:27:00","0.004","4480939","0.000","0","0.000","0"
"2011-04-18 11:39:00","0.004","4555939","0.000","0","0.000","0"
"2011-04-18 11:56:00","0.004","4630939","0.000","0","0.000","0"
"2011-04-18 13:12:00","0.004","4631115","0.000","0","0.000","0"
"2011-04-18 14:19:00","0.004","4641115","0.000","0","0.000","0"
"2011-04-18 14:38:00","0.004","4795416","0.000","0","0.000","0"
"2011-04-18 15:24:00","0.004","4995416","0.000","0","0.000","0"
"2011-04-18 15:27:00","0.004","5045416","0.000","0","0.000","0"
"2011-04-18 15:28:00","0.004","5095416","0.000","0","0.000","0"
"2011-04-18 15:49:00","0.004","5100416","0.000","0","0.000","0"
"2011-04-19 09:30:00","0.004","26098","0.000","0","0.000","0"
"2011-04-19 09:43:00","0.004","126098","0.000","0","0.000","0"
"2011-04-19 09:50:00","0.004","725453","0.000","0","0.000","0"
"2011-04-19 09:51:00","0.004","850453","0.000","0","0.000","0"
"2011-04-19 09:55:00","0.004","1120723","0.000","0","0.000","0"
"2011-04-19 10:22:00","0.004","1265453","0.000","0","0.000","0"
"2011-04-19 10:28:00","0.004","1720753","0.000","0","0.000","0"
"2011-04-19 10:35:00","0.004","2070753","0.000","0","0.000","0"
"2011-04-19 10:36:00","0.004","2120753","0.000","0","0.000","0"
"2011-04-19 10:55:00","0.004","2402953","0.000","0","0.000","0"
"2011-04-19 11:10:00","0.004","2620453","0.000","0","0.000","0"
"2011-04-19 11:17:00","0.004","3120453","0.000","0","0.000","0"
"2011-04-19 11:18:00","0.004","3831797","0.000","0","0.000","0"
"2011-04-19 11:47:00","0.005","3841797","0.000","0","0.000","0"
"2011-04-19 11:51:00","0.005","3941621","0.000","0","0.000","0"
"2011-04-19 11:58:00","0.005","4141621","0.000","0","0.000","0"
"2011-04-19 12:00:00","0.005","4641621","0.000","0","0.000","0"
"2011-04-19 12:03:00","0.005","4801621","0.000","0","0.000","0"
"2011-04-19 12:06:00","0.005","4821621","0.000","0","0.000","0"
"2011-04-19 12:08:00","0.005","4920621","0.000","0","0.000","0"
"2011-04-19 12:25:00","0.005","4925621","0.000","0","0.000","0"
"2011-04-19 12:32:00","0.005","4945621","0.000","0","0.000","0"
"2011-04-19 12:49:00","0.005","4995621","0.000","0","0.000","0"
"2011-04-19 12:55:00","0.005","5005621","0.000","0","0.000","0"
"2011-04-19 12:58:00","0.005","5010620","0.000","0","0.000","0"
"2011-04-19 13:00:00","0.005","5230620","0.000","0","0.000","0"
"2011-04-19 13:01:00","0.005","5410620","0.000","0","0.000","0"
"2011-04-19 13:03:00","0.005","5430620","0.000","0","0.000","0"
"2011-04-19 13:34:00","0.005","5440620","0.000","0","0.000","0"
"2011-04-19 14:41:00","0.005","5819620","0.000","0","0.000","0"
"2011-04-19 15:04:00","0.005","5907620","0.000","0","0.000","0"
"2011-04-19 15:08:00","0.005","6207620","0.000","0","0.000","0"
"2011-04-19 15:09:00","0.005","6607620","0.000","0","0.000","0"
"2011-04-19 15:23:00","0.005","6707620","0.000","0","0.000","0"
"2011-04-19 15:24:00","0.005","6807620","0.000","0","0.000","0"
"2011-04-19 15:51:00","0.005","6856295","0.000","0","0.000","0"
"2011-04-20 09:35:00","0.005","378101","0.000","0","0.000","0"
"2011-04-20 09:42:00","0.005","628101","0.000","0","0.000","0"
"2011-04-20 09:46:00","0.005","681601","0.000","0","0.000","0"
"2011-04-20 09:49:00","0.005","691601","0.000","0","0.000","0"
"2011-04-20 09:54:00","0.004","831601","0.000","0","0.000","0"
"2011-04-20 10:03:00","0.004","941601","0.000","0","0.000","0"
"2011-04-20 10:04:00","0.005","1171601","0.000","0","0.000","0"
"2011-04-20 10:17:00","0.005","1241601","0.000","0","0.000","0"
"2011-04-20 10:30:00","0.005","1301601","0.000","0","0.000","0"
"2011-04-20 10:52:00","0.005","1341601","0.000","0","0.000","0"
"2011-04-20 10:56:00","0.005","1361601","0.000","0","0.000","0"
"2011-04-20 10:57:00","0.005","1461601","0.000","0","0.000","0"
"2011-04-20 10:58:00","0.005","1506601","0.000","0","0.000","0"
"2011-04-20 11:00:00","0.005","1556601","0.000","0","0.000","0"
"2011-04-20 11:01:00","0.005","1573267","0.000","0","0.000","0"
"2011-04-20 11:02:00","0.005","1594933","0.000","0","0.000","0"
"2011-04-20 11:05:00","0.005","1943267","0.000","0","0.000","0"
"2011-04-20 11:13:00","0.006","2610389","0.000","0","0.000","0"
"2011-04-20 11:14:00","0.006","2690389","0.000","0","0.000","0"
"2011-04-20 11:16:00","0.006","2760389","0.000","0","0.000","0"
"2011-04-20 11:17:00","0.005","2810389","0.000","0","0.000","0"
"2011-04-20 11:31:00","0.006","3140389","0.000","0","0.000","0"
"2011-04-20 11:35:00","0.006","3160389","0.000","0","0.000","0"
"2011-04-20 11:37:00","0.006","3172889","0.000","0","0.000","0"
"2011-04-20 11:40:00","0.006","3222041","0.000","0","0.000","0"
"2011-04-20 11:41:00","0.006","3557041","0.000","0","0.000","0"
"2011-04-20 11:42:00","0.006","3641041","0.000","0","0.000","0"
"2011-04-20 11:47:00","0.006","3841041","0.000","0","0.000","0"
"2011-04-20 12:11:00","0.006","3891041","0.000","0","0.000","0"
"2011-04-20 12:42:00","0.006","4041041","0.000","0","0.000","0"
"2011-04-20 12:45:00","0.006","4046041","0.000","0","0.000","0"
"2011-04-20 12:55:00","0.006","4048741","0.000","0","0.000","0"
"2011-04-20 13:14:00","0.006","4058741","0.000","0","0.000","0"
"2011-04-20 13:17:00","0.006","4137741","0.000","0","0.000","0"
"2011-04-20 13:54:00","0.006","4154741","0.000","0","0.000","0"
"2011-04-20 14:13:00","0.006","4314741","0.000","0","0.000","0"
"2011-04-20 14:15:00","0.006","4714741","0.000","0","0.000","0"
"2011-04-20 14:47:00","0.006","4932945","0.000","0","0.000","0"
"2011-04-20 14:49:00","0.006","5032945","0.000","0","0.000","0"
"2011-04-20 14:57:00","0.006","5042945","0.000","0","0.000","0"
"2011-04-20 15:20:00","0.006","5342945","0.000","0","0.000","0"
"2011-04-20 15:26:00","0.006","5357945","0.000","0","0.000","0"
"2011-04-20 15:39:00","0.006","5388945","0.000","0","0.000","0"
"2011-04-20 15:58:00","0.006","5443945","0.000","0","0.000","0"
"2011-04-21 09:47:00","0.006","326098","0.000","0","0.000","0"
"2011-04-21 09:57:00","0.006","915434","0.000","0","0.000","0"
"2011-04-21 10:08:00","0.006","937434","0.000","0","0.000","0"
"2011-04-21 10:18:00","0.006","1037434","0.000","0","0.000","0"
"2011-04-21 10:32:00","0.006","1038434","0.000","0","0.000","0"
"2011-04-21 10:37:00","0.006","1142520","0.000","0","0.000","0"
"2011-04-21 10:52:00","0.006","1177189","0.000","0","0.000","0"
"2011-04-21 10:56:00","0.006","1247520","0.000","0","0.000","0"
"2011-04-21 10:57:00","0.006","1257520","0.000","0","0.000","0"
"2011-04-21 10:58:00","0.006","1357520","0.000","0","0.000","0"
"2011-04-21 11:04:00","0.006","1377520","0.000","0","0.000","0"
"2011-04-21 11:09:00","0.006","1453686","0.000","0","0.000","0"
"2011-04-21 11:15:00","0.006","1568098","0.000","0","0.000","0"
"2011-04-21 11:34:00","0.006","2047098","0.000","0","0.000","0"
"2011-04-21 11:40:00","0.006","2237098","0.000","0","0.000","0"
"2011-04-21 11:50:00","0.006","2288598","0.000","0","0.000","0"
"2011-04-21 11:53:00","0.006","2313598","0.000","0","0.000","0"
"2011-04-21 12:01:00","0.006","2342098","0.000","0","0.000","0"
"2011-04-21 12:02:00","0.006","2837098","0.000","0","0.000","0"
"2011-04-21 12:04:00","0.006","3357098","0.000","0","0.000","0"
"2011-04-21 12:20:00","0.006","3557098","0.000","0","0.000","0"
"2011-04-21 12:24:00","0.006","3807098","0.000","0","0.000","0"
"2011-04-21 12:30:00","0.007","4344098","0.000","0","0.000","0"
"2011-04-21 12:38:00","0.007","4497098","0.000","0","0.000","0"
"2011-04-21 12:46:00","0.006","4525598","0.000","0","0.000","0"
"2011-04-21 14:31:00","0.007","4530776","0.000","0","0.000","0"
"2011-04-21 15:31:00","0.006","4545776","0.000","0","0.000","0"
"2011-04-21 15:36:00","0.006","4640776","0.000","0","0.000","0"
"2011-04-21 15:37:00","0.006","4695776","0.000","0","0.000","0"
"2011-04-21 15:57:00","0.007","4701276","0.000","0","0.000","0"
"2011-04-21 15:58:00","0.007","4801276","0.000","0","0.000","0"
"2011-04-25 09:30:00","0.007","44300","0.000","0","0.000","0"
"2011-04-25 09:32:00","0.007","299000","0.000","0","0.000","0"
"2011-04-25 09:34:00","0.007","334000","0.000","0","0.000","0"
"2011-04-25 09:42:00","0.007","408000","0.000","0","0.000","0"
"2011-04-25 09:43:00","0.007","444000","0.000","0","0.000","0"
"2011-04-25 09:44:00","0.007","884000","0.000","0","0.000","0"
"2011-04-25 09:54:00","0.007","944000","0.000","0","0.000","0"
"2011-04-25 09:57:00","0.007","965500","0.000","0","0.000","0"
"2011-04-25 10:03:00","0.007","975500","0.000","0","0.000","0"
"2011-04-25 10:05:00","0.007","988001","0.000","0","0.000","0"
"2011-04-25 10:08:00","0.007","990801","0.000","0","0.000","0"
"2011-04-25 10:10:00","0.007","1490801","0.000","0","0.000","0"
"2011-04-25 10:22:00","0.007","1500801","0.000","0","0.000","0"
"2011-04-25 10:23:00","0.007","1563201","0.000","0","0.000","0"
"2011-04-25 10:25:00","0.007","1662201","0.000","0","0.000","0"
"2011-04-25 10:26:00","0.007","1697201","0.000","0","0.000","0"
"2011-04-25 10:28:00","0.007","1772201","0.000","0","0.000","0"
"2011-04-25 10:32:00","0.007","1814201","0.000","0","0.000","0"
"2011-04-25 10:45:00","0.008","2397201","0.000","0","0.000","0"
"2011-04-25 10:51:00","0.009","2597201","0.000","0","0.000","0"
"2011-04-25 10:55:00","0.009","2647201","0.000","0","0.000","0"
"2011-04-25 10:56:00","0.009","2827201","0.000","0","0.000","0"
"2011-04-25 10:59:00","0.009","2847201","0.000","0","0.000","0"
"2011-04-25 11:04:00","0.009","2858201","0.000","0","0.000","0"
"2011-04-25 11:06:00","0.009","2974401","0.000","0","0.000","0"
"2011-04-25 11:07:00","0.009","2994401","0.000","0","0.000","0"
"2011-04-25 11:17:00","0.008","3019401","0.000","0","0.000","0"
"2011-04-25 11:22:00","0.008","3026401","0.000","0","0.000","0"
"2011-04-25 11:24:00","0.008","3041401","0.000","0","0.000","0"
"2011-04-25 11:28:00","0.008","3231401","0.000","0","0.000","0"
"2011-04-25 11:31:00","0.008","3386401","0.000","0","0.000","0"
"2011-04-25 11:32:00","0.008","3481401","0.000","0","0.000","0"
"2011-04-25 11:34:00","0.008","3576401","0.000","0","0.000","0"
"2011-04-25 11:36:00","0.008","3926401","0.000","0","0.000","0"
"2011-04-25 11:38:00","0.008","3942401","0.000","0","0.000","0"
"2011-04-25 11:52:00","0.008","3965901","0.000","0","0.000","0"
"2011-04-25 11:57:00","0.008","4065901","0.000","0","0.000","0"
"2011-04-25 12:04:00","0.008","4273901","0.000","0","0.000","0"
"2011-04-25 12:07:00","0.008","4275901","0.000","0","0.000","0"
"2011-04-25 12:10:00","0.008","4278269","0.000","0","0.000","0"
"2011-04-25 12:12:00","0.008","4382169","0.000","0","0.000","0"
"2011-04-25 12:15:00","0.007","4663169","0.000","0","0.000","0"
"2011-04-25 12:26:00","0.007","4668168","0.000","0","0.000","0"
"2011-04-25 12:56:00","0.007","4673168","0.000","0","0.000","0"
"2011-04-25 12:59:00","0.008","4798168","0.000","0","0.000","0"
"2011-04-25 13:01:00","0.008","4816501","0.000","0","0.000","0"
"2011-04-25 13:08:00","0.008","4945501","0.000","0","0.000","0"
"2011-04-25 13:24:00","0.008","5065501","0.000","0","0.000","0"
"2011-04-25 13:35:00","0.008","5076501","0.000","0","0.000","0"
"2011-04-25 13:36:00","0.008","5085501","0.000","0","0.000","0"
"2011-04-25 13:59:00","0.008","5093401","0.000","0","0.000","0"
"2011-04-25 14:03:00","0.008","5098739","0.000","0","0.000","0"
"2011-04-25 14:05:00","0.008","5100002","0.000","0","0.000","0"
"2011-04-25 14:12:00","0.008","5205243","0.000","0","0.000","0"
"2011-04-25 14:35:00","0.008","5370243","0.000","0","0.000","0"
"2011-04-25 14:36:00","0.008","5563843","0.000","0","0.000","0"
"2011-04-25 14:37:00","0.008","5564014","0.000","0","0.000","0"
"2011-04-25 14:47:00","0.008","5614014","0.000","0","0.000","0"
"2011-04-25 14:50:00","0.008","5633843","0.000","0","0.000","0"
"2011-04-25 15:05:00","0.008","5755843","0.000","0","0.000","0"
"2011-04-25 15:10:00","0.008","5761141","0.000","0","0.000","0"
"2011-04-25 15:14:00","0.008","5764920","0.000","0","0.000","0"
"2011-04-25 15:21:00","0.008","5801920","0.000","0","0.000","0"
"2011-04-25 15:22:00","0.008","5866920","0.000","0","0.000","0"
"2011-04-25 15:23:00","0.008","5909920","0.000","0","0.000","0"
"2011-04-25 15:30:00","0.008","6176320","0.000","0","0.000","0"
"2011-04-25 15:54:00","0.007","6290320","0.000","0","0.000","0"
"2011-04-25 15:56:00","0.007","6370320","0.000","0","0.000","0"
"2011-04-26 09:34:00","0.007","208000","0.000","0","0.000","0"
"2011-04-26 09:40:00","0.008","414000","0.000","0","0.000","0"
"2011-04-26 09:55:00","0.008","424000","0.000","0","0.000","0"
"2011-04-26 09:58:00","0.007","449000","0.000","0","0.000","0"
"2011-04-26 10:00:00","0.007","499000","0.000","0","0.000","0"
"2011-04-26 10:03:00","0.007","649857","0.000","0","0.000","0"
"2011-04-26 10:10:00","0.007","708957","0.000","0","0.000","0"
"2011-04-26 10:11:00","0.007","800857","0.000","0","0.000","0"
"2011-04-26 10:13:00","0.007","1016857","0.000","0","0.000","0"
"2011-04-26 10:17:00","0.007","1113057","0.000","0","0.000","0"
"2011-04-26 10:23:00","0.006","1163057","0.000","0","0.000","0"
"2011-04-26 10:35:00","0.006","1214557","0.000","0","0.000","0"
"2011-04-26 11:00:00","0.006","1264557","0.000","0","0.000","0"
"2011-04-26 11:01:00","0.003","1508858","0.000","0","0.000","0"
"2011-04-26 11:07:00","0.003","1540858","0.000","0","0.000","0"
"2011-04-26 11:16:00","0.005","1546858","0.000","0","0.000","0"
"2011-04-26 11:21:00","0.006","1576858","0.000","0","0.000","0"
"2011-04-26 11:24:00","0.006","1588858","0.000","0","0.000","0"
"2011-04-26 11:36:00","0.006","1613858","0.000","0","0.000","0"
"2011-04-26 11:37:00","0.006","1638858","0.000","0","0.000","0"
"2011-04-26 11:38:00","0.006","1731740","0.000","0","0.000","0"
"2011-04-26 11:39:00","0.006","1831740","0.000","0","0.000","0"
"2011-04-26 12:30:00","0.006","1846740","0.000","0","0.000","0"
"2011-04-26 12:49:00","0.006","1848740","0.000","0","0.000","0"
"2011-04-26 13:07:00","0.006","1852790","0.000","0","0.000","0"
"2011-04-26 13:35:00","0.006","1912790","0.000","0","0.000","0"
"2011-04-26 13:47:00","0.005","1917790","0.000","0","0.000","0"
"2011-04-26 13:48:00","0.005","1922790","0.000","0","0.000","0"
"2011-04-26 14:13:00","0.005","1972790","0.000","0","0.000","0"
"2011-04-26 14:31:00","0.005","1982790","0.000","0","0.000","0"
"2011-04-26 14:44:00","0.005","2498740","0.000","0","0.000","0"
"2011-04-26 15:46:00","0.005","2598740","0.000","0","0.000","0"
"2011-04-26 15:51:00","0.005","2608738","0.000","0","0.000","0"
"2011-04-27 09:30:00","0.005","27000","0.000","0","0.000","0"
"2011-04-27 09:37:00","0.005","52000","0.000","0","0.000","0"
"2011-04-27 09:46:00","0.005","72000","0.000","0","0.000","0"
"2011-04-27 09:50:00","0.006","82000","0.000","0","0.000","0"
"2011-04-27 09:58:00","0.007","197077","0.000","0","0.000","0"
"2011-04-27 10:51:00","0.007","220577","0.000","0","0.000","0"
"2011-04-27 10:52:00","0.007","237077","0.000","0","0.000","0"
"2011-04-27 11:05:00","0.005","272531","0.000","0","0.000","0"
"2011-04-27 11:15:00","0.005","282529","0.000","0","0.000","0"
"2011-04-27 11:24:00","0.007","285029","0.000","0","0.000","0"
"2011-04-27 12:25:00","0.005","307575","0.000","0","0.000","0"
"2011-04-27 12:27:00","0.005","475441","0.000","0","0.000","0"
"2011-04-27 12:35:00","0.004","485441","0.000","0","0.000","0"
"2011-04-27 13:15:00","0.005","552895","0.000","0","0.000","0"
"2011-04-27 13:51:00","0.007","558785","0.000","0","0.000","0"
"2011-04-27 13:59:00","0.007","564185","0.000","0","0.000","0"
"2011-04-27 14:16:00","0.005","664185","0.000","0","0.000","0"
"2011-04-27 14:24:00","0.007","783935","0.000","0","0.000","0"
"2011-04-27 14:47:00","0.005","883935","0.000","0","0.000","0"
"2011-04-27 14:51:00","0.005","889435","0.000","0","0.000","0"
"2011-04-27 14:56:00","0.005","909435","0.000","0","0.000","0"
"2011-04-27 14:57:00","0.005","939435","0.000","0","0.000","0"
"2011-04-27 15:17:00","0.005","1039435","0.000","0","0.000","0"
"2011-04-27 15:46:00","0.006","1044471","0.000","0","0.000","0"
"2011-04-27 15:52:00","0.005","1144471","0.000","0","0.000","0"
"2011-04-27 15:58:00","0.006","1146471","0.000","0","0.000","0"
"2011-04-28 09:55:00","0.006","200","0.000","0","0.000","0"
"2011-04-28 10:00:00","0.006","50200","0.000","0","0.000","0"
"2011-04-28 10:09:00","0.005","55200","0.000","0","0.000","0"
"2011-04-28 10:14:00","0.004","65200","0.000","0","0.000","0"
"2011-04-28 10:15:00","0.004","115200","0.000","0","0.000","0"
"2011-04-28 10:17:00","0.004","140600","0.000","0","0.000","0"
"2011-04-28 10:24:00","0.005","165600","0.000","0","0.000","0"
"2011-04-28 10:26:00","0.004","190200","0.000","0","0.000","0"
"2011-04-28 10:30:00","0.004","240600","0.000","0","0.000","0"
"2011-04-28 10:33:00","0.004","290600","0.000","0","0.000","0"
"2011-04-28 10:37:00","0.004","307900","0.000","0","0.000","0"
"2011-04-28 10:42:00","0.005","345600","0.000","0","0.000","0"
"2011-04-28 10:43:00","0.006","450600","0.000","0","0.000","0"
"2011-04-28 10:44:00","0.006","558458","0.000","0","0.000","0"
"2011-04-28 10:45:00","0.006","648539","0.000","0","0.000","0"
"2011-04-28 10:46:00","0.007","688539","0.000","0","0.000","0"
"2011-04-28 10:48:00","0.007","793539","0.000","0","0.000","0"
"2011-04-28 10:49:00","0.007","878539","0.000","0","0.000","0"
"2011-04-28 10:50:00","0.007","1028539","0.000","0","0.000","0"
"2011-04-28 11:41:00","0.006","1078539","0.000","0","0.000","0"
"2011-04-28 11:50:00","0.006","1088539","0.000","0","0.000","0"
"2011-04-28 11:58:00","0.006","1108539","0.000","0","0.000","0"
"2011-04-28 12:24:00","0.006","1133539","0.000","0","0.000","0"
"2011-04-28 12:36:00","0.005","1138538","0.000","0","0.000","0"
"2011-04-28 12:54:00","0.006","1176238","0.000","0","0.000","0"
"2011-04-28 12:56:00","0.010","1356238","0.000","0","0.000","0"
"2011-04-28 13:24:00","0.006","1366238","0.000","0","0.000","0"
"2011-04-28 13:48:00","0.006","1416238","0.000","0","0.000","0"
"2011-04-28 15:28:00","0.007","1453238","0.000","0","0.000","0"
"2011-04-28 15:42:00","0.007","1613238","0.000","0","0.000","0"
"2011-04-28 15:47:00","0.006","1623238","0.000","0","0.000","0"
"2011-04-28 15:56:00","0.006","1633238","0.000","0","0.000","0"
"2011-04-28 15:58:00","0.007","1634738","0.000","0","0.000","0"
"2011-04-29 09:31:00","0.007","27142","0.000","0","0.000","0"
"2011-04-29 09:36:00","0.007","97142","0.000","0","0.000","0"
"2011-04-29 09:45:00","0.007","109999","0.000","0","0.000","0"
"2011-04-29 10:25:00","0.007","167999","0.000","0","0.000","0"
"2011-04-29 12:38:00","0.006","168999","0.000","0","0.000","0"
"2011-04-29 13:00:00","0.006","268999","0.000","0","0.000","0"
"2011-04-29 13:53:00","0.006","274999","0.000","0","0.000","0"
"2011-04-29 13:56:00","0.006","288999","0.000","0","0.000","0"
"2011-04-29 15:59:00","0.006","298199","0.000","0","0.000","0"
"2011-05-02 09:45:00","0.006","50000","0.000","0","0.000","0"
"2011-05-02 09:47:00","0.006","58993","0.000","0","0.000","0"
"2011-05-02 10:34:00","0.005","64650","0.000","0","0.000","0"
"2011-05-02 12:32:00","0.006","108993","0.000","0","0.000","0"
"2011-05-02 14:54:00","0.006","174993","0.000","0","0.000","0"
"2011-05-02 15:40:00","0.006","339993","0.000","0","0.000","0"
"2011-05-03 09:31:00","0.007","195000","0.000","0","0.000","0"
"2011-05-03 10:07:00","0.005","695000","0.000","0","0.000","0"
"2011-05-03 10:26:00","0.005","749281","0.000","0","0.000","0"
"2011-05-03 11:11:00","0.005","773281","0.000","0","0.000","0"
"2011-05-03 11:12:00","0.006","780281","0.000","0","0.000","0"
"2011-05-03 12:07:00","0.005","799281","0.000","0","0.000","0"
"2011-05-03 12:08:00","0.005","809281","0.000","0","0.000","0"
"2011-05-03 12:22:00","0.005","834281","0.000","0","0.000","0"
"2011-05-03 13:45:00","0.006","838281","0.000","0","0.000","0"
"2011-05-03 14:06:00","0.006","939281","0.000","0","0.000","0"
"2011-05-03 14:25:00","0.005","964281","0.000","0","0.000","0"
"2011-05-03 14:43:00","0.005","989281","0.000","0","0.000","0"
"2011-05-03 14:53:00","0.006","1014281","0.000","0","0.000","0"
"2011-05-03 15:13:00","0.005","1024281","0.000","0","0.000","0"
"2011-05-03 15:16:00","0.005","1025281","0.000","0","0.000","0"
"2011-05-03 15:24:00","0.005","1033281","0.000","0","0.000","0"
"2011-05-03 15:57:00","0.006","1036381","0.000","0","0.000","0"
"2011-05-03 15:58:00","0.006","1038381","0.000","0","0.000","0"
"2011-05-04 09:30:00","0.006","10000","0.000","0","0.000","0"
"2011-05-04 09:49:00","0.006","15000","0.000","0","0.000","0"
"2011-05-04 10:09:00","0.005","50000","0.000","0","0.000","0"
"2011-05-04 10:22:00","0.005","100000","0.000","0","0.000","0"
"2011-05-04 11:06:00","0.005","120000","0.000","0","0.000","0"
"2011-05-04 13:16:00","0.006","123230","0.000","0","0.000","0"
"2011-05-04 14:16:00","0.005","223230","0.000","0","0.000","0"
"2011-05-04 15:43:00","0.006","233230","0.000","0","0.000","0"
"2011-05-04 15:55:00","0.006","248230","0.000","0","0.000","0"
"2011-05-04 15:56:00","0.006","748229","0.000","0","0.000","0"
"2011-05-05 09:32:00","0.006","195130","0.000","0","0.000","0"
"2011-05-05 09:43:00","0.006","290001","0.000","0","0.000","0"
"2011-05-05 10:22:00","0.006","300001","0.000","0","0.000","0"
"2011-05-05 11:54:00","0.006","360001","0.000","0","0.000","0"
"2011-05-05 12:11:00","0.006","420001","0.000","0","0.000","0"
"2011-05-05 13:32:00","0.006","426308","0.000","0","0.000","0"
"2011-05-05 15:07:00","0.006","488930","0.000","0","0.000","0"
"2011-05-06 12:35:00","0.005","15000","0.000","0","0.000","0"
"2011-05-06 15:53:00","0.006","145750","0.000","0","0.000","0"
"2011-05-09 09:57:00","0.005","6000","0.000","0","0.000","0"
"2011-05-09 10:45:00","0.006","31000","0.000","0","0.000","0"
"2011-05-09 12:21:00","0.006","56000","0.000","0","0.000","0"
"2011-05-09 13:24:00","0.006","61000","0.000","0","0.000","0"
"2011-05-09 13:56:00","0.006","79500","0.000","0","0.000","0"
"2011-05-09 14:43:00","0.006","79600","0.000","0","0.000","0"
"2011-05-09 15:33:00","0.006","94600","0.000","0","0.000","0"
"2011-05-09 15:38:00","0.006","94800","0.000","0","0.000","0"
"2011-05-09 15:41:00","0.006","98350","0.000","0","0.000","0"
"2011-05-10 09:30:00","0.006","50000","0.000","0","0.000","0"
"2011-05-10 10:14:00","0.006","401000","0.000","0","0.000","0"
"2011-05-10 10:16:00","0.006","424000","0.000","0","0.000","0"
"2011-05-10 12:31:00","0.005","924000","0.000","0","0.000","0"
"2011-05-10 13:45:00","0.005","928000","0.000","0","0.000","0"
"2011-05-10 14:32:00","0.005","948000","0.000","0","0.000","0"
"2011-05-10 14:51:00","0.005","1048000","0.000","0","0.000","0"
"2011-05-10 15:57:00","0.006","1053150","0.000","0","0.000","0"
"2011-05-11 12:06:00","0.006","266000","0.000","0","0.000","0"
"2011-05-11 12:54:00","0.006","366000","0.000","0","0.000","0"
"2011-05-11 15:13:00","0.005","507900","0.000","0","0.000","0"
"2011-05-12 12:59:00","0.005","300000","0.000","0","0.000","0"
"2011-05-12 13:30:00","0.005","340000","0.000","0","0.000","0"
"2011-05-12 14:24:00","0.005","370000","0.000","0","0.000","0"
"2011-05-12 14:33:00","0.005","413700","0.000","0","0.000","0"
"2011-05-12 15:52:00","0.005","438700","0.000","0","0.000","0"
"2011-05-13 09:30:00","0.005","5000","0.000","0","0.000","0"
"2011-05-13 09:43:00","0.005","105000","0.000","0","0.000","0"
"2011-05-13 10:27:00","0.005","110000","0.000","0","0.000","0"
"2011-05-13 10:54:00","0.005","205000","0.000","0","0.000","0"
"2011-05-13 11:02:00","0.005","230000","0.000","0","0.000","0"
"2011-05-13 11:18:00","0.005","320000","0.000","0","0.000","0"
"2011-05-13 11:34:00","0.005","321600","0.000","0","0.000","0"
"2011-05-13 11:44:00","0.005","371600","0.000","0","0.000","0"
"2011-05-13 12:40:00","0.005","396600","0.000","0","0.000","0"
"2011-05-13 13:07:00","0.005","442234","0.000","0","0.000","0"
"2011-05-13 13:12:00","0.005","457234","0.000","0","0.000","0"
"2011-05-13 13:13:00","0.005","537234","0.000","0","0.000","0"
"2011-05-13 13:15:00","0.004","949856","0.000","0","0.000","0"
"2011-05-13 13:30:00","0.004","959856","0.000","0","0.000","0"
"2011-05-13 14:20:00","0.004","1009856","0.000","0","0.000","0"
"2011-05-13 15:32:00","0.004","1016156","0.000","0","0.000","0"
"2011-05-13 15:34:00","0.004","1091156","0.000","0","0.000","0"
"2011-05-13 15:46:00","0.004","1091356","0.000","0","0.000","0"
"2011-05-13 15:56:00","0.005","1096481","0.000","0","0.000","0"
"2011-05-13 15:59:00","0.005","1215481","0.000","0","0.000","0"
"2011-05-16 09:44:00","0.005","2000","0.000","0","0.000","0"
"2011-05-16 10:04:00","0.004","102000","0.000","0","0.000","0"
"2011-05-16 10:22:00","0.005","152000","0.000","0","0.000","0"
"2011-05-16 10:44:00","0.005","163500","0.000","0","0.000","0"
"2011-05-16 11:02:00","0.005","173000","0.000","0","0.000","0"
"2011-05-16 11:40:00","0.005","306775","0.000","0","0.000","0"
"2011-05-16 12:15:00","0.005","310775","0.000","0","0.000","0"
"2011-05-16 13:21:00","0.005","460775","0.000","0","0.000","0"
"2011-05-16 13:43:00","0.005","610775","0.000","0","0.000","0"
"2011-05-16 14:36:00","0.005","2283475","0.000","0","0.000","0"
"2011-05-16 15:38:00","0.005","2318475","0.000","0","0.000","0"
"2011-05-16 15:53:00","0.005","2418475","0.000","0","0.000","0"
"2011-05-17 09:47:00","0.005","26000","0.000","0","0.000","0"
"2011-05-17 10:02:00","0.005","126000","0.000","0","0.000","0"
"2011-05-17 14:44:00","0.005","204571","0.000","0","0.000","0"
"2011-05-17 15:21:00","0.005","279571","0.000","0","0.000","0"
"2011-05-17 15:42:00","0.005","283571","0.000","0","0.000","0"
"2011-05-17 15:46:00","0.005","465000","0.000","0","0.000","0"
"2011-05-17 15:53:00","0.005","495000","0.000","0","0.000","0"
"2011-05-18 09:30:00","0.005","10000","0.000","0","0.000","0"
"2011-05-18 10:30:00","0.004","263784","0.000","0","0.000","0"
"2011-05-18 11:57:00","0.005","263884","0.000","0","0.000","0"
"2011-05-18 12:08:00","0.005","267084","0.000","0","0.000","0"
"2011-05-18 12:58:00","0.004","367084","0.000","0","0.000","0"
"2011-05-18 13:07:00","0.004","381084","0.000","0","0.000","0"
"2011-05-18 15:31:00","0.005","421084","0.000","0","0.000","0"
"2011-05-18 15:51:00","0.005","427584","0.000","0","0.000","0"
"2011-05-19 10:28:00","0.005","7000","0.000","0","0.000","0"
"2011-05-19 15:01:00","0.004","36500","0.000","0","0.000","0"
"2011-05-19 15:08:00","0.005","46500","0.000","0","0.000","0"
"2011-05-19 15:54:00","0.005","56500","0.000","0","0.000","0"
"2011-05-20 14:54:00","0.005","8500","0.000","0","0.000","0"
"2011-05-20 15:55:00","0.005","13636","0.000","0","0.000","0"
"2011-05-20 15:58:00","0.005","68761","0.000","0","0.000","0"
"2011-05-23 12:15:00","0.005","10000","0.000","0","0.000","0"
"2011-05-23 14:55:00","0.005","20000","0.000","0","0.000","0"
"2011-05-23 15:02:00","0.005","25000","0.000","0","0.000","0"
"2011-05-23 15:07:00","0.005","30000","0.000","0","0.000","0"
"2011-05-23 15:13:00","0.005","60000","0.000","0","0.000","0"
"2011-05-23 15:24:00","0.004","149200","0.000","0","0.000","0"
"2011-05-24 10:16:00","0.005","3000","0.000","0","0.000","0"
"2011-05-24 10:17:00","0.004","97200","0.000","0","0.000","0"
"2011-05-24 11:36:00","0.004","97300","0.000","0","0.000","0"
"2011-05-24 14:59:00","0.004","341347","0.000","0","0.000","0"
"2011-05-24 15:01:00","0.004","506347","0.000","0","0.000","0"
"2011-05-24 15:29:00","0.005","648084","0.000","0","0.000","0"
"2011-05-24 15:52:00","0.005","654084","0.000","0","0.000","0"
"2011-05-25 11:02:00","0.005","7500","0.000","0","0.000","0"
"2011-05-25 12:10:00","0.004","37500","0.000","0","0.000","0"
"2011-05-25 12:14:00","0.004","505500","0.000","0","0.000","0"
"2011-05-25 12:24:00","0.004","535000","0.000","0","0.000","0"
"2011-05-25 13:18:00","0.004","558159","0.000","0","0.000","0"
"2011-05-25 13:51:00","0.004","566159","0.000","0","0.000","0"
"2011-05-26 09:30:00","0.004","15000","0.000","0","0.000","0"
"2011-05-27 09:45:00","0.004","5000","0.000","0","0.000","0"
"2011-05-27 10:36:00","0.004","50000","0.000","0","0.000","0"
"2011-05-27 10:47:00","0.004","75000","0.000","0","0.000","0"
"2011-05-27 10:50:00","0.004","231800","0.000","0","0.000","0"
"2011-05-27 12:43:00","0.004","307000","0.000","0","0.000","0"
"2011-05-27 14:09:00","0.004","317000","0.000","0","0.000","0"
"2011-05-27 15:26:00","0.004","343500","0.000","0","0.000","0"
"2011-05-27 15:56:00","0.005","353500","0.000","0","0.000","0"
"2011-05-31 13:17:00","0.005","10000","0.000","0","0.000","0"
"2011-05-31 14:08:00","0.005","12000","0.000","0","0.000","0"
"2011-06-01 09:38:00","0.004","16050","0.000","0","0.000","0"
"2011-06-01 10:10:00","0.004","32550","0.000","0","0.000","0"
"2011-06-01 11:14:00","0.004","37550","0.000","0","0.000","0"
"2011-06-01 11:21:00","0.004","49050","0.000","0","0.000","0"
"2011-06-01 12:50:00","0.004","59050","0.000","0","0.000","0"
"2011-06-01 13:04:00","0.004","69050","0.000","0","0.000","0"
"2011-06-01 13:33:00","0.004","81050","0.000","0","0.000","0"
"2011-06-01 13:59:00","0.004","131050","0.000","0","0.000","0"
"2011-06-01 15:49:00","0.004","141050","0.000","0","0.000","0"
"2011-06-01 15:51:00","0.004","175050","0.000","0","0.000","0"
"2011-06-02 09:42:00","0.004","5000","0.000","0","0.000","0"
"2011-06-02 09:52:00","0.004","15000","0.000","0","0.000","0"
"2011-06-02 10:04:00","0.004","150000","0.000","0","0.000","0"
"2011-06-02 10:06:00","0.004","200000","0.000","0","0.000","0"
"2011-06-02 10:07:00","0.004","205000","0.000","0","0.000","0"
"2011-06-02 10:17:00","0.004","415000","0.000","0","0.000","0"
"2011-06-02 10:33:00","0.004","435000","0.000","0","0.000","0"
"2011-06-02 10:36:00","0.005","511300","0.000","0","0.000","0"
"2011-06-02 10:38:00","0.005","565000","0.000","0","0.000","0"
"2011-06-02 13:04:00","0.004","580000","0.000","0","0.000","0"
"2011-06-02 14:35:00","0.005","630000","0.000","0","0.000","0"
"2011-06-02 14:36:00","0.004","635000","0.000","0","0.000","0"
"2011-06-02 14:37:00","0.004","770000","0.000","0","0.000","0"
"2011-06-02 14:52:00","0.004","845000","0.000","0","0.000","0"
"2011-06-02 15:41:00","0.004","895000","0.000","0","0.000","0"
"2011-06-02 15:46:00","0.005","1035000","0.000","0","0.000","0"
"2011-06-02 15:52:00","0.005","1125000","0.000","0","0.000","0"
"2011-06-03 09:30:00","0.005","3000","0.000","0","0.000","0"
"2011-06-03 09:49:00","0.005","53000","0.000","0","0.000","0"
"2011-06-03 10:16:00","0.004","589666","0.000","0","0.000","0"
"2011-06-03 10:21:00","0.005","629666","0.000","0","0.000","0"
"2011-06-03 10:24:00","0.005","634666","0.000","0","0.000","0"
"2011-06-03 14:54:00","0.005","639666","0.000","0","0.000","0"
"2011-06-03 15:03:00","0.005","644666","0.000","0","0.000","0"
"2011-06-03 15:04:00","0.005","789666","0.000","0","0.000","0"
"2011-06-06 09:30:00","0.004","40000","0.000","0","0.000","0"
"2011-06-06 10:35:00","0.005","142500","0.000","0","0.000","0"
"2011-06-06 15:56:00","0.004","153500","0.000","0","0.000","0"
"2011-06-07 09:42:00","0.004","950","0.000","0","0.000","0"
"2011-06-07 09:50:00","0.005","100950","0.000","0","0.000","0"
"2011-06-07 12:14:00","0.004","101250","0.000","0","0.000","0"
"2011-06-07 14:50:00","0.004","145850","0.000","0","0.000","0"
"2011-06-07 14:51:00","0.005","251250","0.000","0","0.000","0"
"2011-06-08 11:07:00","0.005","11750","0.000","0","0.000","0"
"2011-06-08 11:21:00","0.004","16750","0.000","0","0.000","0"
"2011-06-08 12:48:00","0.004","36750","0.000","0","0.000","0"
"2011-06-08 15:16:00","0.004","41750","0.000","0","0.000","0"
"2011-06-08 15:57:00","0.004","141750","0.000","0","0.000","0"
"2011-06-09 14:40:00","0.004","51000","0.000","0","0.000","0"
"2011-06-10 10:58:00","0.005","35000","0.000","0","0.000","0"
"2011-06-10 11:46:00","0.004","37000","0.000","0","0.000","0"
"2011-06-10 12:16:00","0.005","41999","0.000","0","0.000","0"
"2011-06-10 12:18:00","0.005","51999","0.000","0","0.000","0"
"2011-06-13 10:22:00","0.005","20000","0.000","0","0.000","0"
"2011-06-13 12:12:00","0.005","30000","0.000","0","0.000","0"
"2011-06-13 13:02:00","0.004","50000","0.000","0","0.000","0"
"2011-06-13 15:55:00","0.005","60000","0.000","0","0.000","0"
"2011-06-14 09:31:00","0.004","6500","0.000","0","0.000","0"
"2011-06-14 09:39:00","0.004","131500","0.000","0","0.000","0"
"2011-06-14 09:51:00","0.004","151500","0.000","0","0.000","0"
"2011-06-14 10:20:00","0.004","201500","0.000","0","0.000","0"
"2011-06-14 11:02:00","0.004","201900","0.000","0","0.000","0"
"2011-06-14 12:53:00","0.004","225150","0.000","0","0.000","0"
"2011-06-14 13:33:00","0.004","241900","0.000","0","0.000","0"
"2011-06-14 14:14:00","0.004","321900","0.000","0","0.000","0"
"2011-06-14 15:48:00","0.004","346900","0.000","0","0.000","0"
"2011-06-15 10:38:00","0.004","5000","0.000","0","0.000","0"
"2011-06-15 12:32:00","0.004","14000","0.000","0","0.000","0"
"2011-06-15 12:37:00","0.004","114000","0.000","0","0.000","0"
"2011-06-15 15:34:00","0.004","123998","0.000","0","0.000","0"
"2011-06-16 11:08:00","0.004","40000","0.000","0","0.000","0"
"2011-06-16 12:12:00","0.004","43100","0.000","0","0.000","0"
"2011-06-17 10:16:00","0.004","48100","0.000","0","0.000","0"
"2011-06-17 12:06:00","0.004","55600","0.000","0","0.000","0"
"2011-06-20 09:35:00","0.004","52000","0.000","0","0.000","0"
"2011-06-20 10:36:00","0.004","102000","0.000","0","0.000","0"
"2011-06-20 13:44:00","0.004","162000","0.000","0","0.000","0"
"2011-06-21 15:04:00","0.004","25000","0.000","0","0.000","0"
"2011-06-22 11:56:00","0.004","10000","0.000","0","0.000","0"
"2011-06-22 12:07:00","0.004","13000","0.000","0","0.000","0"
"2011-06-22 14:34:00","0.004","13454","0.000","0","0.000","0"
"2011-06-23 09:30:00","0.004","52000","0.000","0","0.000","0"
"2011-06-23 12:14:00","0.004","152000","0.000","0","0.000","0"
"2011-06-24 10:54:00","0.004","220000","0.000","0","0.000","0"
"2011-06-24 12:01:00","0.004","455000","0.000","0","0.000","0"
"2011-06-24 14:44:00","0.004","475905","0.000","0","0.000","0"
"2011-06-28 15:42:00","0.004","212500","0.000","0","0.000","0"
"2011-06-29 10:31:00","0.004","100000","0.000","0","0.000","0"
"2011-06-29 12:32:00","0.004","255000","0.000","0","0.000","0"
"2011-06-29 15:58:00","0.004","350000","0.000","0","0.000","0"
"2011-07-01 10:20:00","0.004","5000","0.000","0","0.000","0"
"2011-07-01 11:32:00","0.004","85000","0.000","0","0.000","0"
"2011-07-01 13:32:00","0.004","90000","0.000","0","0.000","0"
"2011-07-05 09:30:00","0.003","18983","0.000","0","0.000","0"
"2011-07-05 09:52:00","0.004","23983","0.000","0","0.000","0"
"2011-07-05 09:53:00","0.003","108983","0.000","0","0.000","0"
"2011-07-05 10:05:00","0.003","128671","0.000","0","0.000","0"
"2011-07-05 10:15:00","0.003","213671","0.000","0","0.000","0"
"2011-07-05 10:16:00","0.003","218671","0.000","0","0.000","0"
"2011-07-05 10:32:00","0.003","358671","0.000","0","0.000","0"
"2011-07-05 10:39:00","0.003","658671","0.000","0","0.000","0"
"2011-07-05 10:48:00","0.003","1258671","0.000","0","0.000","0"
"2011-07-05 10:49:00","0.004","1263671","0.000","0","0.000","0"
"2011-07-05 11:10:00","0.004","1268671","0.000","0","0.000","0"
"2011-07-06 09:42:00","0.004","5000","0.000","0","0.000","0"
"2011-07-06 11:53:00","0.004","45000","0.000","0","0.000","0"
"2011-07-06 12:16:00","0.003","50000","0.000","0","0.000","0"
"2011-07-06 12:29:00","0.003","150000","0.000","0","0.000","0"
"2011-07-06 14:59:00","0.003","200000","0.000","0","0.000","0"
"2011-07-06 15:00:00","0.003","655000","0.000","0","0.000","0"
"2011-07-06 15:22:00","0.003","725000","0.000","0","0.000","0"
"2011-07-07 09:30:00","0.003","10000","0.000","0","0.000","0"
"2011-07-07 10:10:00","0.003","15000","0.000","0","0.000","0"
"2011-07-07 11:06:00","0.003","45000","0.000","0","0.000","0"
"2011-07-07 11:29:00","0.003","73000","0.000","0","0.000","0"
"2011-07-07 12:35:00","0.003","433000","0.000","0","0.000","0"
"2011-07-08 09:56:00","0.003","1117500","0.000","0","0.000","0"
"2011-07-08 14:51:00","0.003","1137500","0.000","0","0.000","0"
"2011-07-08 15:16:00","0.003","1154500","0.000","0","0.000","0"
"2011-07-08 15:38:00","0.003","1155033","0.000","0","0.000","0"
"2011-07-11 13:03:00","0.003","478000","0.000","0","0.000","0"
"2011-07-12 12:17:00","0.003","3936","0.000","0","0.000","0"
"2011-07-12 15:25:00","0.003","25116","0.000","0","0.000","0"
"2011-07-13 11:52:00","0.003","82486","0.000","0","0.000","0"
"2011-07-13 13:50:00","0.003","99986","0.000","0","0.000","0"
"2011-07-14 09:43:00","0.003","10000","0.000","0","0.000","0"
"2011-07-14 10:46:00","0.003","16000","0.000","0","0.000","0"
"2011-07-14 10:49:00","0.003","116000","0.000","0","0.000","0"
"2011-07-14 11:28:00","0.003","136000","0.000","0","0.000","0"
"2011-07-14 12:15:00","0.003","156000","0.000","0","0.000","0"
"2011-07-14 13:41:00","0.003","161000","0.000","0","0.000","0"
"2011-07-14 14:22:00","0.003","301000","0.000","0","0.000","0"
"2011-07-14 15:45:00","0.003","306000","0.000","0","0.000","0"
"2011-07-14 15:50:00","0.003","306100","0.000","0","0.000","0"
"2011-07-15 10:10:00","0.003","3000","0.000","0","0.000","0"
"2011-07-15 13:07:00","0.003","8000","0.000","0","0.000","0"
"2011-07-19 10:22:00","0.003","21635","0.000","0","0.000","0"
"2011-07-19 10:39:00","0.003","31634","0.000","0","0.000","0"
"2011-07-19 10:59:00","0.003","36634","0.000","0","0.000","0"
"2011-07-19 14:48:00","0.003","76634","0.000","0","0.000","0"
"2011-07-19 15:55:00","0.004","81634","0.000","0","0.000","0"
"2011-07-20 09:42:00","0.003","100","0.000","0","0.000","0"
"2011-07-20 11:50:00","0.003","400100","0.000","0","0.000","0"
"2011-07-20 12:43:00","0.004","405100","0.000","0","0.000","0"
"2011-07-21 11:48:00","0.004","10000","0.000","0","0.000","0"
"2011-07-21 14:04:00","0.003","105000","0.000","0","0.000","0"
"2011-07-21 14:40:00","0.003","145000","0.000","0","0.000","0"
"2011-07-21 15:22:00","0.003","160000","0.000","0","0.000","0"
"2011-07-21 15:53:00","0.004","446800","0.000","0","0.000","0"
"2011-07-25 09:41:00","0.003","150000","0.000","0","0.000","0"
"2011-07-25 10:43:00","0.003","152000","0.000","0","0.000","0"
"2011-07-25 11:35:00","0.003","160000","0.000","0","0.000","0"
"2011-07-26 09:55:00","0.003","4000","0.000","0","0.000","0"
"2011-07-26 11:11:00","0.004","9000","0.000","0","0.000","0"
"2011-07-26 14:40:00","0.003","240715","0.000","0","0.000","0"
"2011-07-27 09:30:00","0.003","10000","0.000","0","0.000","0"
"2011-07-27 13:22:00","0.003","20000","0.000","0","0.000","0"
"2011-07-28 10:27:00","0.003","9999","0.000","0","0.000","0"
"2011-07-28 11:36:00","0.003","13499","0.000","0","0.000","0"
"2011-07-28 15:43:00","0.003","43399","0.000","0","0.000","0"
"2011-07-29 15:52:00","0.003","300000","0.000","0","0.000","0"
"2011-08-01 12:46:00","0.003","19998","0.000","0","0.000","0"
"2011-08-02 09:30:00","0.004","23000","0.000","0","0.000","0"
"2011-08-02 14:51:00","0.003","73000","0.000","0","0.000","0"
"2011-08-02 15:53:00","0.004","88500","0.000","0","0.000","0"
"2011-08-03 13:16:00","0.004","328385","0.000","0","0.000","0"
"2011-08-04 11:56:00","0.004","5000","0.000","0","0.000","0"
"2011-08-04 13:14:00","0.003","82777","0.000","0","0.000","0"
"2011-08-04 13:18:00","0.003","186000","0.000","0","0.000","0"
"2011-08-04 13:23:00","0.003","272451","0.000","0","0.000","0"
"2011-08-04 13:27:00","0.003","436000","0.000","0","0.000","0"
"2011-08-08 13:58:00","0.003","4999","0.000","0","0.000","0"
"2011-08-08 14:14:00","0.003","9999","0.000","0","0.000","0"
"2011-08-08 15:49:00","0.003","114999","0.000","0","0.000","0"
"2011-08-08 15:55:00","0.003","126999","0.000","0","0.000","0"
"2011-08-09 13:14:00","0.003","45000","0.000","0","0.000","0"
"2011-08-09 13:32:00","0.003","69000","0.000","0","0.000","0"
"2011-08-09 13:47:00","0.003","78999","0.000","0","0.000","0"
"2011-08-09 13:58:00","0.003","98999","0.000","0","0.000","0"
"2011-08-09 14:45:00","0.003","100199","0.000","0","0.000","0"
"2011-08-09 15:54:00","0.003","101199","0.000","0","0.000","0"
"2011-08-10 10:35:00","0.003","25000","0.000","0","0.000","0"
"2011-08-10 10:41:00","0.002","70000","0.000","0","0.000","0"
"2011-08-10 11:34:00","0.002","375400","0.000","0","0.000","0"
"2011-08-10 13:51:00","0.003","485400","0.000","0","0.000","0"
"2011-08-11 09:32:00","0.003","0","0.000","0","0.000","0"
"2011-08-16 09:32:00","0.003","18000","0.000","0","0.000","0"
"2011-08-16 10:57:00","0.003","38000","0.000","0","0.000","0"
"2011-08-16 12:50:00","0.003","75000","0.000","0","0.000","0"
"2011-08-16 14:25:00","0.003","80000","0.000","0","0.000","0"
"2011-08-16 14:55:00","0.003","120000","0.000","0","0.000","0"
"2011-08-16 14:56:00","0.003","260200","0.000","0","0.000","0"
"2011-08-16 14:58:00","0.004","330000","0.000","0","0.000","0"
"2011-08-17 10:15:00","0.003","12800","0.000","0","0.000","0"
"2011-08-17 13:39:00","0.003","14800","0.000","0","0.000","0"
"2011-08-17 14:43:00","0.004","392577","0.000","0","0.000","0"
"2011-08-17 14:45:00","0.004","514800","0.000","0","0.000","0"
"2011-08-18 15:24:00","0.004","500000","0.000","0","0.000","0"
"2011-08-18 15:26:00","0.004","1000000","0.000","0","0.000","0"
"2011-08-19 10:10:00","0.004","5000","0.000","0","0.000","0"
"2011-08-19 10:16:00","0.003","40000","0.000","0","0.000","0"
"2011-08-19 12:58:00","0.003","100000","0.000","0","0.000","0"
"2011-08-22 09:32:00","0.003","5000","0.000","0","0.000","0"
"2011-08-22 09:50:00","0.003","141000","0.000","0","0.000","0"
"2011-08-22 13:35:00","0.003","544000","0.000","0","0.000","0"
"2011-08-23 13:02:00","0.003","50000","0.000","0","0.000","0"
"2011-08-23 13:03:00","0.003","71999","0.000","0","0.000","0"
"2011-08-23 13:13:00","0.004","81999","0.000","0","0.000","0"
"2011-08-23 13:17:00","0.004","209999","0.000","0","0.000","0"
"2011-08-24 14:16:00","0.004","5000","0.000","0","0.000","0"
"2011-08-24 14:17:00","0.003","55000","0.000","0","0.000","0"
"2011-08-24 14:44:00","0.003","64999","0.000","0","0.000","0"
"2011-08-26 13:03:00","0.004","10000","0.000","0","0.000","0"
"2011-08-26 13:27:00","0.004","46850","0.000","0","0.000","0"
"2011-08-30 15:18:00","0.003","26600","0.000","0","0.000","0"
"2011-08-30 15:19:00","0.004","41600","0.000","0","0.000","0"
"2011-08-31 12:13:00","0.004","37200","0.000","0","0.000","0"
"2011-08-31 12:17:00","0.004","621837","0.000","0","0.000","0"
"2011-08-31 12:18:00","0.004","750000","0.000","0","0.000","0"
"2011-09-01 11:31:00","0.004","500000","0.000","0","0.000","0"
"2011-09-02 11:06:00","0.004","25000","0.000","0","0.000","0"
"2011-09-02 15:44:00","0.003","30000","0.000","0","0.000","0"
"2011-09-06 09:55:00","0.003","5000","0.000","0","0.000","0"
"2011-09-06 13:47:00","0.003","35533","0.000","0","0.000","0"
"2011-09-07 10:32:00","0.003","5000","0.000","0","0.000","0"
"2011-09-07 15:49:00","0.003","100000","0.000","0","0.000","0"
"2011-09-07 15:52:00","0.003","105000","0.000","0","0.000","0"
"2011-09-08 11:32:00","0.003","50000","0.000","0","0.000","0"
"2011-09-09 13:24:00","0.003","100000","0.000","0","0.000","0"
"2011-09-09 13:27:00","0.003","251850","0.000","0","0.000","0"
"2011-09-09 13:29:00","0.004","479072","0.000","0","0.000","0"
"2011-09-09 13:31:00","0.004","750000","0.000","0","0.000","0"
"2011-09-09 14:28:00","0.004","1250000","0.000","0","0.000","0"
"2011-09-09 14:29:00","0.004","1500000","0.000","0","0.000","0"
"2011-09-12 13:50:00","0.004","23000","0.000","0","0.000","0"
"2011-09-13 09:58:00","0.004","2000","0.000","0","0.000","0"
"2011-09-13 12:05:00","0.004","50000","0.000","0","0.000","0"
"2011-09-13 12:16:00","0.004","75000","0.000","0","0.000","0"
"2011-09-13 13:23:00","0.004","105083","0.000","0","0.000","0"
"2011-09-13 13:44:00","0.004","155083","0.000","0","0.000","0"
"2011-09-14 10:47:00","0.002","20000","0.000","0","0.000","0"
"2011-09-14 10:58:00","0.004","34288","0.000","0","0.000","0"
"2011-09-15 09:51:00","0.002","208000","0.000","0","0.000","0"
"2011-09-15 10:08:00","0.003","213000","0.000","0","0.000","0"
"2011-09-15 12:02:00","0.003","213100","0.000","0","0.000","0"
"2011-09-15 13:57:00","0.004","233100","0.000","0","0.000","0"
"2011-09-16 09:30:00","0.004","100000","0.000","0","0.000","0"
"2011-09-21 09:30:00","0.003","3200","0.000","0","0.000","0"
"2011-09-22 13:44:00","0.002","5000","0.000","0","0.000","0"
"2011-09-23 09:30:00","0.004","5000","0.000","0","0.000","0"
"2011-09-23 15:52:00","0.002","57200","0.000","0","0.000","0"
"2011-09-27 12:19:00","0.002","5000","0.000","0","0.000","0"
"2011-09-28 09:30:00","0.002","10000","0.000","0","0.000","0"
"2011-09-29 09:30:00","0.002","14285","0.000","0","0.000","0"
"2011-09-30 14:51:00","0.003","4348","0.000","0","0.000","0"
"2011-10-03 12:55:00","0.003","104000","0.000","0","0.000","0"
"2011-10-03 15:46:00","0.003","114000","0.000","0","0.000","0"
"2011-10-04 10:32:00","0.003","35600","0.000","0","0.000","0"
"2011-10-05 12:22:00","0.002","54292","0.000","0","0.000","0"
"2011-10-06 17:20:00","0.002","200","0.000","0","0.000","0"
"2011-10-07 15:42:00","0.002","50000","0.000","0","0.000","0"
"2011-10-07 20:10:00","0.002","200","0.000","0","0.000","0"
"2011-10-10 09:30:00","0.002","2000","0.000","0","0.000","0"
"2011-10-11 09:30:00","0.002","20000","0.000","0","0.000","0"
"2011-10-11 13:29:00","0.002","25000","0.000","0","0.000","0"
"2011-10-11 15:11:00","0.003","125000","0.000","0","0.000","0"
"2011-10-12 10:10:00","0.003","1200","0.000","0","0.000","0"
"2011-10-12 10:54:00","0.002","2400","0.000","0","0.000","0"
"2011-10-12 11:09:00","0.003","7400","0.000","0","0.000","0"
"2011-10-12 13:38:00","0.003","7600","0.000","0","0.000","0"
"2011-10-12 14:48:00","0.003","7800","0.000","0","0.000","0"
"2011-10-12 15:41:00","0.003","157400","0.000","0","0.000","0"
"2011-10-12 15:51:00","0.003","207800","0.000","0","0.000","0"
"2011-10-13 09:31:00","0.003","20000","0.000","0","0.000","0"
"2011-10-13 11:28:00","0.003","22500","0.000","0","0.000","0"
"2011-10-13 14:39:00","0.003","107800","0.000","0","0.000","0"
"2011-10-13 14:40:00","0.003","147800","0.000","0","0.000","0"
"2011-10-14 09:39:00","0.003","9000","0.000","0","0.000","0"
"2011-10-14 10:28:00","0.003","14000","0.000","0","0.000","0"
"2011-10-14 10:30:00","0.003","19000","0.000","0","0.000","0"
"2011-10-14 11:00:00","0.003","69000","0.000","0","0.000","0"
"2011-10-14 13:51:00","0.003","71000","0.000","0","0.000","0"
"2011-10-14 15:57:00","0.003","151000","0.000","0","0.000","0"
"2011-10-18 09:30:00","0.003","200000","0.000","0","0.000","0"
"2011-10-18 12:35:00","0.003","205000","0.000","0","0.000","0"
"2011-10-18 14:42:00","0.003","269288","0.000","0","0.000","0"
"2011-10-19 10:06:00","0.003","45000","0.000","0","0.000","0"
"2011-10-19 11:33:00","0.003","60000","0.000","0","0.000","0"
"2011-10-19 12:55:00","0.003","109515","0.000","0","0.000","0"
"2011-10-19 15:32:00","0.003","123470","0.000","0","0.000","0"
"2011-10-19 15:33:00","0.003","209515","0.000","0","0.000","0"
"2011-10-20 13:01:00","0.003","75500","0.000","0","0.000","0"
"2011-10-21 11:34:00","0.003","80300","0.000","0","0.000","0"
"2011-10-21 13:34:00","0.003","85300","0.000","0","0.000","0"
"2011-10-21 15:56:00","0.003","109800","0.000","0","0.000","0"
"2011-10-21 15:58:00","0.003","154800","0.000","0","0.000","0"
"2011-10-24 09:34:00","0.003","386411","0.000","0","0.000","0"
"2011-10-24 10:34:00","0.003","486411","0.000","0","0.000","0"
"2011-10-24 11:27:00","0.003","496411","0.000","0","0.000","0"
"2011-10-24 11:40:00","0.003","586411","0.000","0","0.000","0"
"2011-10-24 12:24:00","0.003","766387","0.000","0","0.000","0"
"2011-10-24 13:00:00","0.003","791387","0.000","0","0.000","0"
"2011-10-24 13:43:00","0.003","798387","0.000","0","0.000","0"
"2011-10-24 14:13:00","0.003","805887","0.000","0","0.000","0"
"2011-10-25 12:58:00","0.003","149500","0.000","0","0.000","0"
"2011-10-26 12:34:00","0.003","10000","0.000","0","0.000","0"
"2011-10-27 09:36:00","0.004","20000","0.000","0","0.000","0"
"2011-10-27 09:41:00","0.004","210000","0.000","0","0.000","0"
"2011-10-27 11:43:00","0.003","230000","0.000","0","0.000","0"
"2011-10-27 15:24:00","0.003","430000","0.000","0","0.000","0"
"2011-10-28 10:14:00","0.003","42800","0.000","0","0.000","0"
"2011-10-28 10:57:00","0.003","46800","0.000","0","0.000","0"
"2011-10-28 12:46:00","0.003","99500","0.000","0","0.000","0"
"2011-10-28 15:39:00","0.003","200800","0.000","0","0.000","0"
"2011-10-31 10:57:00","0.003","31270","0.000","0","0.000","0"
"2011-10-31 15:51:00","0.003","131270","0.000","0","0.000","0"
"2011-11-01 14:18:00","0.004","5000","0.000","0","0.000","0"
"2011-11-01 14:20:00","0.004","165000","0.000","0","0.000","0"
"2011-11-02 15:18:00","0.002","3889326","0.000","0","0.000","0"
"2011-11-02 15:19:00","0.002","4009326","0.000","0","0.000","0"
"2011-11-02 15:20:00","0.002","4069326","0.000","0","0.000","0"
"2011-11-03 09:30:00","0.002","25000","0.000","0","0.000","0"
"2011-11-03 09:36:00","0.002","140500","0.000","0","0.000","0"
"2011-11-03 10:15:00","0.002","240500","0.000","0","0.000","0"
"2011-11-03 10:16:00","0.002","290500","0.000","0","0.000","0"
"2011-11-03 15:18:00","0.002","303000","0.000","0","0.000","0"
"2011-11-03 15:46:00","0.002","403000","0.000","0","0.000","0"
"2011-11-04 09:30:00","0.002","25000","0.000","0","0.000","0"
"2011-11-04 12:00:00","0.002","70000","0.000","0","0.000","0"
"2011-11-04 14:10:00","0.002","72400","0.000","0","0.000","0"
"2011-11-04 15:10:00","0.002","72400","0.000","0","0.000","0"
"2011-11-08 09:30:00","0.002","50000","0.000","0","0.000","0"
"2011-11-08 10:47:00","0.002","130000","0.000","0","0.000","0"
"2011-11-09 09:30:00","0.002","50000","0.000","0","0.000","0"
"2011-11-09 11:05:00","0.002","100000","0.000","0","0.000","0"
"2011-11-09 11:21:00","0.002","115000","0.000","0","0.000","0"
"2011-11-10 12:45:00","0.002","4000","0.000","0","0.000","0"
"2011-11-11 14:42:00","0.002","50000","0.000","0","0.000","0"
"2011-11-15 10:23:00","0.002","5000","0.000","0","0.000","0"
"2011-11-15 10:24:00","0.002","210000","0.000","0","0.000","0"
"2011-11-15 10:39:00","0.002","260000","0.000","0","0.000","0"
"2011-11-15 13:56:00","0.002","270000","0.000","0","0.000","0"
"2011-11-15 15:46:00","0.002","320500","0.000","0","0.000","0"
"2011-11-16 11:48:00","0.002","500","0.000","0","0.000","0"
"2011-11-16 15:43:00","0.003","51000","0.000","0","0.000","0"
"2011-11-17 12:29:00","0.003","100000","0.000","0","0.000","0"
"2011-11-17 15:34:00","0.003","132000","0.000","0","0.000","0"
"2011-11-17 15:46:00","0.003","182500","0.000","0","0.000","0"
"2011-11-18 15:49:00","0.003","40000","0.000","0","0.000","0"
"2011-11-21 09:58:00","0.003","7000","0.000","0","0.000","0"
"2011-11-21 14:42:00","0.003","21500","0.000","0","0.000","0"
"2011-11-21 14:52:00","0.003","71500","0.000","0","0.000","0"
"2011-11-21 15:10:00","0.003","77000","0.000","0","0.000","0"
"2011-11-21 15:11:00","0.003","322000","0.000","0","0.000","0"
"2011-11-21 15:47:00","0.003","325000","0.000","0","0.000","0"
"2011-11-22 09:30:00","0.003","25000","0.000","0","0.000","0"
"2011-11-22 13:37:00","0.003","77000","0.000","0","0.000","0"
"2011-11-22 14:00:00","0.003","97000","0.000","0","0.000","0"
"2011-11-22 14:08:00","0.003","127000","0.000","0","0.000","0"
"2011-11-22 15:44:00","0.003","132000","0.000","0","0.000","0"
"2011-11-22 15:48:00","0.003","175500","0.000","0","0.000","0"
"2011-11-22 15:51:00","0.003","185500","0.000","0","0.000","0"
"2011-11-23 09:30:00","0.003","30000","0.000","0","0.000","0"
"2011-11-23 10:03:00","0.003","41000","0.000","0","0.000","0"
"2011-11-23 10:06:00","0.003","96000","0.000","0","0.000","0"
"2011-11-23 11:11:00","0.003","121000","0.000","0","0.000","0"
"2011-11-23 13:03:00","0.004","171000","0.000","0","0.000","0"
"2011-11-25 10:34:00","0.004","50000","0.000","0","0.000","0"
"2011-11-25 10:49:00","0.004","55000","0.000","0","0.000","0"
"2011-11-25 10:50:00","0.004","125000","0.000","0","0.000","0"
"2011-11-25 12:36:00","0.004","317105","0.000","0","0.000","0"
"2011-11-28 09:30:00","0.003","231000","0.000","0","0.000","0"
"2011-11-28 10:04:00","0.004","241000","0.000","0","0.000","0"
"2011-11-28 15:43:00","0.004","263000","0.000","0","0.000","0"
"2011-11-28 15:51:00","0.004","263400","0.000","0","0.000","0"
"2011-11-29 09:30:00","0.003","5000","0.000","0","0.000","0"
"2011-11-29 09:38:00","0.004","140500","0.000","0","0.000","0"
"2011-11-29 10:24:00","0.003","150500","0.000","0","0.000","0"
"2011-11-29 11:08:00","0.003","180500","0.000","0","0.000","0"
"2011-11-29 11:55:00","0.003","185500","0.000","0","0.000","0"
"2011-11-29 12:25:00","0.003","340500","0.000","0","0.000","0"
"2011-11-29 12:27:00","0.003","372500","0.000","0","0.000","0"
"2011-11-29 12:28:00","0.003","572500","0.000","0","0.000","0"
"2011-11-29 13:40:00","0.003","584223","0.000","0","0.000","0"
"2011-11-30 10:35:00","0.003","50000","0.000","0","0.000","0"
"2011-11-30 10:36:00","0.003","350000","0.000","0","0.000","0"
"2011-11-30 10:37:00","0.003","550000","0.000","0","0.000","0"
"2011-11-30 14:29:00","0.003","850000","0.000","0","0.000","0"
"2011-12-01 09:42:00","0.003","78500","0.000","0","0.000","0"
"2011-12-01 11:17:00","0.003","83500","0.000","0","0.000","0"
"2011-12-02 14:45:00","0.003","20500","0.000","0","0.000","0"
"2011-12-02 15:52:00","0.003","100000","0.000","0","0.000","0"
"2011-12-02 15:53:00","0.003","150000","0.000","0","0.000","0"
"2011-12-02 15:58:00","0.003","530500","0.000","0","0.000","0"
"2011-12-02 15:59:00","0.003","536500","0.000","0","0.000","0"
"2011-12-23 15:56:00","0.005","347046","0.000","0","0.000","0"
"2011-12-27 09:35:00","0.004","10000","0.000","0","0.000","0"
"2011-12-27 12:56:00","0.004","100000","0.000","0","0.000","0"
"2011-12-27 13:32:00","0.004","135000","0.000","0","0.000","0"
"2011-12-27 13:48:00","0.004","136000","0.000","0","0.000","0"
"2011-12-27 14:01:00","0.004","161000","0.000","0","0.000","0"
"2011-12-27 14:54:00","0.004","166000","0.000","0","0.000","0"
"2011-12-27 15:47:00","0.004","183000","0.000","0","0.000","0"
"2011-12-27 15:51:00","0.004","195254","0.000","0","0.000","0"
"2011-12-27 15:56:00","0.005","197754","0.000","0","0.000","0"
"2011-12-28 10:13:00","0.004","5000","0.000","0","0.000","0"
"2011-12-28 10:14:00","0.003","30000","0.000","0","0.000","0"
"2011-12-28 11:48:00","0.004","45000","0.000","0","0.000","0"
"2011-12-28 12:28:00","0.004","64000","0.000","0","0.000","0"
"2011-12-28 14:09:00","0.004","84000","0.000","0","0.000","0"
"2011-12-28 15:31:00","0.004","184000","0.000","0","0.000","0"
"2011-12-28 15:56:00","0.004","284500","0.000","0","0.000","0"
"2011-12-29 09:47:00","0.004","20000","0.000","0","0.000","0"
"2011-12-29 09:52:00","0.004","28500","0.000","0","0.000","0"
"2011-12-29 11:08:00","0.004","58500","0.000","0","0.000","0"
"2011-12-29 11:51:00","0.004","78500","0.000","0","0.000","0"
"2011-12-29 13:30:00","0.004","83500","0.000","0","0.000","0"
"2011-12-30 10:52:00","0.004","102500","0.000","0","0.000","0"
"2011-12-30 11:58:00","0.004","112500","0.000","0","0.000","0"
"2011-12-30 13:47:00","0.004","162500","0.000","0","0.000","0"
"2011-12-30 15:17:00","0.004","166500","0.000","0","0.000","0"
"2011-12-30 15:50:00","0.004","170600","0.000","0","0.000","0"
