"2011-01-04 10:49:00","0.080","10000","0.000","0","0.000","0"
"2011-01-04 11:27:00","0.066","10620","0.000","0","0.000","0"
"2011-01-04 11:46:00","0.066","10860","0.000","0","0.000","0"
"2011-01-04 12:22:00","0.080","11420","0.000","0","0.000","0"
"2011-01-05 10:27:00","0.065","47410","0.000","0","0.000","0"
"2011-01-05 13:19:00","0.070","59693","0.000","0","0.000","0"
"2011-01-06 09:30:00","0.070","10857","0.000","0","0.000","0"
"2011-01-06 10:11:00","0.070","25857","0.000","0","0.000","0"
"2011-01-06 12:59:00","0.085","26757","0.000","0","0.000","0"
"2011-01-07 10:18:00","0.065","25000","0.000","0","0.000","0"
"2011-01-07 10:53:00","0.070","25300","0.000","0","0.000","0"
"2011-01-07 10:57:00","0.070","35300","0.000","0","0.000","0"
"2011-01-07 11:09:00","0.070","40300","0.000","0","0.000","0"
"2011-01-07 11:10:00","0.070","45300","0.000","0","0.000","0"
"2011-01-07 12:05:00","0.070","47800","0.000","0","0.000","0"
"2011-01-07 13:54:00","0.083","68050","0.000","0","0.000","0"
"2011-01-07 13:55:00","0.085","83050","0.000","0","0.000","0"
"2011-01-07 14:01:00","0.085","84350","0.000","0","0.000","0"
"2011-01-07 14:47:00","0.070","105350","0.000","0","0.000","0"
"2011-01-07 14:48:00","0.070","114350","0.000","0","0.000","0"
"2011-01-07 15:08:00","0.085","114600","0.000","0","0.000","0"
"2011-01-10 14:51:00","0.080","7500","0.000","0","0.000","0"
"2011-01-10 14:58:00","0.080","17500","0.000","0","0.000","0"
"2011-01-10 15:08:00","0.080","28500","0.000","0","0.000","0"
"2011-01-10 15:32:00","0.085","58500","0.000","0","0.000","0"
"2011-01-10 15:33:00","0.100","74000","0.000","0","0.000","0"
"2011-01-11 09:31:00","0.100","36000","0.000","0","0.000","0"
"2011-01-11 10:22:00","0.086","36800","0.000","0","0.000","0"
"2011-01-11 10:30:00","0.100","37050","0.000","0","0.000","0"
"2011-01-11 11:38:00","0.100","42050","0.000","0","0.000","0"
"2011-01-11 11:43:00","0.100","42154","0.000","0","0.000","0"
"2011-01-11 14:34:00","0.090","47904","0.000","0","0.000","0"
"2011-01-11 15:11:00","0.090","67900","0.000","0","0.000","0"
"2011-01-11 15:17:00","0.095","68150","0.000","0","0.000","0"
"2011-01-12 09:30:00","0.095","3000","0.000","0","0.000","0"
"2011-01-12 12:34:00","0.095","4000","0.000","0","0.000","0"
"2011-01-13 09:30:00","0.095","6885","0.000","0","0.000","0"
"2011-01-13 10:31:00","0.100","9989","0.000","0","0.000","0"
"2011-01-13 10:54:00","0.095","29989","0.000","0","0.000","0"
"2011-01-13 10:55:00","0.095","69989","0.000","0","0.000","0"
"2011-01-13 10:59:00","0.095","79989","0.000","0","0.000","0"
"2011-01-13 12:51:00","0.095","89989","0.000","0","0.000","0"
"2011-01-13 13:18:00","0.100","90489","0.000","0","0.000","0"
"2011-01-13 13:34:00","0.095","103604","0.000","0","0.000","0"
"2011-01-13 14:50:00","0.095","108604","0.000","0","0.000","0"
"2011-01-13 15:00:00","0.095","113604","0.000","0","0.000","0"
"2011-01-13 15:02:00","0.095","118604","0.000","0","0.000","0"
"2011-01-14 13:43:00","0.085","1000","0.000","0","0.000","0"
"2011-01-14 14:07:00","0.085","51000","0.000","0","0.000","0"
"2011-01-14 15:29:00","0.085","56000","0.000","0","0.000","0"
"2011-01-14 15:32:00","0.085","106000","0.000","0","0.000","0"
"2011-01-14 15:33:00","0.085","111000","0.000","0","0.000","0"
"2011-01-14 15:35:00","0.085","116000","0.000","0","0.000","0"
"2011-01-14 15:36:00","0.085","126000","0.000","0","0.000","0"
"2011-01-14 15:38:00","0.085","136000","0.000","0","0.000","0"
"2011-01-14 15:40:00","0.085","146000","0.000","0","0.000","0"
"2011-01-14 15:42:00","0.090","146250","0.000","0","0.000","0"
"2011-01-14 15:44:00","0.085","151250","0.000","0","0.000","0"
"2011-01-18 09:38:00","0.070","600","0.000","0","0.000","0"
"2011-01-18 13:56:00","0.080","7200","0.000","0","0.000","0"
"2011-01-18 14:31:00","0.100","8200","0.000","0","0.000","0"
"2011-01-18 15:20:00","0.080","14695","0.000","0","0.000","0"
"2011-01-18 15:57:00","0.100","15695","0.000","0","0.000","0"
"2011-01-19 14:55:00","0.090","15390","0.000","0","0.000","0"
"2011-01-19 15:03:00","0.090","35390","0.000","0","0.000","0"
"2011-01-19 15:07:00","0.090","50390","0.000","0","0.000","0"
"2011-01-19 15:08:00","0.090","55390","0.000","0","0.000","0"
"2011-01-19 15:10:00","0.090","65390","0.000","0","0.000","0"
"2011-01-19 15:11:00","0.090","75390","0.000","0","0.000","0"
"2011-01-19 15:12:00","0.090","80390","0.000","0","0.000","0"
"2011-01-19 15:15:00","0.090","90390","0.000","0","0.000","0"
"2011-01-19 15:48:00","0.090","93790","0.000","0","0.000","0"
"2011-01-20 15:23:00","0.095","17400","0.000","0","0.000","0"
"2011-01-21 10:51:00","0.070","640","0.000","0","0.000","0"
"2011-01-21 10:59:00","0.070","1940","0.000","0","0.000","0"
"2011-01-21 12:26:00","0.080","6940","0.000","0","0.000","0"
"2011-01-21 12:28:00","0.100","7940","0.000","0","0.000","0"
"2011-01-21 14:43:00","0.100","13285","0.000","0","0.000","0"
"2011-01-24 09:30:00","0.070","200","0.000","0","0.000","0"
"2011-01-24 13:55:00","0.080","5200","0.000","0","0.000","0"
"2011-01-24 14:13:00","0.080","10200","0.000","0","0.000","0"
"2011-01-24 14:20:00","0.080","15200","0.000","0","0.000","0"
"2011-01-24 14:53:00","0.080","20200","0.000","0","0.000","0"
"2011-01-25 15:55:00","0.080","3000","0.000","0","0.000","0"
"2011-01-26 12:32:00","0.090","5368","0.000","0","0.000","0"
"2011-01-26 13:18:00","0.090","16868","0.000","0","0.000","0"
"2011-01-26 14:57:00","0.090","96868","0.000","0","0.000","0"
"2011-01-27 11:05:00","0.090","1679","0.000","0","0.000","0"
"2011-01-28 09:30:00","0.085","7000","0.000","0","0.000","0"
"2011-01-28 12:41:00","0.085","25000","0.000","0","0.000","0"
"2011-01-31 09:44:00","0.080","15250","0.000","0","0.000","0"
"2011-01-31 11:28:00","0.075","15354","0.000","0","0.000","0"
"2011-01-31 13:17:00","0.080","15921","0.000","0","0.000","0"
"2011-01-31 13:33:00","0.075","16421","0.000","0","0.000","0"
"2011-02-01 10:42:00","0.080","5000","0.000","0","0.000","0"
"2011-02-01 12:11:00","0.075","28200","0.000","0","0.000","0"
"2011-02-01 13:01:00","0.075","33700","0.000","0","0.000","0"
"2011-02-02 10:26:00","0.075","1000","0.000","0","0.000","0"
"2011-02-02 15:08:00","0.080","6000","0.000","0","0.000","0"
"2011-02-03 12:21:00","0.075","300","0.000","0","0.000","0"
"2011-02-04 13:10:00","0.080","6125","0.000","0","0.000","0"
"2011-02-07 11:46:00","0.080","7500","0.000","0","0.000","0"
"2011-02-08 11:22:00","0.080","5000","0.000","0","0.000","0"
"2011-02-08 11:42:00","0.080","60550","0.000","0","0.000","0"
"2011-02-08 11:44:00","0.080","63550","0.000","0","0.000","0"
"2011-02-08 13:09:00","0.090","64050","0.000","0","0.000","0"
"2011-02-08 14:08:00","0.090","114050","0.000","0","0.000","0"
"2011-02-08 14:46:00","0.080","129050","0.000","0","0.000","0"
"2011-02-08 14:47:00","0.080","134050","0.000","0","0.000","0"
"2011-02-08 14:51:00","0.080","144050","0.000","0","0.000","0"
"2011-02-08 14:53:00","0.080","149050","0.000","0","0.000","0"
"2011-02-09 13:05:00","0.090","500","0.000","0","0.000","0"
"2011-02-10 10:49:00","0.075","7000","0.000","0","0.000","0"
"2011-02-10 15:26:00","0.090","32000","0.000","0","0.000","0"
"2011-02-11 10:02:00","0.075","5500","0.000","0","0.000","0"
"2011-02-14 11:42:00","0.090","433","0.000","0","0.000","0"
"2011-02-14 13:34:00","0.090","5433","0.000","0","0.000","0"
"2011-02-14 15:01:00","0.090","6033","0.000","0","0.000","0"
"2011-02-15 09:31:00","0.090","16600","0.000","0","0.000","0"
"2011-02-15 09:36:00","0.090","41255","0.000","0","0.000","0"
"2011-02-15 09:50:00","0.090","51255","0.000","0","0.000","0"
"2011-02-15 11:04:00","0.090","54255","0.000","0","0.000","0"
"2011-02-15 11:18:00","0.090","70255","0.000","0","0.000","0"
"2011-02-15 11:38:00","0.090","85960","0.000","0","0.000","0"
"2011-02-15 13:17:00","0.080","95960","0.000","0","0.000","0"
"2011-02-15 13:59:00","0.080","98255","0.000","0","0.000","0"
"2011-02-15 14:05:00","0.080","103255","0.000","0","0.000","0"
"2011-02-17 15:00:00","0.080","5000","0.000","0","0.000","0"
"2011-02-17 15:37:00","0.090","5233","0.000","0","0.000","0"
"2011-02-22 09:39:00","0.090","4600","0.000","0","0.000","0"
"2011-02-23 09:30:00","0.080","1000","0.000","0","0.000","0"
"2011-02-23 09:36:00","0.090","39733","0.000","0","0.000","0"
"2011-02-23 09:46:00","0.090","42239","0.000","0","0.000","0"
"2011-02-23 10:38:00","0.100","47239","0.000","0","0.000","0"
"2011-02-23 10:41:00","0.095","52339","0.000","0","0.000","0"
"2011-02-23 12:41:00","0.090","92339","0.000","0","0.000","0"
"2011-02-23 12:49:00","0.090","95339","0.000","0","0.000","0"
"2011-02-23 15:54:00","0.100","182081","0.000","0","0.000","0"
"2011-02-23 15:55:00","0.100","204339","0.000","0","0.000","0"
"2011-02-23 15:56:00","0.100","205839","0.000","0","0.000","0"
"2011-02-24 10:04:00","0.090","130","0.000","0","0.000","0"
"2011-02-24 11:29:00","0.110","630","0.000","0","0.000","0"
"2011-02-24 11:42:00","0.090","7630","0.000","0","0.000","0"
"2011-02-24 15:55:00","0.110","18030","0.000","0","0.000","0"
"2011-02-25 13:38:00","0.100","2000","0.000","0","0.000","0"
"2011-02-25 15:07:00","0.090","83700","0.000","0","0.000","0"
"2011-02-25 15:15:00","0.090","93700","0.000","0","0.000","0"
"2011-02-25 15:48:00","0.110","100200","0.000","0","0.000","0"
"2011-02-28 10:18:00","0.100","5000","0.000","0","0.000","0"
"2011-02-28 11:09:00","0.100","6000","0.000","0","0.000","0"
"2011-02-28 14:39:00","0.090","24000","0.000","0","0.000","0"
"2011-02-28 14:41:00","0.090","29327","0.000","0","0.000","0"
"2011-02-28 14:50:00","0.085","30327","0.000","0","0.000","0"
"2011-02-28 15:33:00","0.085","35327","0.000","0","0.000","0"
"2011-03-01 15:44:00","0.109","22057","0.000","0","0.000","0"
"2011-03-02 11:54:00","0.100","8920","0.000","0","0.000","0"
"2011-03-02 13:00:00","0.090","10420","0.000","0","0.000","0"
"2011-03-02 15:28:00","0.090","26987","0.000","0","0.000","0"
"2011-03-03 09:30:00","0.085","240","0.000","0","0.000","0"
"2011-03-03 11:44:00","0.090","765","0.000","0","0.000","0"
"2011-03-04 15:59:00","0.100","500","0.000","0","0.000","0"
"2011-03-07 15:34:00","0.090","0","0.000","0","0.000","0"
"2011-03-08 14:17:00","0.100","1500","0.000","0","0.000","0"
"2011-03-09 10:29:00","0.095","15000","0.000","0","0.000","0"
"2011-03-09 12:32:00","0.080","55000","0.000","0","0.000","0"
"2011-03-09 15:42:00","0.095","55250","0.000","0","0.000","0"
"2011-03-10 09:36:00","0.090","16000","0.000","0","0.000","0"
"2011-03-10 12:38:00","0.080","16400","0.000","0","0.000","0"
"2011-03-10 13:27:00","0.085","16800","0.000","0","0.000","0"
"2011-03-10 15:04:00","0.090","21888","0.000","0","0.000","0"
"2011-03-11 13:46:00","0.080","100","0.000","0","0.000","0"
"2011-03-11 15:11:00","0.090","367","0.000","0","0.000","0"
"2011-03-11 15:56:00","0.090","3367","0.000","0","0.000","0"
"2011-03-11 16:56:00","0.090","3367","0.000","0","0.000","0"
"2011-03-14 10:48:00","0.076","227","0.000","0","0.000","0"
"2011-03-14 13:45:00","0.085","3752","0.000","0","0.000","0"
"2011-03-14 14:17:00","0.085","5752","0.000","0","0.000","0"
"2011-03-14 14:46:00","0.080","15752","0.000","0","0.000","0"
"2011-03-14 15:39:00","0.090","42052","0.000","0","0.000","0"
"2011-03-14 15:41:00","0.090","75052","0.000","0","0.000","0"
"2011-03-14 15:45:00","0.090","75861","0.000","0","0.000","0"
"2011-03-14 15:46:00","0.100","101552","0.000","0","0.000","0"
"2011-03-14 15:55:00","0.100","106552","0.000","0","0.000","0"
"2011-03-14 15:56:00","0.100","121248","0.000","0","0.000","0"
"2011-03-15 09:51:00","0.100","10000","0.000","0","0.000","0"
"2011-03-15 09:53:00","0.100","30000","0.000","0","0.000","0"
"2011-03-15 10:39:00","0.100","40000","0.000","0","0.000","0"
"2011-03-15 13:15:00","0.080","50472","0.000","0","0.000","0"
"2011-03-15 15:30:00","0.105","50722","0.000","0","0.000","0"
"2011-03-16 15:02:00","0.085","100","0.000","0","0.000","0"
"2011-03-16 15:46:00","0.105","600","0.000","0","0.000","0"
"2011-03-17 13:49:00","0.085","200","0.000","0","0.000","0"
"2011-03-17 15:09:00","0.105","450","0.000","0","0.000","0"
"2011-03-21 09:31:00","0.085","450","0.000","0","0.000","0"
"2011-03-21 14:15:00","0.100","700","0.000","0","0.000","0"
"2011-03-23 09:41:00","0.090","5000","0.000","0","0.000","0"
"2011-03-23 10:43:00","0.090","51842","0.000","0","0.000","0"
"2011-03-23 11:24:00","0.090","53786","0.000","0","0.000","0"
"2011-03-23 12:21:00","0.090","55786","0.000","0","0.000","0"
"2011-03-23 14:47:00","0.090","56460","0.000","0","0.000","0"
"2011-03-23 14:57:00","0.090","57460","0.000","0","0.000","0"
"2011-03-23 14:59:00","0.076","112953","0.000","0","0.000","0"
"2011-03-23 15:00:00","0.075","157460","0.000","0","0.000","0"
"2011-03-24 09:30:00","0.080","5000","0.000","0","0.000","0"
"2011-03-24 10:30:00","0.090","10000","0.000","0","0.000","0"
"2011-03-24 10:32:00","0.090","54500","0.000","0","0.000","0"
"2011-03-25 13:43:00","0.080","1200","0.000","0","0.000","0"
"2011-03-29 09:53:00","0.085","10000","0.000","0","0.000","0"
"2011-03-29 11:22:00","0.080","17000","0.000","0","0.000","0"
"2011-03-29 11:44:00","0.090","20500","0.000","0","0.000","0"
"2011-03-30 09:30:00","0.090","11810","0.000","0","0.000","0"
"2011-03-30 10:11:00","0.080","16810","0.000","0","0.000","0"
"2011-03-30 10:17:00","0.075","21810","0.000","0","0.000","0"
"2011-03-30 15:08:00","0.090","22310","0.000","0","0.000","0"
"2011-03-30 15:55:00","0.090","22810","0.000","0","0.000","0"
"2011-03-31 15:18:00","0.088","500","0.000","0","0.000","0"
"2011-04-01 10:16:00","0.088","5000","0.000","0","0.000","0"
"2011-04-01 12:23:00","0.070","42998","0.000","0","0.000","0"
"2011-04-01 12:59:00","0.076","81998","0.000","0","0.000","0"
"2011-04-01 13:00:00","0.070","100998","0.000","0","0.000","0"
"2011-04-01 15:35:00","0.080","101498","0.000","0","0.000","0"
"2011-04-01 15:51:00","0.080","103498","0.000","0","0.000","0"
"2011-04-04 14:56:00","0.080","12500","0.000","0","0.000","0"
"2011-04-04 15:16:00","0.085","13000","0.000","0","0.000","0"
"2011-04-05 10:08:00","0.090","500","0.000","0","0.000","0"
"2011-04-05 13:48:00","0.090","2600","0.000","0","0.000","0"
"2011-04-06 09:33:00","0.070","7000","0.000","0","0.000","0"
"2011-04-06 09:37:00","0.065","31000","0.000","0","0.000","0"
"2011-04-06 09:40:00","0.070","31260","0.000","0","0.000","0"
"2011-04-06 13:30:00","0.090","32060","0.000","0","0.000","0"
"2011-04-06 13:32:00","0.090","36260","0.000","0","0.000","0"
"2011-04-07 14:48:00","0.088","10000","0.000","0","0.000","0"
"2011-04-07 15:00:00","0.065","35000","0.000","0","0.000","0"
"2011-04-07 15:32:00","0.085","45000","0.000","0","0.000","0"
"2011-04-07 15:33:00","0.090","50000","0.000","0","0.000","0"
"2011-04-07 15:35:00","0.090","51000","0.000","0","0.000","0"
"2011-04-07 15:36:00","0.090","52000","0.000","0","0.000","0"
"2011-04-08 09:37:00","0.075","100","0.000","0","0.000","0"
"2011-04-08 15:20:00","0.075","25100","0.000","0","0.000","0"
"2011-04-08 15:47:00","0.090","25428","0.000","0","0.000","0"
"2011-04-11 14:22:00","0.075","1000","0.000","0","0.000","0"
"2011-04-12 10:04:00","0.085","3996","0.000","0","0.000","0"
"2011-04-13 14:05:00","0.075","240","0.000","0","0.000","0"
"2011-04-14 14:13:00","0.085","800","0.000","0","0.000","0"
"2011-04-15 13:31:00","0.080","25000","0.000","0","0.000","0"
"2011-04-15 14:05:00","0.085","25800","0.000","0","0.000","0"
"2011-04-15 14:19:00","0.080","26300","0.000","0","0.000","0"
"2011-04-15 14:22:00","0.080","27900","0.000","0","0.000","0"
"2011-04-15 14:23:00","0.085","28600","0.000","0","0.000","0"
"2011-04-15 15:18:00","0.085","52100","0.000","0","0.000","0"
"2011-04-19 14:51:00","0.080","500","0.000","0","0.000","0"
"2011-04-19 15:24:00","0.085","1000","0.000","0","0.000","0"
"2011-04-19 15:43:00","0.085","3000","0.000","0","0.000","0"
"2011-04-20 09:32:00","0.080","5000","0.000","0","0.000","0"
"2011-04-20 11:57:00","0.080","30265","0.000","0","0.000","0"
"2011-04-20 12:50:00","0.080","33265","0.000","0","0.000","0"
"2011-04-20 15:09:00","0.070","33465","0.000","0","0.000","0"
"2011-04-20 15:18:00","0.080","33665","0.000","0","0.000","0"
"2011-04-21 12:13:00","0.080","19500","0.000","0","0.000","0"
"2011-04-25 10:50:00","0.070","500","0.000","0","0.000","0"
"2011-04-25 14:00:00","0.080","900","0.000","0","0.000","0"
"2011-04-26 09:51:00","0.070","160","0.000","0","0.000","0"
"2011-04-26 11:06:00","0.080","660","0.000","0","0.000","0"
"2011-04-26 12:11:00","0.070","26200","0.000","0","0.000","0"
"2011-04-26 12:17:00","0.070","31200","0.000","0","0.000","0"
"2011-04-27 09:41:00","0.070","7500","0.000","0","0.000","0"
"2011-04-27 12:30:00","0.070","33500","0.000","0","0.000","0"
"2011-04-27 15:36:00","0.080","34500","0.000","0","0.000","0"
"2011-04-28 11:35:00","0.060","21533","0.000","0","0.000","0"
"2011-04-28 14:12:00","0.065","22433","0.000","0","0.000","0"
"2011-04-28 14:52:00","0.065","26193","0.000","0","0.000","0"
"2011-04-28 15:43:00","0.080","26465","0.000","0","0.000","0"
"2011-04-29 09:58:00","0.080","62500","0.000","0","0.000","0"
"2011-04-29 13:51:00","0.080","63500","0.000","0","0.000","0"
"2011-04-29 14:37:00","0.080","81074","0.000","0","0.000","0"
"2011-04-29 14:38:00","0.080","83334","0.000","0","0.000","0"
"2011-04-29 14:53:00","0.080","91334","0.000","0","0.000","0"
"2011-04-29 14:56:00","0.080","104760","0.000","0","0.000","0"
"2011-04-29 15:50:00","0.080","204760","0.000","0","0.000","0"
"2011-05-02 09:54:00","0.060","10000","0.000","0","0.000","0"
"2011-05-02 10:52:00","0.071","14000","0.000","0","0.000","0"
"2011-05-03 09:53:00","0.080","1500","0.000","0","0.000","0"
"2011-05-03 10:06:00","0.080","22120","0.000","0","0.000","0"
"2011-05-04 10:43:00","0.090","300","0.000","0","0.000","0"
"2011-05-04 12:39:00","0.090","79300","0.000","0","0.000","0"
"2011-05-05 12:03:00","0.095","250","0.000","0","0.000","0"
"2011-05-05 13:00:00","0.095","483","0.000","0","0.000","0"
"2011-05-05 13:18:00","0.090","47483","0.000","0","0.000","0"
"2011-05-05 13:25:00","0.080","51233","0.000","0","0.000","0"
"2011-05-05 13:26:00","0.075","56483","0.000","0","0.000","0"
"2011-05-05 13:28:00","0.070","81483","0.000","0","0.000","0"
"2011-05-05 13:34:00","0.070","86483","0.000","0","0.000","0"
"2011-05-05 13:39:00","0.070","97483","0.000","0","0.000","0"
"2011-05-05 13:54:00","0.065","160483","0.000","0","0.000","0"
"2011-05-05 15:42:00","0.090","161053","0.000","0","0.000","0"
"2011-05-06 10:31:00","0.090","11500","0.000","0","0.000","0"
"2011-05-06 15:48:00","0.095","22100","0.000","0","0.000","0"
"2011-05-09 10:22:00","0.095","32467","0.000","0","0.000","0"
"2011-05-09 10:49:00","0.095","33767","0.000","0","0.000","0"
"2011-05-09 10:51:00","0.100","34267","0.000","0","0.000","0"
"2011-05-09 10:53:00","0.095","54267","0.000","0","0.000","0"
"2011-05-09 11:00:00","0.095","88987","0.000","0","0.000","0"
"2011-05-09 11:21:00","0.095","93987","0.000","0","0.000","0"
"2011-05-09 11:23:00","0.095","99387","0.000","0","0.000","0"
"2011-05-09 11:44:00","0.100","99687","0.000","0","0.000","0"
"2011-05-09 13:39:00","0.066","99787","0.000","0","0.000","0"
"2011-05-09 14:10:00","0.100","99987","0.000","0","0.000","0"
"2011-05-11 13:14:00","0.090","10000","0.000","0","0.000","0"
"2011-05-11 15:37:00","0.095","11800","0.000","0","0.000","0"
"2011-05-12 09:51:00","0.070","36000","0.000","0","0.000","0"
"2011-05-12 15:48:00","0.095","36400","0.000","0","0.000","0"
"2011-05-16 15:13:00","0.090","2000","0.000","0","0.000","0"
"2011-05-16 15:59:00","0.070","4800","0.000","0","0.000","0"
"2011-05-17 09:34:00","0.070","113400","0.000","0","0.000","0"
"2011-05-17 09:36:00","0.063","140600","0.000","0","0.000","0"
"2011-05-17 09:37:00","0.061","140760","0.000","0","0.000","0"
"2011-05-17 09:38:00","0.061","140920","0.000","0","0.000","0"
"2011-05-17 09:40:00","0.063","145920","0.000","0","0.000","0"
"2011-05-17 09:41:00","0.063","160920","0.000","0","0.000","0"
"2011-05-17 09:43:00","0.063","170240","0.000","0","0.000","0"
"2011-05-17 09:45:00","0.070","180240","0.000","0","0.000","0"
"2011-05-17 09:46:00","0.070","190240","0.000","0","0.000","0"
"2011-05-17 09:48:00","0.070","210240","0.000","0","0.000","0"
"2011-05-17 09:51:00","0.070","245240","0.000","0","0.000","0"
"2011-05-17 09:53:00","0.070","270240","0.000","0","0.000","0"
"2011-05-17 09:54:00","0.070","290240","0.000","0","0.000","0"
"2011-05-17 09:55:00","0.063","294240","0.000","0","0.000","0"
"2011-05-17 09:56:00","0.070","304240","0.000","0","0.000","0"
"2011-05-17 09:57:00","0.070","334240","0.000","0","0.000","0"
"2011-05-17 10:00:00","0.070","354240","0.000","0","0.000","0"
"2011-05-17 10:04:00","0.070","374240","0.000","0","0.000","0"
"2011-05-17 10:05:00","0.070","394240","0.000","0","0.000","0"
"2011-05-17 10:08:00","0.070","414240","0.000","0","0.000","0"
"2011-05-17 10:17:00","0.063","455920","0.000","0","0.000","0"
"2011-05-17 10:27:00","0.070","465920","0.000","0","0.000","0"
"2011-05-17 10:42:00","0.061","478240","0.000","0","0.000","0"
"2011-05-17 10:56:00","0.065","482640","0.000","0","0.000","0"
"2011-05-17 10:58:00","0.065","484640","0.000","0","0.000","0"
"2011-05-17 11:35:00","0.070","504640","0.000","0","0.000","0"
"2011-05-17 11:37:00","0.070","524640","0.000","0","0.000","0"
"2011-05-17 11:55:00","0.070","544640","0.000","0","0.000","0"
"2011-05-17 12:09:00","0.080","545240","0.000","0","0.000","0"
"2011-05-17 14:43:00","0.088","545540","0.000","0","0.000","0"
"2011-05-19 12:54:00","0.080","20000","0.000","0","0.000","0"
"2011-05-19 15:42:00","0.080","27485","0.000","0","0.000","0"
"2011-05-23 10:06:00","0.080","20000","0.000","0","0.000","0"
"2011-05-23 15:09:00","0.070","26325","0.000","0","0.000","0"
"2011-05-23 15:11:00","0.070","27325","0.000","0","0.000","0"
"2011-05-23 15:24:00","0.070","33225","0.000","0","0.000","0"
"2011-05-24 11:05:00","0.080","2800","0.000","0","0.000","0"
"2011-05-24 13:57:00","0.080","7800","0.000","0","0.000","0"
"2011-05-24 14:51:00","0.080","13960","0.000","0","0.000","0"
"2011-05-26 12:31:00","0.070","12207","0.000","0","0.000","0"
"2011-05-26 14:59:00","0.080","12707","0.000","0","0.000","0"
"2011-05-27 11:27:00","0.080","12450","0.000","0","0.000","0"
"2011-05-27 12:36:00","0.070","15250","0.000","0","0.000","0"
"2011-05-31 10:55:00","0.070","6454","0.000","0","0.000","0"
"2011-05-31 13:54:00","0.074","6554","0.000","0","0.000","0"
"2011-05-31 15:54:00","0.080","9354","0.000","0","0.000","0"
"2011-06-01 15:55:00","0.074","100","0.000","0","0.000","0"
"2011-06-02 09:30:00","0.080","13000","0.000","0","0.000","0"
"2011-06-02 09:57:00","0.078","14330","0.000","0","0.000","0"
"2011-06-02 11:02:00","0.078","19330","0.000","0","0.000","0"
"2011-06-02 12:27:00","0.080","77750","0.000","0","0.000","0"
"2011-06-02 13:16:00","0.080","77850","0.000","0","0.000","0"
"2011-06-02 13:35:00","0.080","82100","0.000","0","0.000","0"
"2011-06-02 13:59:00","0.080","83200","0.000","0","0.000","0"
"2011-06-03 15:20:00","0.070","5000","0.000","0","0.000","0"
"2011-06-03 15:35:00","0.070","20000","0.000","0","0.000","0"
"2011-06-06 12:03:00","0.075","5000","0.000","0","0.000","0"
"2011-06-06 15:41:00","0.075","5430","0.000","0","0.000","0"
"2011-06-07 13:06:00","0.083","5000","0.000","0","0.000","0"
"2011-06-07 15:11:00","0.083","5200","0.000","0","0.000","0"
"2011-06-08 10:43:00","0.083","400","0.000","0","0.000","0"
"2011-06-08 12:32:00","0.083","5400","0.000","0","0.000","0"
"2011-06-08 14:16:00","0.080","10400","0.000","0","0.000","0"
"2011-06-08 14:30:00","0.080","14700","0.000","0","0.000","0"
"2011-06-09 11:42:00","0.078","5000","0.000","0","0.000","0"
"2011-06-09 12:09:00","0.080","8600","0.000","0","0.000","0"
"2011-06-09 14:10:00","0.080","12600","0.000","0","0.000","0"
"2011-06-10 10:12:00","0.080","58100","0.000","0","0.000","0"
"2011-06-10 13:33:00","0.080","69800","0.000","0","0.000","0"
"2011-06-10 13:42:00","0.090","70300","0.000","0","0.000","0"
"2011-06-10 13:51:00","0.083","75300","0.000","0","0.000","0"
"2011-06-10 13:52:00","0.070","80300","0.000","0","0.000","0"
"2011-06-10 13:53:00","0.070","85300","0.000","0","0.000","0"
"2011-06-10 13:54:00","0.065","95300","0.000","0","0.000","0"
"2011-06-10 13:56:00","0.075","95800","0.000","0","0.000","0"
"2011-06-10 14:38:00","0.072","99800","0.000","0","0.000","0"
"2011-06-10 14:40:00","0.075","100300","0.000","0","0.000","0"
"2011-06-13 09:33:00","0.090","400","0.000","0","0.000","0"
"2011-06-13 11:00:00","0.088","11800","0.000","0","0.000","0"
"2011-06-13 11:06:00","0.090","16600","0.000","0","0.000","0"
"2011-06-13 11:35:00","0.095","17000","0.000","0","0.000","0"
"2011-06-13 15:32:00","0.090","17200","0.000","0","0.000","0"
"2011-06-14 10:22:00","0.090","1000","0.000","0","0.000","0"
"2011-06-15 17:20:00","0.090","200","0.000","0","0.000","0"
"2011-06-16 11:43:00","0.076","2500","0.000","0","0.000","0"
"2011-06-16 12:23:00","0.095","3000","0.000","0","0.000","0"
"2011-06-16 12:41:00","0.095","3120","0.000","0","0.000","0"
"2011-06-16 20:10:00","0.090","200","0.000","0","0.000","0"
"2011-06-17 14:34:00","0.095","1950","0.000","0","0.000","0"
"2011-06-20 09:30:00","0.076","5000","0.000","0","0.000","0"
"2011-06-20 09:46:00","0.075","20000","0.000","0","0.000","0"
"2011-06-20 10:33:00","0.075","30000","0.000","0","0.000","0"
"2011-06-20 10:54:00","0.090","32000","0.000","0","0.000","0"
"2011-06-20 10:56:00","0.095","40500","0.000","0","0.000","0"
"2011-06-20 11:48:00","0.095","62250","0.000","0","0.000","0"
"2011-06-20 13:15:00","0.095","72250","0.000","0","0.000","0"
"2011-06-21 10:05:00","0.090","172","0.000","0","0.000","0"
"2011-06-21 11:40:00","0.080","1112","0.000","0","0.000","0"
"2011-06-21 11:41:00","0.095","1412","0.000","0","0.000","0"
"2011-06-21 13:52:00","0.075","21497","0.000","0","0.000","0"
"2011-06-21 14:33:00","0.095","21797","0.000","0","0.000","0"
"2011-06-21 15:53:00","0.095","31797","0.000","0","0.000","0"
"2011-06-21 15:55:00","0.098","32297","0.000","0","0.000","0"
"2011-06-22 11:04:00","0.098","300","0.000","0","0.000","0"
"2011-06-22 11:05:00","0.098","10300","0.000","0","0.000","0"
"2011-06-22 12:10:00","0.087","10600","0.000","0","0.000","0"
"2011-06-22 13:26:00","0.100","10850","0.000","0","0.000","0"
"2011-06-22 15:22:00","0.100","110850","0.000","0","0.000","0"
"2011-06-22 15:58:00","0.097","114850","0.000","0","0.000","0"
"2011-06-23 09:30:00","0.080","200","0.000","0","0.000","0"
"2011-06-23 13:58:00","0.083","5200","0.000","0","0.000","0"
"2011-06-23 14:03:00","0.083","10200","0.000","0","0.000","0"
"2011-06-23 14:06:00","0.083","15200","0.000","0","0.000","0"
"2011-06-23 14:08:00","0.081","25200","0.000","0","0.000","0"
"2011-06-23 14:09:00","0.081","35200","0.000","0","0.000","0"
"2011-06-23 14:11:00","0.081","45200","0.000","0","0.000","0"
"2011-06-23 14:12:00","0.081","55200","0.000","0","0.000","0"
"2011-06-23 14:13:00","0.081","65200","0.000","0","0.000","0"
"2011-06-23 14:15:00","0.080","70200","0.000","0","0.000","0"
"2011-06-23 14:16:00","0.080","70360","0.000","0","0.000","0"
"2011-06-24 10:23:00","0.070","15000","0.000","0","0.000","0"
"2011-06-27 10:10:00","0.085","300","0.000","0","0.000","0"
"2011-06-27 10:39:00","0.070","400","0.000","0","0.000","0"
"2011-06-27 11:57:00","0.070","500","0.000","0","0.000","0"
"2011-06-27 12:00:00","0.080","800","0.000","0","0.000","0"
"2011-06-27 14:43:00","0.090","19500","0.000","0","0.000","0"
"2011-06-27 15:10:00","0.090","29500","0.000","0","0.000","0"
"2011-06-27 15:13:00","0.090","39500","0.000","0","0.000","0"
"2011-06-27 15:15:00","0.090","59500","0.000","0","0.000","0"
"2011-06-27 15:16:00","0.090","64800","0.000","0","0.000","0"
"2011-06-28 09:36:00","0.099","350","0.000","0","0.000","0"
"2011-06-28 11:42:00","0.070","550","0.000","0","0.000","0"
"2011-06-28 11:47:00","0.099","800","0.000","0","0.000","0"
"2011-06-29 10:10:00","0.099","250","0.000","0","0.000","0"
"2011-06-29 10:52:00","0.085","450","0.000","0","0.000","0"
"2011-06-29 11:06:00","0.085","650","0.000","0","0.000","0"
"2011-06-29 11:47:00","0.090","5650","0.000","0","0.000","0"
"2011-06-29 12:35:00","0.090","10650","0.000","0","0.000","0"
"2011-06-29 12:54:00","0.099","16000","0.000","0","0.000","0"
"2011-06-29 15:37:00","0.095","21000","0.000","0","0.000","0"
"2011-06-30 09:38:00","0.099","3500","0.000","0","0.000","0"
"2011-06-30 11:10:00","0.095","43000","0.000","0","0.000","0"
"2011-06-30 11:13:00","0.095","53000","0.000","0","0.000","0"
"2011-06-30 11:15:00","0.090","58000","0.000","0","0.000","0"
"2011-06-30 15:57:00","0.090","63000","0.000","0","0.000","0"
"2011-07-01 09:30:00","0.110","30000","0.000","0","0.000","0"
"2011-07-01 09:36:00","0.110","84306","0.000","0","0.000","0"
"2011-07-01 09:42:00","0.120","99305","0.000","0","0.000","0"
"2011-07-01 09:45:00","0.130","104305","0.000","0","0.000","0"
"2011-07-01 09:47:00","0.200","111805","0.000","0","0.000","0"
"2011-07-01 09:58:00","0.160","117505","0.000","0","0.000","0"
"2011-07-01 10:01:00","0.140","133005","0.000","0","0.000","0"
"2011-07-01 10:15:00","0.120","158377","0.000","0","0.000","0"
"2011-07-01 10:34:00","0.120","168377","0.000","0","0.000","0"
"2011-07-01 10:44:00","0.130","171377","0.000","0","0.000","0"
"2011-07-01 11:11:00","0.130","186006","0.000","0","0.000","0"
"2011-07-01 11:16:00","0.120","196006","0.000","0","0.000","0"
"2011-07-01 11:24:00","0.120","216006","0.000","0","0.000","0"
"2011-07-01 11:27:00","0.120","236006","0.000","0","0.000","0"
"2011-07-01 11:31:00","0.120","256006","0.000","0","0.000","0"
"2011-07-01 12:13:00","0.120","261006","0.000","0","0.000","0"
"2011-07-01 12:14:00","0.120","265433","0.000","0","0.000","0"
"2011-07-01 12:22:00","0.120","266266","0.000","0","0.000","0"
"2011-07-01 12:25:00","0.120","271266","0.000","0","0.000","0"
"2011-07-01 13:12:00","0.120","276266","0.000","0","0.000","0"
"2011-07-01 14:13:00","0.120","286266","0.000","0","0.000","0"
"2011-07-01 14:27:00","0.125","293266","0.000","0","0.000","0"
"2011-07-01 14:34:00","0.125","296266","0.000","0","0.000","0"
"2011-07-01 14:43:00","0.130","298766","0.000","0","0.000","0"
"2011-07-01 14:53:00","0.150","322716","0.000","0","0.000","0"
"2011-07-01 14:55:00","0.150","330216","0.000","0","0.000","0"
"2011-07-01 14:56:00","0.150","340216","0.000","0","0.000","0"
"2011-07-01 14:59:00","0.170","341216","0.000","0","0.000","0"
"2011-07-01 15:23:00","0.150","347216","0.000","0","0.000","0"
"2011-07-01 15:36:00","0.150","357216","0.000","0","0.000","0"
"2011-07-01 15:37:00","0.150","367216","0.000","0","0.000","0"
"2011-07-01 15:39:00","0.150","377216","0.000","0","0.000","0"
"2011-07-01 15:42:00","0.150","397216","0.000","0","0.000","0"
"2011-07-01 15:43:00","0.150","407216","0.000","0","0.000","0"
"2011-07-01 15:55:00","0.160","407716","0.000","0","0.000","0"
"2011-07-05 09:31:00","0.080","23930","0.000","0","0.000","0"
"2011-07-05 09:35:00","0.066","125730","0.000","0","0.000","0"
"2011-07-05 09:37:00","0.065","133830","0.000","0","0.000","0"
"2011-07-05 09:38:00","0.064","185830","0.000","0","0.000","0"
"2011-07-05 09:40:00","0.063","190830","0.000","0","0.000","0"
"2011-07-05 09:42:00","0.060","208330","0.000","0","0.000","0"
"2011-07-05 09:43:00","0.050","248330","0.000","0","0.000","0"
"2011-07-05 09:44:00","0.050","268330","0.000","0","0.000","0"
"2011-07-05 09:45:00","0.049","298330","0.000","0","0.000","0"
"2011-07-05 09:46:00","0.049","348330","0.000","0","0.000","0"
"2011-07-05 09:47:00","0.041","378330","0.000","0","0.000","0"
"2011-07-05 09:48:00","0.040","405930","0.000","0","0.000","0"
"2011-07-05 09:49:00","0.050","445730","0.000","0","0.000","0"
"2011-07-05 09:50:00","0.050","495730","0.000","0","0.000","0"
"2011-07-05 09:53:00","0.042","535730","0.000","0","0.000","0"
"2011-07-05 09:55:00","0.042","585730","0.000","0","0.000","0"
"2011-07-05 09:56:00","0.042","595730","0.000","0","0.000","0"
"2011-07-05 09:58:00","0.042","605730","0.000","0","0.000","0"
"2011-07-05 10:01:00","0.042","644091","0.000","0","0.000","0"
"2011-07-05 10:04:00","0.042","727520","0.000","0","0.000","0"
"2011-07-05 10:06:00","0.042","746020","0.000","0","0.000","0"
"2011-07-05 10:08:00","0.042","755520","0.000","0","0.000","0"
"2011-07-05 10:14:00","0.040","764020","0.000","0","0.000","0"
"2011-07-05 10:17:00","0.040","765020","0.000","0","0.000","0"
"2011-07-05 10:27:00","0.039","765814","0.000","0","0.000","0"
"2011-07-05 10:29:00","0.039","769814","0.000","0","0.000","0"
"2011-07-05 10:33:00","0.035","784814","0.000","0","0.000","0"
"2011-07-05 10:35:00","0.035","794814","0.000","0","0.000","0"
"2011-07-05 10:37:00","0.035","814814","0.000","0","0.000","0"
"2011-07-05 10:39:00","0.035","907020","0.000","0","0.000","0"
"2011-07-05 10:42:00","0.039","943620","0.000","0","0.000","0"
"2011-07-05 10:43:00","0.039","953620","0.000","0","0.000","0"
"2011-07-05 10:47:00","0.040","984620","0.000","0","0.000","0"
"2011-07-05 10:48:00","0.040","1001120","0.000","0","0.000","0"
"2011-07-05 10:50:00","0.040","1085120","0.000","0","0.000","0"
"2011-07-05 10:52:00","0.040","1110120","0.000","0","0.000","0"
"2011-07-05 10:53:00","0.040","1120120","0.000","0","0.000","0"
"2011-07-05 10:55:00","0.036","1247520","0.000","0","0.000","0"
"2011-07-05 11:07:00","0.035","1283464","0.000","0","0.000","0"
"2011-07-05 11:10:00","0.040","1381464","0.000","0","0.000","0"
"2011-07-05 11:11:00","0.040","1436164","0.000","0","0.000","0"
"2011-07-05 11:14:00","0.032","1486164","0.000","0","0.000","0"
"2011-07-05 11:20:00","0.035","1536164","0.000","0","0.000","0"
"2011-07-05 11:22:00","0.032","1586164","0.000","0","0.000","0"
"2011-07-05 11:29:00","0.040","1686164","0.000","0","0.000","0"
"2011-07-05 11:31:00","0.040","1729164","0.000","0","0.000","0"
"2011-07-05 11:32:00","0.040","1735500","0.000","0","0.000","0"
"2011-07-05 11:34:00","0.040","1750500","0.000","0","0.000","0"
"2011-07-05 11:36:00","0.040","1780500","0.000","0","0.000","0"
"2011-07-05 11:38:00","0.040","1815000","0.000","0","0.000","0"
"2011-07-05 11:42:00","0.040","1830000","0.000","0","0.000","0"
"2011-07-05 11:45:00","0.040","1840000","0.000","0","0.000","0"
"2011-07-05 11:47:00","0.040","1855000","0.000","0","0.000","0"
"2011-07-05 11:56:00","0.040","1860000","0.000","0","0.000","0"
"2011-07-05 11:57:00","0.040","1879500","0.000","0","0.000","0"
"2011-07-05 11:58:00","0.040","1892300","0.000","0","0.000","0"
"2011-07-05 12:00:00","0.040","1895900","0.000","0","0.000","0"
"2011-07-05 12:04:00","0.040","1909900","0.000","0","0.000","0"
"2011-07-05 12:12:00","0.040","1916000","0.000","0","0.000","0"
"2011-07-05 12:15:00","0.040","2013364","0.000","0","0.000","0"
"2011-07-05 12:17:00","0.045","2039724","0.000","0","0.000","0"
"2011-07-05 12:31:00","0.040","2059724","0.000","0","0.000","0"
"2011-07-05 13:00:00","0.036","2069724","0.000","0","0.000","0"
"2011-07-05 13:01:00","0.035","2072224","0.000","0","0.000","0"
"2011-07-05 13:09:00","0.038","2075153","0.000","0","0.000","0"
"2011-07-05 13:12:00","0.038","2084995","0.000","0","0.000","0"
"2011-07-05 13:22:00","0.038","2098152","0.000","0","0.000","0"
"2011-07-05 13:25:00","0.038","2108152","0.000","0","0.000","0"
"2011-07-05 13:26:00","0.038","2122224","0.000","0","0.000","0"
"2011-07-05 13:28:00","0.035","2187328","0.000","0","0.000","0"
"2011-07-05 13:29:00","0.033","2222224","0.000","0","0.000","0"
"2011-07-05 13:32:00","0.038","2231974","0.000","0","0.000","0"
"2011-07-05 13:34:00","0.040","2245974","0.000","0","0.000","0"
"2011-07-05 13:48:00","0.038","2251174","0.000","0","0.000","0"
"2011-07-05 13:53:00","0.035","2261174","0.000","0","0.000","0"
"2011-07-05 13:55:00","0.035","2297674","0.000","0","0.000","0"
"2011-07-05 14:00:00","0.035","2333374","0.000","0","0.000","0"
"2011-07-05 14:03:00","0.035","2354418","0.000","0","0.000","0"
"2011-07-05 14:05:00","0.035","2364418","0.000","0","0.000","0"
"2011-07-05 14:11:00","0.033","2366732","0.000","0","0.000","0"
"2011-07-05 14:14:00","0.038","2414518","0.000","0","0.000","0"
"2011-07-05 14:21:00","0.032","2434418","0.000","0","0.000","0"
"2011-07-05 14:25:00","0.031","2475918","0.000","0","0.000","0"
"2011-07-05 14:28:00","0.030","2594418","0.000","0","0.000","0"
"2011-07-05 14:32:00","0.030","2633337","0.000","0","0.000","0"
"2011-07-05 14:33:00","0.030","2643637","0.000","0","0.000","0"
"2011-07-05 14:38:00","0.030","2668637","0.000","0","0.000","0"
"2011-07-05 14:41:00","0.028","2676037","0.000","0","0.000","0"
"2011-07-05 14:42:00","0.028","2686037","0.000","0","0.000","0"
"2011-07-05 14:43:00","0.030","2691037","0.000","0","0.000","0"
"2011-07-05 14:45:00","0.030","2701037","0.000","0","0.000","0"
"2011-07-05 14:47:00","0.028","2741520","0.000","0","0.000","0"
"2011-07-05 14:49:00","0.030","2757950","0.000","0","0.000","0"
"2011-07-05 14:51:00","0.030","2822950","0.000","0","0.000","0"
"2011-07-05 14:52:00","0.034","2823050","0.000","0","0.000","0"
"2011-07-05 14:53:00","0.028","2828000","0.000","0","0.000","0"
"2011-07-05 14:54:00","0.034","2828100","0.000","0","0.000","0"
"2011-07-05 14:56:00","0.034","2837900","0.000","0","0.000","0"
"2011-07-05 14:58:00","0.030","2878100","0.000","0","0.000","0"
"2011-07-05 15:00:00","0.030","2888100","0.000","0","0.000","0"
"2011-07-05 15:01:00","0.030","2903100","0.000","0","0.000","0"
"2011-07-05 15:02:00","0.030","2911100","0.000","0","0.000","0"
"2011-07-05 15:04:00","0.029","2912100","0.000","0","0.000","0"
"2011-07-05 15:10:00","0.029","2919100","0.000","0","0.000","0"
"2011-07-05 15:14:00","0.029","2928134","0.000","0","0.000","0"
"2011-07-05 15:15:00","0.029","2967420","0.000","0","0.000","0"
"2011-07-05 15:39:00","0.030","2989347","0.000","0","0.000","0"
"2011-07-05 15:41:00","0.030","2999047","0.000","0","0.000","0"
"2011-07-05 15:50:00","0.030","3011047","0.000","0","0.000","0"
"2011-07-05 15:52:00","0.029","3091047","0.000","0","0.000","0"
"2011-07-05 15:53:00","0.029","3121154","0.000","0","0.000","0"
"2011-07-05 15:54:00","0.028","3134774","0.000","0","0.000","0"
"2011-07-05 15:56:00","0.025","3149774","0.000","0","0.000","0"
"2011-07-05 15:57:00","0.024","3242774","0.000","0","0.000","0"
"2011-07-05 15:58:00","0.022","3369524","0.000","0","0.000","0"
"2011-07-05 15:59:00","0.025","3369624","0.000","0","0.000","0"
"2011-07-06 09:31:00","0.024","286065","0.000","0","0.000","0"
"2011-07-06 09:35:00","0.025","441065","0.000","0","0.000","0"
"2011-07-06 09:37:00","0.025","477665","0.000","0","0.000","0"
"2011-07-06 09:39:00","0.026","527665","0.000","0","0.000","0"
"2011-07-06 09:43:00","0.028","547665","0.000","0","0.000","0"
"2011-07-06 09:44:00","0.030","605558","0.000","0","0.000","0"
"2011-07-06 09:49:00","0.032","733522","0.000","0","0.000","0"
"2011-07-06 09:51:00","0.035","847722","0.000","0","0.000","0"
"2011-07-06 09:52:00","0.034","987634","0.000","0","0.000","0"
"2011-07-06 09:54:00","0.030","1127434","0.000","0","0.000","0"
"2011-07-06 09:55:00","0.030","1168820","0.000","0","0.000","0"
"2011-07-06 09:56:00","0.028","1207227","0.000","0","0.000","0"
"2011-07-06 10:14:00","0.030","1209227","0.000","0","0.000","0"
"2011-07-06 10:16:00","0.029","1219227","0.000","0","0.000","0"
"2011-07-06 10:23:00","0.030","1225227","0.000","0","0.000","0"
"2011-07-06 10:25:00","0.029","1250227","0.000","0","0.000","0"
"2011-07-06 10:27:00","0.028","1262227","0.000","0","0.000","0"
"2011-07-06 10:29:00","0.029","1283977","0.000","0","0.000","0"
"2011-07-06 10:32:00","0.029","1366227","0.000","0","0.000","0"
"2011-07-06 10:34:00","0.029","1400227","0.000","0","0.000","0"
"2011-07-06 10:44:00","0.031","1405227","0.000","0","0.000","0"
"2011-07-06 10:58:00","0.034","1415227","0.000","0","0.000","0"
"2011-07-06 11:02:00","0.030","1451227","0.000","0","0.000","0"
"2011-07-06 11:06:00","0.029","1456227","0.000","0","0.000","0"
"2011-07-06 11:07:00","0.028","1507137","0.000","0","0.000","0"
"2011-07-06 11:20:00","0.029","1526137","0.000","0","0.000","0"
"2011-07-06 11:22:00","0.030","1577137","0.000","0","0.000","0"
"2011-07-06 11:31:00","0.029","1597137","0.000","0","0.000","0"
"2011-07-06 11:32:00","0.029","1617137","0.000","0","0.000","0"
"2011-07-06 11:33:00","0.030","1654137","0.000","0","0.000","0"
"2011-07-06 11:44:00","0.031","1661878","0.000","0","0.000","0"
"2011-07-06 11:58:00","0.031","1666878","0.000","0","0.000","0"
"2011-07-06 12:01:00","0.033","1676878","0.000","0","0.000","0"
"2011-07-06 12:02:00","0.033","1696878","0.000","0","0.000","0"
"2011-07-06 12:03:00","0.033","1716878","0.000","0","0.000","0"
"2011-07-06 12:05:00","0.034","1739771","0.000","0","0.000","0"
"2011-07-06 12:10:00","0.035","1779771","0.000","0","0.000","0"
"2011-07-06 12:14:00","0.034","1805651","0.000","0","0.000","0"
"2011-07-06 12:15:00","0.035","1825651","0.000","0","0.000","0"
"2011-07-06 12:17:00","0.035","1845651","0.000","0","0.000","0"
"2011-07-06 12:19:00","0.035","1859651","0.000","0","0.000","0"
"2011-07-06 12:22:00","0.035","1869651","0.000","0","0.000","0"
"2011-07-06 12:23:00","0.035","1899251","0.000","0","0.000","0"
"2011-07-06 12:32:00","0.035","1914251","0.000","0","0.000","0"
"2011-07-06 12:47:00","0.035","1944251","0.000","0","0.000","0"
"2011-07-06 12:50:00","0.035","1954251","0.000","0","0.000","0"
"2011-07-06 12:51:00","0.035","1956251","0.000","0","0.000","0"
"2011-07-06 12:52:00","0.035","1986251","0.000","0","0.000","0"
"2011-07-06 12:53:00","0.035","2004651","0.000","0","0.000","0"
"2011-07-06 12:55:00","0.031","2009651","0.000","0","0.000","0"
"2011-07-06 13:11:00","0.031","2014651","0.000","0","0.000","0"
"2011-07-06 13:16:00","0.031","2059651","0.000","0","0.000","0"
"2011-07-06 13:32:00","0.030","2074651","0.000","0","0.000","0"
"2011-07-06 13:36:00","0.030","2089651","0.000","0","0.000","0"
"2011-07-06 13:39:00","0.031","2094651","0.000","0","0.000","0"
"2011-07-06 14:37:00","0.035","2114651","0.000","0","0.000","0"
"2011-07-06 14:56:00","0.033","2119651","0.000","0","0.000","0"
"2011-07-06 15:06:00","0.035","2162085","0.000","0","0.000","0"
"2011-07-06 15:23:00","0.035","2184078","0.000","0","0.000","0"
"2011-07-06 15:27:00","0.035","2205112","0.000","0","0.000","0"
"2011-07-06 15:28:00","0.035","2215112","0.000","0","0.000","0"
"2011-07-06 15:31:00","0.036","2229012","0.000","0","0.000","0"
"2011-07-06 15:35:00","0.036","2237012","0.000","0","0.000","0"
"2011-07-06 15:36:00","0.036","2247012","0.000","0","0.000","0"
"2011-07-06 15:37:00","0.035","2282012","0.000","0","0.000","0"
"2011-07-06 15:51:00","0.035","2302012","0.000","0","0.000","0"
"2011-07-06 15:56:00","0.035","2355800","0.000","0","0.000","0"
"2011-07-07 09:38:00","0.030","95000","0.000","0","0.000","0"
"2011-07-07 09:40:00","0.023","153800","0.000","0","0.000","0"
"2011-07-07 09:57:00","0.030","260632","0.000","0","0.000","0"
"2011-07-07 10:06:00","0.030","292800","0.000","0","0.000","0"
"2011-07-07 10:10:00","0.030","301132","0.000","0","0.000","0"
"2011-07-07 10:25:00","0.030","321132","0.000","0","0.000","0"
"2011-07-07 10:47:00","0.030","361132","0.000","0","0.000","0"
"2011-07-07 10:52:00","0.030","371132","0.000","0","0.000","0"
"2011-07-07 12:33:00","0.028","383832","0.000","0","0.000","0"
"2011-07-07 12:43:00","0.028","421132","0.000","0","0.000","0"
"2011-07-07 12:55:00","0.026","448632","0.000","0","0.000","0"
"2011-07-07 12:57:00","0.028","531332","0.000","0","0.000","0"
"2011-07-07 13:03:00","0.030","631332","0.000","0","0.000","0"
"2011-07-07 13:19:00","0.028","681332","0.000","0","0.000","0"
"2011-07-07 13:30:00","0.026","712732","0.000","0","0.000","0"
"2011-07-07 13:32:00","0.026","720774","0.000","0","0.000","0"
"2011-07-07 13:41:00","0.026","750574","0.000","0","0.000","0"
"2011-07-07 13:42:00","0.026","756881","0.000","0","0.000","0"
"2011-07-07 14:09:00","0.025","806881","0.000","0","0.000","0"
"2011-07-07 14:31:00","0.026","808081","0.000","0","0.000","0"
"2011-07-07 14:34:00","0.026","824081","0.000","0","0.000","0"
"2011-07-07 14:36:00","0.026","835481","0.000","0","0.000","0"
"2011-07-07 14:40:00","0.026","850574","0.000","0","0.000","0"
"2011-07-07 14:59:00","0.026","906681","0.000","0","0.000","0"
"2011-07-07 15:20:00","0.024","933681","0.000","0","0.000","0"
"2011-07-08 09:37:00","0.025","93088","0.000","0","0.000","0"
"2011-07-08 09:40:00","0.025","113088","0.000","0","0.000","0"
"2011-07-08 09:41:00","0.025","133088","0.000","0","0.000","0"
"2011-07-08 09:44:00","0.025","173088","0.000","0","0.000","0"
"2011-07-08 09:45:00","0.024","206088","0.000","0","0.000","0"
"2011-07-08 09:46:00","0.022","266088","0.000","0","0.000","0"
"2011-07-08 09:47:00","0.022","276088","0.000","0","0.000","0"
"2011-07-08 09:50:00","0.022","286088","0.000","0","0.000","0"
"2011-07-08 09:53:00","0.020","371413","0.000","0","0.000","0"
"2011-07-08 09:57:00","0.020","406413","0.000","0","0.000","0"
"2011-07-08 10:02:00","0.020","466413","0.000","0","0.000","0"
"2011-07-08 10:33:00","0.020","540813","0.000","0","0.000","0"
"2011-07-08 10:45:00","0.020","542813","0.000","0","0.000","0"
"2011-07-08 11:14:00","0.020","552813","0.000","0","0.000","0"
"2011-07-08 11:34:00","0.020","576813","0.000","0","0.000","0"
"2011-07-08 12:09:00","0.021","580668","0.000","0","0.000","0"
"2011-07-08 12:17:00","0.020","581668","0.000","0","0.000","0"
"2011-07-08 13:29:00","0.020","587668","0.000","0","0.000","0"
"2011-07-08 13:41:00","0.020","594068","0.000","0","0.000","0"
"2011-07-08 14:07:00","0.020","614168","0.000","0","0.000","0"
"2011-07-08 14:16:00","0.018","637339","0.000","0","0.000","0"
"2011-07-11 09:31:00","0.020","105000","0.000","0","0.000","0"
"2011-07-11 10:19:00","0.022","130440","0.000","0","0.000","0"
"2011-07-11 10:22:00","0.022","136000","0.000","0","0.000","0"
"2011-07-11 10:34:00","0.022","189000","0.000","0","0.000","0"
"2011-07-11 11:11:00","0.020","208000","0.000","0","0.000","0"
"2011-07-11 12:03:00","0.023","219400","0.000","0","0.000","0"
"2011-07-11 12:08:00","0.023","220000","0.000","0","0.000","0"
"2011-07-11 12:13:00","0.021","232500","0.000","0","0.000","0"
"2011-07-11 13:21:00","0.020","262500","0.000","0","0.000","0"
"2011-07-11 13:23:00","0.020","272500","0.000","0","0.000","0"
"2011-07-11 13:26:00","0.020","275700","0.000","0","0.000","0"
"2011-07-11 13:32:00","0.019","344700","0.000","0","0.000","0"
"2011-07-11 13:39:00","0.019","394700","0.000","0","0.000","0"
"2011-07-11 14:11:00","0.016","419700","0.000","0","0.000","0"
"2011-07-11 14:16:00","0.016","441920","0.000","0","0.000","0"
"2011-07-11 14:29:00","0.014","453310","0.000","0","0.000","0"
"2011-07-11 14:35:00","0.014","456810","0.000","0","0.000","0"
"2011-07-11 14:40:00","0.014","478810","0.000","0","0.000","0"
"2011-07-11 14:42:00","0.014","518810","0.000","0","0.000","0"
"2011-07-11 14:43:00","0.014","521510","0.000","0","0.000","0"
"2011-07-11 14:45:00","0.014","571510","0.000","0","0.000","0"
"2011-07-11 14:48:00","0.014","578810","0.000","0","0.000","0"
"2011-07-11 14:52:00","0.019","582810","0.000","0","0.000","0"
"2011-07-11 15:53:00","0.018","597810","0.000","0","0.000","0"
"2011-07-11 15:55:00","0.018","627810","0.000","0","0.000","0"
"2011-07-11 15:59:00","0.018","642810","0.000","0","0.000","0"
"2011-07-12 10:22:00","0.019","20000","0.000","0","0.000","0"
"2011-07-12 10:25:00","0.019","35000","0.000","0","0.000","0"
"2011-07-12 10:26:00","0.020","95000","0.000","0","0.000","0"
"2011-07-12 12:28:00","0.018","100000","0.000","0","0.000","0"
"2011-07-12 12:52:00","0.018","105000","0.000","0","0.000","0"
"2011-07-12 14:06:00","0.018","121430","0.000","0","0.000","0"
"2011-07-13 10:00:00","0.018","5000","0.000","0","0.000","0"
"2011-07-13 10:47:00","0.015","9307","0.000","0","0.000","0"
"2011-07-13 11:14:00","0.018","18307","0.000","0","0.000","0"
"2011-07-13 14:19:00","0.015","72483","0.000","0","0.000","0"
"2011-07-13 14:30:00","0.019","72733","0.000","0","0.000","0"
"2011-07-13 14:37:00","0.019","82483","0.000","0","0.000","0"
"2011-07-13 14:56:00","0.019","86883","0.000","0","0.000","0"
"2011-07-13 15:00:00","0.019","96883","0.000","0","0.000","0"
"2011-07-13 15:34:00","0.020","114883","0.000","0","0.000","0"
"2011-07-14 09:32:00","0.020","10000","0.000","0","0.000","0"
"2011-07-14 10:35:00","0.020","10800","0.000","0","0.000","0"
"2011-07-14 10:54:00","0.020","19800","0.000","0","0.000","0"
"2011-07-14 13:26:00","0.020","20800","0.000","0","0.000","0"
"2011-07-15 10:10:00","0.016","600","0.000","0","0.000","0"
"2011-07-15 13:51:00","0.016","20600","0.000","0","0.000","0"
"2011-07-15 13:55:00","0.020","40600","0.000","0","0.000","0"
"2011-07-15 13:56:00","0.020","130146","0.000","0","0.000","0"
"2011-07-15 15:46:00","0.016","133146","0.000","0","0.000","0"
"2011-07-15 15:59:00","0.015","143546","0.000","0","0.000","0"
"2011-07-18 09:42:00","0.017","30000","0.000","0","0.000","0"
"2011-07-18 11:09:00","0.018","52500","0.000","0","0.000","0"
"2011-07-18 11:30:00","0.016","57550","0.000","0","0.000","0"
"2011-07-18 15:48:00","0.016","65050","0.000","0","0.000","0"
"2011-07-19 09:52:00","0.015","18000","0.000","0","0.000","0"
"2011-07-19 10:37:00","0.015","21000","0.000","0","0.000","0"
"2011-07-19 11:58:00","0.015","27000","0.000","0","0.000","0"
"2011-07-19 13:05:00","0.017","86510","0.000","0","0.000","0"
"2011-07-19 14:06:00","0.016","112510","0.000","0","0.000","0"
"2011-07-19 15:08:00","0.019","122510","0.000","0","0.000","0"
"2011-07-20 09:53:00","0.017","17454","0.000","0","0.000","0"
"2011-07-20 12:37:00","0.017","42604","0.000","0","0.000","0"
"2011-07-20 13:09:00","0.017","69804","0.000","0","0.000","0"
"2011-07-20 13:45:00","0.017","91804","0.000","0","0.000","0"
"2011-07-21 10:19:00","0.017","11515","0.000","0","0.000","0"
"2011-07-21 12:20:00","0.016","12515","0.000","0","0.000","0"
"2011-07-21 13:16:00","0.016","13015","0.000","0","0.000","0"
"2011-07-21 14:12:00","0.016","14015","0.000","0","0.000","0"
"2011-07-21 15:58:00","0.016","88434","0.000","0","0.000","0"
"2011-07-22 09:30:00","0.016","29200","0.000","0","0.000","0"
"2011-07-22 10:06:00","0.015","163356","0.000","0","0.000","0"
"2011-07-22 10:46:00","0.015","171097","0.000","0","0.000","0"
"2011-07-22 11:15:00","0.015","196097","0.000","0","0.000","0"
"2011-07-22 11:34:00","0.020","196597","0.000","0","0.000","0"
"2011-07-22 12:09:00","0.018","209597","0.000","0","0.000","0"
"2011-07-22 12:38:00","0.018","221597","0.000","0","0.000","0"
"2011-07-22 14:30:00","0.018","241597","0.000","0","0.000","0"
"2011-07-25 12:46:00","0.015","5880","0.000","0","0.000","0"
"2011-07-25 14:45:00","0.015","20880","0.000","0","0.000","0"
"2011-07-26 11:41:00","0.015","5000","0.000","0","0.000","0"
"2011-07-26 13:32:00","0.015","35000","0.000","0","0.000","0"
"2011-07-26 15:54:00","0.015","44000","0.000","0","0.000","0"
"2011-07-27 10:44:00","0.015","25360","0.000","0","0.000","0"
"2011-07-27 11:23:00","0.015","125360","0.000","0","0.000","0"
"2011-07-27 11:48:00","0.015","136087","0.000","0","0.000","0"
"2011-07-27 14:25:00","0.014","189087","0.000","0","0.000","0"
"2011-07-28 10:09:00","0.014","1000","0.000","0","0.000","0"
"2011-07-28 10:17:00","0.014","16000","0.000","0","0.000","0"
"2011-07-28 10:29:00","0.012","116000","0.000","0","0.000","0"
"2011-07-28 10:43:00","0.012","196000","0.000","0","0.000","0"
"2011-07-28 10:44:00","0.012","210700","0.000","0","0.000","0"
"2011-07-28 10:49:00","0.012","215700","0.000","0","0.000","0"
"2011-07-28 10:58:00","0.010","220700","0.000","0","0.000","0"
"2011-07-28 11:12:00","0.007","250246","0.000","0","0.000","0"
"2011-07-28 11:14:00","0.007","320700","0.000","0","0.000","0"
"2011-07-28 11:17:00","0.007","350200","0.000","0","0.000","0"
"2011-07-28 13:50:00","0.008","356200","0.000","0","0.000","0"
"2011-07-28 14:00:00","0.009","406200","0.000","0","0.000","0"
"2011-07-28 14:01:00","0.010","426700","0.000","0","0.000","0"
"2011-07-28 14:02:00","0.010","431200","0.000","0","0.000","0"
"2011-07-28 15:32:00","0.010","436200","0.000","0","0.000","0"
"2011-07-29 09:30:00","0.010","473","0.000","0","0.000","0"
"2011-07-29 10:21:00","0.012","50473","0.000","0","0.000","0"
"2011-07-29 11:20:00","0.012","71211","0.000","0","0.000","0"
"2011-07-29 15:32:00","0.018","81211","0.000","0","0.000","0"
"2011-08-01 15:06:00","0.016","49000","0.000","0","0.000","0"
"2011-08-02 11:55:00","0.016","25000","0.000","0","0.000","0"
"2011-08-02 12:12:00","0.017","26000","0.000","0","0.000","0"
"2011-08-02 13:27:00","0.017","26500","0.000","0","0.000","0"
"2011-08-03 09:30:00","0.016","1500","0.000","0","0.000","0"
"2011-08-03 09:49:00","0.016","6500","0.000","0","0.000","0"
"2011-08-03 10:05:00","0.017","7500","0.000","0","0.000","0"
"2011-08-03 11:42:00","0.017","13500","0.000","0","0.000","0"
"2011-08-03 12:28:00","0.016","18500","0.000","0","0.000","0"
"2011-08-03 14:35:00","0.015","70900","0.000","0","0.000","0"
"2011-08-03 15:24:00","0.015","100900","0.000","0","0.000","0"
"2011-08-03 15:27:00","0.015","107000","0.000","0","0.000","0"
"2011-08-04 11:53:00","0.017","2000","0.000","0","0.000","0"
"2011-08-04 12:25:00","0.016","12000","0.000","0","0.000","0"
"2011-08-04 15:36:00","0.013","12100","0.000","0","0.000","0"
"2011-08-04 15:55:00","0.016","12200","0.000","0","0.000","0"
"2011-08-05 12:39:00","0.013","10000","0.000","0","0.000","0"
"2011-08-05 13:04:00","0.013","20000","0.000","0","0.000","0"
"2011-08-08 12:54:00","0.010","244","0.000","0","0.000","0"
"2011-08-10 11:49:00","0.011","36300","0.000","0","0.000","0"
"2011-08-11 09:30:00","0.010","0","0.000","0","0.000","0"
"2011-08-15 11:19:00","0.015","5000","0.000","0","0.000","0"
"2011-08-15 12:01:00","0.011","7500","0.000","0","0.000","0"
"2011-08-15 12:56:00","0.015","16770","0.000","0","0.000","0"
"2011-08-17 10:56:00","0.011","19000","0.000","0","0.000","0"
"2011-08-17 15:55:00","0.012","21000","0.000","0","0.000","0"
"2011-08-18 11:20:00","0.013","38900","0.000","0","0.000","0"
"2011-08-18 13:00:00","0.011","54600","0.000","0","0.000","0"
"2011-08-18 13:51:00","0.008","94600","0.000","0","0.000","0"
"2011-08-18 13:52:00","0.008","99600","0.000","0","0.000","0"
"2011-08-18 13:54:00","0.008","129350","0.000","0","0.000","0"
"2011-08-22 10:52:00","0.005","5000","0.000","0","0.000","0"
"2011-08-24 11:56:00","0.008","60000","0.000","0","0.000","0"
"2011-08-24 14:54:00","0.008","107024","0.000","0","0.000","0"
"2011-08-25 12:15:00","0.008","3400","0.000","0","0.000","0"
"2011-08-26 09:38:00","0.010","35000","0.000","0","0.000","0"
"2011-08-29 09:30:00","0.008","305","0.000","0","0.000","0"
"2011-08-30 10:45:00","0.009","27500","0.000","0","0.000","0"
"2011-08-30 12:06:00","0.010","166771","0.000","0","0.000","0"
"2011-08-30 12:17:00","0.012","252500","0.000","0","0.000","0"
"2011-08-31 10:28:00","0.008","70000","0.000","0","0.000","0"
"2011-08-31 11:26:00","0.008","70620","0.000","0","0.000","0"
"2011-09-02 15:07:00","0.008","1000","0.000","0","0.000","0"
"2011-09-06 15:47:00","0.008","5000","0.000","0","0.000","0"
"2011-09-07 13:30:00","0.008","50000","0.000","0","0.000","0"
"2011-09-07 13:58:00","0.008","72000","0.000","0","0.000","0"
"2011-09-07 13:59:00","0.008","77000","0.000","0","0.000","0"
"2011-09-07 15:02:00","0.007","102000","0.000","0","0.000","0"
"2011-09-07 15:07:00","0.007","127000","0.000","0","0.000","0"
"2011-09-07 15:40:00","0.006","205000","0.000","0","0.000","0"
"2011-09-08 12:35:00","0.006","200","0.000","0","0.000","0"
"2011-09-09 10:26:00","0.006","125","0.000","0","0.000","0"
"2011-09-14 14:31:00","0.006","25000","0.000","0","0.000","0"
"2011-09-15 09:32:00","0.006","3000","0.000","0","0.000","0"
"2011-09-16 14:39:00","0.006","10000","0.000","0","0.000","0"
"2011-09-16 14:40:00","0.005","30000","0.000","0","0.000","0"
"2011-09-20 11:18:00","0.005","24951","0.000","0","0.000","0"
"2011-09-20 11:19:00","0.005","105000","0.000","0","0.000","0"
"2011-09-20 11:36:00","0.005","135000","0.000","0","0.000","0"
"2011-09-20 11:41:00","0.003","140000","0.000","0","0.000","0"
"2011-09-20 15:39:00","0.005","150000","0.000","0","0.000","0"
"2011-09-21 15:55:00","0.004","5000","0.000","0","0.000","0"
"2011-09-23 09:51:00","0.004","109","0.000","0","0.000","0"
"2011-09-23 10:16:00","0.005","5109","0.000","0","0.000","0"
"2011-09-23 12:15:00","0.005","5539","0.000","0","0.000","0"
"2011-09-23 12:44:00","0.005","5739","0.000","0","0.000","0"
"2011-09-26 10:54:00","0.008","5000","0.000","0","0.000","0"
"2011-09-26 10:58:00","0.008","10000","0.000","0","0.000","0"
"2011-09-26 10:59:00","0.008","20000","0.000","0","0.000","0"
"2011-09-26 11:01:00","0.008","30000","0.000","0","0.000","0"
"2011-09-26 11:03:00","0.008","40000","0.000","0","0.000","0"
"2011-09-26 11:30:00","0.007","40120","0.000","0","0.000","0"
"2011-09-26 13:05:00","0.007","50120","0.000","0","0.000","0"
"2011-09-27 12:58:00","0.007","30000","0.000","0","0.000","0"
"2011-09-29 12:43:00","0.005","2000","0.000","0","0.000","0"
"2011-09-30 10:50:00","0.005","226","0.000","0","0.000","0"
"2011-09-30 11:12:00","0.005","426","0.000","0","0.000","0"
"2011-10-04 09:54:00","0.005","10594","0.000","0","0.000","0"
"2011-10-04 09:59:00","0.005","55594","0.000","0","0.000","0"
"2011-10-04 10:19:00","0.005","155594","0.000","0","0.000","0"
"2011-10-04 10:33:00","0.005","205594","0.000","0","0.000","0"
"2011-10-04 11:03:00","0.008","215594","0.000","0","0.000","0"
"2011-10-04 11:10:00","0.010","220594","0.000","0","0.000","0"
"2011-10-04 11:11:00","0.010","235594","0.000","0","0.000","0"
"2011-10-04 15:59:00","0.010","235794","0.000","0","0.000","0"
"2011-10-06 14:29:00","0.010","2000","0.000","0","0.000","0"
"2011-10-07 09:30:00","0.006","100000","0.000","0","0.000","0"
"2011-10-07 13:46:00","0.006","105000","0.000","0","0.000","0"
"2011-10-07 13:47:00","0.006","110000","0.000","0","0.000","0"
"2011-10-11 12:51:00","0.006","5000","0.000","0","0.000","0"
"2011-10-12 10:19:00","0.005","25000","0.000","0","0.000","0"
"2011-10-12 12:14:00","0.006","40000","0.000","0","0.000","0"
"2011-10-12 12:51:00","0.006","60000","0.000","0","0.000","0"
"2011-10-12 15:15:00","0.006","180000","0.000","0","0.000","0"
"2011-10-12 15:36:00","0.006","180200","0.000","0","0.000","0"
"2011-10-13 09:39:00","0.006","20000","0.000","0","0.000","0"
"2011-10-13 09:58:00","0.006","25000","0.000","0","0.000","0"
"2011-10-13 12:25:00","0.006","30000","0.000","0","0.000","0"
"2011-10-14 09:48:00","0.006","20000","0.000","0","0.000","0"
"2011-10-14 12:39:00","0.006","87750","0.000","0","0.000","0"
"2011-10-14 12:41:00","0.006","92750","0.000","0","0.000","0"
"2011-10-19 14:56:00","0.006","10000","0.000","0","0.000","0"
"2011-10-19 14:57:00","0.006","85000","0.000","0","0.000","0"
"2011-10-20 17:20:00","0.006","105","0.000","0","0.000","0"
"2011-10-21 10:32:00","0.005","33359","0.000","0","0.000","0"
"2011-10-21 10:35:00","0.005","46465","0.000","0","0.000","0"
"2011-10-21 11:40:00","0.010","51465","0.000","0","0.000","0"
"2011-10-21 11:44:00","0.010","61465","0.000","0","0.000","0"
"2011-10-21 11:46:00","0.010","76465","0.000","0","0.000","0"
"2011-10-21 14:42:00","0.005","76900","0.000","0","0.000","0"
"2011-10-21 20:10:00","0.006","105","0.000","0","0.000","0"
"2011-10-25 10:03:00","0.010","2500","0.000","0","0.000","0"
"2011-10-25 11:31:00","0.006","2600","0.000","0","0.000","0"
"2011-10-25 12:27:00","0.010","4100","0.000","0","0.000","0"
"2011-10-25 12:34:00","0.006","4646","0.000","0","0.000","0"
"2011-10-28 09:30:00","0.009","4000","0.000","0","0.000","0"
"2011-10-31 13:54:00","0.005","220","0.000","0","0.000","0"
"2011-11-01 09:30:00","0.005","9500","0.000","0","0.000","0"
"2011-11-01 10:16:00","0.009","0","0.000","0","0.000","0"
"2011-11-01 11:16:00","0.009","12000","0.000","0","0.000","0"
"2011-11-07 09:30:00","0.009","4500","0.000","0","0.000","0"
"2011-11-10 12:46:00","0.002","20000","0.000","0","0.000","0"
"2011-11-10 13:08:00","0.002","21000","0.000","0","0.000","0"
"2011-11-10 14:20:00","0.002","21500","0.000","0","0.000","0"
"2011-11-10 15:29:00","0.009","21600","0.000","0","0.000","0"
"2011-11-15 10:48:00","0.009","5000","0.000","0","0.000","0"
"2011-11-17 12:43:00","0.002","22000","0.000","0","0.000","0"
"2011-11-17 12:56:00","0.003","31000","0.000","0","0.000","0"
"2011-11-18 09:30:00","0.003","975","0.000","0","0.000","0"
"2011-11-21 11:47:00","0.009","1500","0.000","0","0.000","0"
"2011-11-21 15:51:00","0.009","1609","0.000","0","0.000","0"
"2011-11-22 15:04:00","0.009","2000","0.000","0","0.000","0"
"2011-11-25 10:57:00","0.009","20000","0.000","0","0.000","0"
"2011-11-25 11:38:00","0.013","22500","0.000","0","0.000","0"
"2011-11-28 09:55:00","0.008","5000","0.000","0","0.000","0"
"2011-11-28 10:18:00","0.005","5200","0.000","0","0.000","0"
"2011-11-28 12:02:00","0.005","19200","0.000","0","0.000","0"
"2011-11-28 13:48:00","0.008","20700","0.000","0","0.000","0"
"2011-11-29 15:24:00","0.005","42100","0.000","0","0.000","0"
"2011-11-30 11:04:00","0.003","100","0.000","0","0.000","0"
"2011-11-30 11:13:00","0.003","10000","0.000","0","0.000","0"
"2011-11-30 11:40:00","0.003","10400","0.000","0","0.000","0"
"2011-12-01 13:31:00","0.003","7000","0.000","0","0.000","0"
"2011-12-23 11:27:00","0.005","6000","0.000","0","0.000","0"
"2011-12-27 11:21:00","0.010","1060","0.000","0","0.000","0"
"2011-12-27 12:15:00","0.004","2060","0.000","0","0.000","0"
"2011-12-27 13:19:00","0.010","3060","0.000","0","0.000","0"
"2011-12-27 13:21:00","0.010","23060","0.000","0","0.000","0"
"2011-12-27 15:43:00","0.004","63060","0.000","0","0.000","0"
"2011-12-28 09:50:00","0.009","25153","0.000","0","0.000","0"
"2011-12-28 14:50:00","0.004","25353","0.000","0","0.000","0"
"2011-12-28 15:00:00","0.004","25553","0.000","0","0.000","0"
"2011-12-29 09:33:00","0.012","25000","0.000","0","0.000","0"
"2011-12-29 10:07:00","0.004","43000","0.000","0","0.000","0"
"2011-12-29 10:08:00","0.004","59000","0.000","0","0.000","0"
"2011-12-29 12:07:00","0.004","61600","0.000","0","0.000","0"
"2011-12-29 15:40:00","0.004","61940","0.000","0","0.000","0"
"2011-12-30 11:01:00","0.004","200","0.000","0","0.000","0"
"2011-12-30 11:38:00","0.004","40200","0.000","0","0.000","0"
"2011-12-30 14:23:00","0.004","40460","0.000","0","0.000","0"
"2011-12-30 15:32:00","0.010","46960","0.000","0","0.000","0"
"2011-12-30 15:45:00","0.004","58960","0.000","0","0.000","0"
"2011-12-30 15:52:00","0.010","59960","0.000","0","0.000","0"
