"2011-01-03 09:30:00","0.000","3737254","0.000","5000","0.000","5000"
"2011-01-03 10:37:00","0.000","4737254","0.000","5000","0.000","5000"
"2011-01-03 11:01:00","0.000","5487254","0.000","5000","0.000","5000"
"2011-01-03 11:18:00","0.000","9569198","0.000","5000","0.000","5000"
"2011-01-03 11:19:00","0.000","10987254","0.000","5000","0.000","5000"
"2011-01-03 11:20:00","0.000","12487254","0.000","5000","0.000","5000"
"2011-01-03 12:21:00","0.000","12987254","0.000","5000","0.000","5000"
"2011-01-03 13:30:00","0.000","13987254","0.000","5000","0.000","5000"
"2011-01-03 14:15:00","0.000","14183254","0.000","5000","0.000","5000"
"2011-01-03 14:41:00","0.000","14241254","0.000","5000","0.000","5000"
"2011-01-03 14:55:00","0.000","15241254","0.000","5000","0.000","5000"
"2011-01-03 15:03:00","0.000","19741254","0.000","5000","0.000","5000"
"2011-01-03 15:15:00","0.000","19751252","0.000","5000","0.000","5000"
"2011-01-03 15:17:00","0.000","19756252","0.000","5000","0.000","5000"
"2011-01-03 15:22:00","0.000","19771248","0.000","5000","0.000","5000"
"2011-01-03 15:32:00","0.000","19843548","0.000","5000","0.000","5000"
"2011-01-03 15:44:00","0.000","20267802","0.000","5000","0.000","5000"
"2011-01-03 15:46:00","0.000","20277802","0.000","5000","0.000","5000"
"2011-01-03 15:57:00","0.000","20282800","0.000","5000","0.000","5000"
"2011-01-03 15:59:00","0.000","20287800","0.000","5000","0.000","5000"
"2011-01-04 09:30:00","0.000","1227701","0.000","5000","0.000","5000"
"2011-01-04 09:48:00","0.000","1477701","0.000","5000","0.000","5000"
"2011-01-04 10:47:00","0.000","1877701","0.000","5000","0.000","5000"
"2011-01-04 12:01:00","0.000","2132701","0.000","0","0.000","0"
"2011-01-04 12:02:00","0.000","6877701","0.000","0","0.000","0"
"2011-01-04 12:19:00","0.000","6887701","0.000","0","0.000","0"
"2011-01-04 12:35:00","0.000","9027701","0.000","0","0.000","0"
"2011-01-04 12:51:00","0.000","9901451","0.000","0","0.000","0"
"2011-01-04 13:14:00","0.000","14901451","0.000","0","0.000","0"
"2011-01-04 13:39:00","0.000","15151451","0.000","0","0.000","0"
"2011-01-04 13:56:00","0.000","15296451","0.000","0","0.000","0"
"2011-01-04 14:15:00","0.000","15796451","0.000","0","0.000","0"
"2011-01-04 15:04:00","0.000","20796452","0.000","0","0.000","0"
"2011-01-04 15:57:00","0.000","21046452","0.000","0","0.000","0"
"2011-01-05 09:32:00","0.000","604000","0.000","0","0.000","0"
"2011-01-05 09:56:00","0.000","1804000","0.000","0","0.000","0"
"2011-01-05 10:02:00","0.000","1934000","0.000","0","0.000","0"
"2011-01-05 10:33:00","0.000","2234000","0.000","0","0.000","0"
"2011-01-05 11:03:00","0.000","2384000","0.000","0","0.000","0"
"2011-01-05 11:07:00","0.000","3884000","0.000","0","0.000","0"
"2011-01-05 11:19:00","0.000","5884000","0.000","0","0.000","0"
"2011-01-05 13:06:00","0.000","5960930","0.000","0","0.000","0"
"2011-01-05 13:14:00","0.000","6760930","0.000","0","0.000","0"
"2011-01-05 13:24:00","0.000","7564930","0.000","0","0.000","0"
"2011-01-05 14:33:00","0.000","7653770","0.000","0","0.000","0"
"2011-01-05 15:16:00","0.000","10653770","0.000","0","0.000","0"
"2011-01-05 15:44:00","0.000","10657770","0.000","0","0.000","0"
"2011-01-06 09:30:00","0.000","15000","0.000","0","0.000","0"
"2011-01-06 09:38:00","0.000","415000","0.000","0","0.000","0"
"2011-01-06 09:48:00","0.000","417500","0.000","0","0.000","0"
"2011-01-06 10:09:00","0.000","418100","0.000","0","0.000","0"
"2011-01-06 10:35:00","0.000","418600","0.000","0","0.000","0"
"2011-01-06 12:02:00","0.000","518600","0.000","0","0.000","0"
"2011-01-06 13:12:00","0.000","519200","0.000","0","0.000","0"
"2011-01-07 09:30:00","0.000","30000","0.000","0","0.000","0"
"2011-01-07 09:59:00","0.000","60000","0.000","0","0.000","0"
"2011-01-07 10:26:00","0.000","70000","0.000","0","0.000","0"
"2011-01-07 11:48:00","0.000","1070000","0.000","0","0.000","0"
"2011-01-07 13:26:00","0.000","1320000","0.000","0","0.000","0"
"2011-01-07 14:30:00","0.000","1330000","0.000","0","0.000","0"
"2011-01-07 15:58:00","0.000","1410500","0.000","0","0.000","0"
"2011-01-07 15:59:00","0.000","2540500","0.000","0","0.000","0"
"2011-01-10 09:30:00","0.000","500000","0.000","0","0.000","0"
"2011-01-10 09:51:00","0.000","7600000","0.000","0","0.000","0"
"2011-01-10 10:44:00","0.000","8106200","0.000","0","0.000","0"
"2011-01-10 11:01:00","0.000","9156200","0.000","0","0.000","0"
"2011-01-10 11:02:00","0.000","10156200","0.000","0","0.000","0"
"2011-01-10 11:29:00","0.000","10456200","0.000","0","0.000","0"
"2011-01-10 12:24:00","0.000","11206200","0.000","0","0.000","0"
"2011-01-10 12:42:00","0.000","11316200","0.000","0","0.000","0"
"2011-01-10 13:44:00","0.000","12316200","0.000","0","0.000","0"
"2011-01-10 13:54:00","0.000","12816200","0.000","0","0.000","0"
"2011-01-10 14:37:00","0.000","13216200","0.000","0","0.000","0"
"2011-01-10 15:01:00","0.000","16216200","0.000","0","0.000","0"
"2011-01-10 15:07:00","0.000","16716200","0.000","0","0.000","0"
"2011-01-10 15:17:00","0.000","19716200","0.000","0","0.000","0"
"2011-01-10 15:19:00","0.000","21075200","0.000","0","0.000","0"
"2011-01-10 15:35:00","0.000","21075700","0.000","0","0.000","0"
"2011-01-10 15:59:00","0.000","21175700","0.000","0","0.000","0"
"2011-01-11 09:30:00","0.000","11000","0.000","0","0.000","0"
"2011-01-11 09:42:00","0.000","561000","0.000","0","0.000","0"
"2011-01-11 11:10:00","0.000","1143633","0.000","0","0.000","0"
"2011-01-11 11:34:00","0.000","1173633","0.000","0","0.000","0"
"2011-01-11 12:19:00","0.000","2173633","0.000","0","0.000","0"
"2011-01-11 12:30:00","0.000","2340299","0.000","0","0.000","0"
"2011-01-11 12:31:00","0.000","2440299","0.000","0","0.000","0"
"2011-01-11 13:06:00","0.000","4440299","0.000","0","0.000","0"
"2011-01-11 14:05:00","0.000","4450299","0.000","0","0.000","0"
"2011-01-11 14:07:00","0.000","4850299","0.000","0","0.000","0"
"2011-01-11 14:10:00","0.000","5350299","0.000","0","0.000","0"
"2011-01-11 14:49:00","0.000","6350299","0.000","0","0.000","0"
"2011-01-12 09:32:00","0.000","15930000","0.000","0","0.000","0"
"2011-01-12 09:36:00","0.000","22032318","0.000","0","0.000","0"
"2011-01-12 09:44:00","0.000","28032318","0.000","0","0.000","0"
"2011-01-12 10:13:00","0.000","30032318","0.000","0","0.000","0"
"2011-01-12 11:33:00","0.000","30102318","0.000","0","0.000","0"
"2011-01-12 13:07:00","0.000","30112318","0.000","0","0.000","0"
"2011-01-12 13:40:00","0.000","30862318","0.000","0","0.000","0"
"2011-01-12 13:41:00","0.000","30962318","0.000","0","0.000","0"
"2011-01-12 13:45:00","0.000","31162318","0.000","0","0.000","0"
"2011-01-12 13:47:00","0.000","31527318","0.000","0","0.000","0"
"2011-01-12 14:05:00","0.000","31587318","0.000","0","0.000","0"
"2011-01-12 14:06:00","0.000","31637318","0.000","0","0.000","0"
"2011-01-12 15:02:00","0.000","32503918","0.000","0","0.000","0"
"2011-01-12 15:10:00","0.000","32803918","0.000","0","0.000","0"
"2011-01-12 15:17:00","0.000","32817918","0.000","0","0.000","0"
"2011-01-12 15:18:00","0.000","33244918","0.000","0","0.000","0"
"2011-01-12 15:24:00","0.000","33299918","0.000","0","0.000","0"
"2011-01-12 15:28:00","0.000","34299920","0.000","0","0.000","0"
"2011-01-12 15:35:00","0.000","34919920","0.000","0","0.000","0"
"2011-01-12 15:50:00","0.000","35419920","0.000","0","0.000","0"
"2011-01-12 15:52:00","0.000","39716144","0.000","0","0.000","0"
"2011-01-12 15:58:00","0.000","41716144","0.000","0","0.000","0"
"2011-01-13 09:32:00","0.000","3913200","0.000","0","0.000","0"
"2011-01-13 09:40:00","0.000","4013200","0.000","0","0.000","0"
"2011-01-13 09:49:00","0.000","4113200","0.000","0","0.000","0"
"2011-01-13 09:59:00","0.000","6213200","0.000","0","0.000","0"
"2011-01-13 10:05:00","0.000","6243700","0.000","0","0.000","0"
"2011-01-13 10:24:00","0.000","6343700","0.000","0","0.000","0"
"2011-01-13 10:54:00","0.000","6510367","0.000","0","0.000","0"
"2011-01-13 11:57:00","0.000","6580367","0.000","0","0.000","0"
"2011-01-13 12:03:00","0.000","8580367","0.000","0","0.000","0"
"2011-01-13 12:08:00","0.000","8680367","0.000","0","0.000","0"
"2011-01-13 12:13:00","0.000","8950367","0.000","0","0.000","0"
"2011-01-13 12:16:00","0.000","9050367","0.000","0","0.000","0"
"2011-01-13 13:51:00","0.000","9400367","0.000","0","0.000","0"
"2011-01-13 14:15:00","0.000","10088069","0.000","0","0.000","0"
"2011-01-13 14:39:00","0.000","10288069","0.000","0","0.000","0"
"2011-01-13 15:52:00","0.000","16288069","0.000","0","0.000","0"
"2011-01-14 09:30:00","0.000","14000","0.000","0","0.000","0"
"2011-01-14 09:36:00","0.000","159000","0.000","0","0.000","0"
"2011-01-14 10:04:00","0.000","804000","0.000","0","0.000","0"
"2011-01-14 10:21:00","0.000","1784000","0.000","0","0.000","0"
"2011-01-14 10:23:00","0.000","2684000","0.000","0","0.000","0"
"2011-01-14 10:42:00","0.000","3084000","0.000","0","0.000","0"
"2011-01-14 10:56:00","0.000","3702248","0.000","0","0.000","0"
"2011-01-14 10:58:00","0.000","4502248","0.000","0","0.000","0"
"2011-01-14 11:05:00","0.000","5501248","0.000","0","0.000","0"
"2011-01-14 11:21:00","0.000","5546248","0.000","0","0.000","0"
"2011-01-14 11:23:00","0.000","6046248","0.000","0","0.000","0"
"2011-01-14 11:46:00","0.000","6064248","0.000","0","0.000","0"
"2011-01-14 12:09:00","0.000","6164248","0.000","0","0.000","0"
"2011-01-14 13:33:00","0.000","7304248","0.000","0","0.000","0"
"2011-01-14 14:29:00","0.000","7334748","0.000","0","0.000","0"
"2011-01-14 15:13:00","0.000","8334748","0.000","0","0.000","0"
"2011-01-14 15:37:00","0.000","8633248","0.000","0","0.000","0"
"2011-01-14 15:38:00","0.000","9133248","0.000","0","0.000","0"
"2011-01-14 15:47:00","0.000","9138247","0.000","0","0.000","0"
"2011-01-14 15:54:00","0.000","9143246","0.000","0","0.000","0"
"2011-01-18 09:30:00","0.000","200000","0.000","0","0.000","0"
"2011-01-18 09:39:00","0.000","2450000","0.000","0","0.000","0"
"2011-01-18 10:00:00","0.000","2470000","0.000","0","0.000","0"
"2011-01-18 10:10:00","0.000","3270000","0.000","0","0.000","0"
"2011-01-18 10:50:00","0.000","3470000","0.000","0","0.000","0"
"2011-01-18 11:09:00","0.000","4090000","0.000","0","0.000","0"
"2011-01-18 12:15:00","0.000","4190000","0.000","0","0.000","0"
"2011-01-18 12:26:00","0.000","4280000","0.000","0","0.000","0"
"2011-01-18 12:28:00","0.000","4780000","0.000","0","0.000","0"
"2011-01-18 14:27:00","0.000","4873766","0.000","0","0.000","0"
"2011-01-18 15:08:00","0.000","6123766","0.000","0","0.000","0"
"2011-01-18 15:57:00","0.000","8123766","0.000","0","0.000","0"
"2011-01-19 09:30:00","0.000","100","0.000","0","0.000","0"
"2011-01-19 09:32:00","0.000","250100","0.000","0","0.000","0"
"2011-01-19 10:13:00","0.000","3625100","0.000","0","0.000","0"
"2011-01-19 10:15:00","0.000","3900100","0.000","0","0.000","0"
"2011-01-19 10:18:00","0.000","3995100","0.000","0","0.000","0"
"2011-01-19 10:51:00","0.000","5245100","0.000","0","0.000","0"
"2011-01-19 10:53:00","0.000","5325100","0.000","0","0.000","0"
"2011-01-19 10:55:00","0.000","6325100","0.000","0","0.000","0"
"2011-01-19 11:39:00","0.000","6825100","0.000","0","0.000","0"
"2011-01-19 11:45:00","0.000","7000100","0.000","0","0.000","0"
"2011-01-19 11:47:00","0.000","9000100","0.000","0","0.000","0"
"2011-01-19 11:51:00","0.000","9080100","0.000","0","0.000","0"
"2011-01-19 12:22:00","0.000","10600100","0.000","0","0.000","0"
"2011-01-19 15:37:00","0.000","14600100","0.000","0","0.000","0"
"2011-01-19 15:47:00","0.000","14850100","0.000","0","0.000","0"
"2011-01-19 15:51:00","0.000","15223100","0.000","0","0.000","0"
"2011-01-20 09:30:00","0.000","559897","0.000","0","0.000","0"
"2011-01-20 09:36:00","0.000","6268650","0.000","0","0.000","0"
"2011-01-20 09:46:00","0.000","13268650","0.000","0","0.000","0"
"2011-01-20 09:47:00","0.000","14068650","0.000","0","0.000","0"
"2011-01-20 09:56:00","0.000","14868650","0.000","0","0.000","0"
"2011-01-20 10:02:00","0.000","15255300","0.000","0","0.000","0"
"2011-01-20 10:06:00","0.000","15405300","0.000","0","0.000","0"
"2011-01-20 10:18:00","0.000","15455300","0.000","0","0.000","0"
"2011-01-20 10:37:00","0.000","15575300","0.000","0","0.000","0"
"2011-01-20 10:48:00","0.000","16315300","0.000","0","0.000","0"
"2011-01-20 11:08:00","0.000","18815300","0.000","0","0.000","0"
"2011-01-20 11:55:00","0.000","18858500","0.000","0","0.000","0"
"2011-01-20 11:56:00","0.000","19858500","0.000","0","0.000","0"
"2011-01-20 13:24:00","0.000","24868750","0.000","0","0.000","0"
"2011-01-20 13:33:00","0.000","25368750","0.000","0","0.000","0"
"2011-01-20 13:39:00","0.000","28368750","0.000","0","0.000","0"
"2011-01-20 15:41:00","0.000","28968750","0.000","0","0.000","0"
"2011-01-20 15:48:00","0.000","29068750","0.000","0","0.000","0"
"2011-01-20 15:52:00","0.000","32068750","0.000","0","0.000","0"
"2011-01-21 09:30:00","0.000","250000","0.000","0","0.000","0"
"2011-01-21 09:34:00","0.000","920000","0.000","0","0.000","0"
"2011-01-21 09:43:00","0.000","2880000","0.000","0","0.000","0"
"2011-01-21 09:59:00","0.000","3380000","0.000","0","0.000","0"
"2011-01-21 10:12:00","0.000","3680000","0.000","0","0.000","0"
"2011-01-21 10:33:00","0.000","3820000","0.000","0","0.000","0"
"2011-01-21 10:34:00","0.000","3970000","0.000","0","0.000","0"
"2011-01-21 11:23:00","0.000","3990000","0.000","0","0.000","0"
"2011-01-21 11:24:00","0.000","4130000","0.000","0","0.000","0"
"2011-01-21 11:28:00","0.000","5735000","0.000","0","0.000","0"
"2011-01-21 11:29:00","0.000","6765000","0.000","0","0.000","0"
"2011-01-21 11:51:00","0.000","8765000","0.000","0","0.000","0"
"2011-01-21 12:06:00","0.000","13265000","0.000","0","0.000","0"
"2011-01-21 12:07:00","0.000","16265000","0.000","0","0.000","0"
"2011-01-21 12:08:00","0.000","27265000","0.000","0","0.000","0"
"2011-01-21 12:09:00","0.000","33765000","0.000","0","0.000","0"
"2011-01-21 12:15:00","0.000","34265000","0.000","0","0.000","0"
"2011-01-21 12:16:00","0.000","44765000","0.000","0","0.000","0"
"2011-01-21 12:17:00","0.000","53197200","0.000","0","0.000","0"
"2011-01-21 12:18:00","0.000","61265000","0.000","0","0.000","0"
"2011-01-21 12:19:00","0.000","64229000","0.000","0","0.000","0"
"2011-01-21 12:32:00","0.000","64269000","0.000","0","0.000","0"
"2011-01-21 12:41:00","0.000","64301500","0.000","0","0.000","0"
"2011-01-21 12:56:00","0.000","68301504","0.000","0","0.000","0"
"2011-01-21 12:57:00","0.000","70404296","0.000","0","0.000","0"
"2011-01-21 12:58:00","0.000","70464296","0.000","0","0.000","0"
"2011-01-21 13:00:00","0.000","73464296","0.000","0","0.000","0"
"2011-01-21 13:11:00","0.000","75464296","0.000","0","0.000","0"
"2011-01-21 13:56:00","0.000","76104296","0.000","0","0.000","0"
"2011-01-21 14:22:00","0.000","76604296","0.000","0","0.000","0"
"2011-01-21 14:29:00","0.000","77012296","0.000","0","0.000","0"
"2011-01-21 15:55:00","0.000","77313296","0.000","0","0.000","0"
"2011-01-21 15:56:00","0.000","78713296","0.000","0","0.000","0"
"2011-01-21 15:57:00","0.000","80213296","0.000","0","0.000","0"
"2011-01-21 15:58:00","0.000","81213296","0.000","0","0.000","0"
"2011-01-21 15:59:00","0.000","82715912","0.000","0","0.000","0"
"2011-01-24 09:33:00","0.000","1150000","0.000","0","0.000","0"
"2011-01-24 09:44:00","0.000","1400000","0.000","0","0.000","0"
"2011-01-24 10:09:00","0.000","1600000","0.000","0","0.000","0"
"2011-01-24 10:26:00","0.000","1869054","0.000","0","0.000","0"
"2011-01-24 10:33:00","0.000","2369054","0.000","0","0.000","0"
"2011-01-24 11:36:00","0.000","2436054","0.000","0","0.000","0"
"2011-01-24 11:48:00","0.000","2596054","0.000","0","0.000","0"
"2011-01-24 13:58:00","0.000","4596054","0.000","0","0.000","0"
"2011-01-24 15:35:00","0.000","4971054","0.000","0","0.000","0"
"2011-01-24 15:57:00","0.000","5221054","0.000","0","0.000","0"
"2011-01-24 15:58:00","0.000","7221054","0.000","0","0.000","0"
"2011-01-25 09:30:00","0.000","10000","0.000","0","0.000","0"
"2011-01-25 10:12:00","0.000","110000","0.000","0","0.000","0"
"2011-01-25 10:44:00","0.000","910000","0.000","0","0.000","0"
"2011-01-25 12:16:00","0.000","1233601","0.000","0","0.000","0"
"2011-01-25 12:18:00","0.000","1973601","0.000","0","0.000","0"
"2011-01-25 12:42:00","0.000","3473601","0.000","0","0.000","0"
"2011-01-25 13:07:00","0.000","5522601","0.000","0","0.000","0"
"2011-01-25 13:10:00","0.000","6522601","0.000","0","0.000","0"
"2011-01-25 13:55:00","0.000","7022601","0.000","0","0.000","0"
"2011-01-25 13:58:00","0.000","7222601","0.000","0","0.000","0"
"2011-01-25 14:09:00","0.000","8272601","0.000","0","0.000","0"
"2011-01-25 14:22:00","0.000","8274601","0.000","0","0.000","0"
"2011-01-25 14:25:00","0.000","9174601","0.000","0","0.000","0"
"2011-01-25 14:26:00","0.000","9194601","0.000","0","0.000","0"
"2011-01-25 14:29:00","0.000","9294601","0.000","0","0.000","0"
"2011-01-25 14:31:00","0.000","9494601","0.000","0","0.000","0"
"2011-01-25 14:34:00","0.000","9994601","0.000","0","0.000","0"
"2011-01-25 14:36:00","0.000","10172601","0.000","0","0.000","0"
"2011-01-25 14:44:00","0.000","10395162","0.000","0","0.000","0"
"2011-01-25 15:25:00","0.000","10895162","0.000","0","0.000","0"
"2011-01-25 15:43:00","0.000","12430162","0.000","0","0.000","0"
"2011-01-25 15:55:00","0.000","14430162","0.000","0","0.000","0"
"2011-01-26 09:35:00","0.000","3000000","0.000","0","0.000","0"
"2011-01-26 10:11:00","0.000","4200000","0.000","0","0.000","0"
"2011-01-26 10:41:00","0.000","5600000","0.000","0","0.000","0"
"2011-01-26 12:12:00","0.000","5756900","0.000","0","0.000","0"
"2011-01-26 13:34:00","0.000","6256900","0.000","0","0.000","0"
"2011-01-26 13:54:00","0.000","6358900","0.000","0","0.000","0"
"2011-01-26 13:57:00","0.000","6378900","0.000","0","0.000","0"
"2011-01-26 14:01:00","0.000","6388900","0.000","0","0.000","0"
"2011-01-26 14:27:00","0.000","8398756","0.000","0","0.000","0"
"2011-01-26 14:28:00","0.000","15910612","0.000","0","0.000","0"
"2011-01-26 15:01:00","0.000","16010612","0.000","0","0.000","0"
"2011-01-26 15:23:00","0.000","16030612","0.000","0","0.000","0"
"2011-01-26 15:41:00","0.000","16130944","0.000","0","0.000","0"
"2011-01-26 15:53:00","0.000","16230944","0.000","0","0.000","0"
"2011-01-27 09:30:00","0.000","200000","0.000","0","0.000","0"
"2011-01-27 09:40:00","0.000","950000","0.000","0","0.000","0"
"2011-01-27 09:58:00","0.000","1382371","0.000","0","0.000","0"
"2011-01-27 10:16:00","0.000","1482371","0.000","0","0.000","0"
"2011-01-27 11:17:00","0.000","3482371","0.000","0","0.000","0"
"2011-01-27 11:26:00","0.000","4530371","0.000","0","0.000","0"
"2011-01-27 11:31:00","0.000","4597038","0.000","0","0.000","0"
"2011-01-27 12:11:00","0.000","4647038","0.000","0","0.000","0"
"2011-01-27 12:22:00","0.000","4667038","0.000","0","0.000","0"
"2011-01-27 12:40:00","0.000","5167038","0.000","0","0.000","0"
"2011-01-27 13:02:00","0.000","5212038","0.000","0","0.000","0"
"2011-01-27 13:10:00","0.000","5712038","0.000","0","0.000","0"
"2011-01-27 13:12:00","0.000","7712038","0.000","0","0.000","0"
"2011-01-27 14:18:00","0.000","8337038","0.000","0","0.000","0"
"2011-01-27 15:01:00","0.000","8452038","0.000","0","0.000","0"
"2011-01-28 09:33:00","0.000","12575300","0.000","0","0.000","0"
"2011-01-28 09:49:00","0.000","13575300","0.000","0","0.000","0"
"2011-01-28 09:56:00","0.000","15575300","0.000","0","0.000","0"
"2011-01-28 10:02:00","0.000","15675300","0.000","0","0.000","0"
"2011-01-28 10:13:00","0.000","15975300","0.000","0","0.000","0"
"2011-01-28 10:15:00","0.000","16975300","0.000","0","0.000","0"
"2011-01-28 10:18:00","0.000","16980300","0.000","0","0.000","0"
"2011-01-28 11:41:00","0.000","19980300","0.000","0","0.000","0"
"2011-01-28 12:02:00","0.000","20980300","0.000","0","0.000","0"
"2011-01-28 12:09:00","0.000","21180300","0.000","0","0.000","0"
"2011-01-28 12:17:00","0.000","21542832","0.000","0","0.000","0"
"2011-01-28 12:24:00","0.000","21942832","0.000","0","0.000","0"
"2011-01-28 12:39:00","0.000","22442832","0.000","0","0.000","0"
"2011-01-28 14:49:00","0.000","23682832","0.000","0","0.000","0"
"2011-01-28 15:34:00","0.000","23691132","0.000","0","0.000","0"
"2011-01-31 09:30:00","0.000","556666","0.000","0","0.000","0"
"2011-01-31 09:31:00","0.000","816666","0.000","0","0.000","0"
"2011-01-31 09:36:00","0.000","2816666","0.000","0","0.000","0"
"2011-01-31 09:37:00","0.000","3016666","0.000","0","0.000","0"
"2011-01-31 09:47:00","0.000","3266666","0.000","0","0.000","0"
"2011-01-31 10:31:00","0.000","5266666","0.000","0","0.000","0"
"2011-01-31 11:32:00","0.000","5466666","0.000","0","0.000","0"
"2011-01-31 12:29:00","0.000","6466666","0.000","0","0.000","0"
"2011-01-31 13:00:00","0.000","6467666","0.000","0","0.000","0"
"2011-01-31 13:43:00","0.000","6889722","0.000","0","0.000","0"
"2011-01-31 14:18:00","0.000","8889722","0.000","0","0.000","0"
"2011-01-31 15:04:00","0.000","13889722","0.000","0","0.000","0"
"2011-01-31 15:28:00","0.000","14054122","0.000","0","0.000","0"
"2011-01-31 15:51:00","0.000","14554122","0.000","0","0.000","0"
"2011-02-01 09:30:00","0.000","2216666","0.000","0","0.000","0"
"2011-02-01 09:32:00","0.000","2236666","0.000","0","0.000","0"
"2011-02-01 10:09:00","0.000","2239666","0.000","0","0.000","0"
"2011-02-01 10:16:00","0.000","2739666","0.000","0","0.000","0"
"2011-02-01 10:31:00","0.000","4739664","0.000","0","0.000","0"
"2011-02-01 10:32:00","0.000","4772666","0.000","0","0.000","0"
"2011-02-01 12:11:00","0.000","7772666","0.000","0","0.000","0"
"2011-02-01 12:17:00","0.000","7787666","0.000","0","0.000","0"
"2011-02-01 13:51:00","0.000","7937666","0.000","0","0.000","0"
"2011-02-01 13:55:00","0.000","8037666","0.000","0","0.000","0"
"2011-02-01 13:58:00","0.000","8042666","0.000","0","0.000","0"
"2011-02-01 14:36:00","0.000","10792666","0.000","0","0.000","0"
"2011-02-01 15:00:00","0.000","11792666","0.000","0","0.000","0"
"2011-02-02 09:30:00","0.000","1000000","0.000","0","0.000","0"
"2011-02-02 09:32:00","0.000","2850000","0.000","0","0.000","0"
"2011-02-02 09:49:00","0.000","5950000","0.000","0","0.000","0"
"2011-02-02 09:55:00","0.000","6290000","0.000","0","0.000","0"
"2011-02-02 10:05:00","0.000","9290000","0.000","0","0.000","0"
"2011-02-02 10:06:00","0.000","9815000","0.000","0","0.000","0"
"2011-02-02 10:08:00","0.000","9858333","0.000","0","0.000","0"
"2011-02-02 10:25:00","0.000","10858333","0.000","0","0.000","0"
"2011-02-02 11:38:00","0.000","14758333","0.000","0","0.000","0"
"2011-02-02 12:13:00","0.000","19758332","0.000","0","0.000","0"
"2011-02-02 12:51:00","0.000","23758332","0.000","0","0.000","0"
"2011-02-02 13:29:00","0.000","24758332","0.000","0","0.000","0"
"2011-02-02 13:42:00","0.000","25258332","0.000","0","0.000","0"
"2011-02-02 13:46:00","0.000","25578332","0.000","0","0.000","0"
"2011-02-02 15:25:00","0.000","26578332","0.000","0","0.000","0"
"2011-02-03 09:30:00","0.000","1638220","0.000","0","0.000","0"
"2011-02-03 09:45:00","0.000","3669553","0.000","0","0.000","0"
"2011-02-03 11:04:00","0.000","5369553","0.000","0","0.000","0"
"2011-02-03 12:27:00","0.000","7369553","0.000","0","0.000","0"
"2011-02-03 13:01:00","0.000","9369553","0.000","0","0.000","0"
"2011-02-03 14:16:00","0.000","9379553","0.000","0","0.000","0"
"2011-02-03 15:07:00","0.000","9419553","0.000","0","0.000","0"
"2011-02-03 15:45:00","0.000","10419553","0.000","0","0.000","0"
"2011-02-03 15:46:00","0.000","12419553","0.000","0","0.000","0"
"2011-02-03 15:58:00","0.000","12919553","0.000","0","0.000","0"
"2011-02-04 09:30:00","0.000","1000000","0.000","0","0.000","0"
"2011-02-04 10:23:00","0.000","1100000","0.000","0","0.000","0"
"2011-02-04 10:53:00","0.000","1460000","0.000","0","0.000","0"
"2011-02-04 10:57:00","0.000","1520000","0.000","0","0.000","0"
"2011-02-04 11:41:00","0.000","1680000","0.000","0","0.000","0"
"2011-02-04 12:09:00","0.000","1695000","0.000","0","0.000","0"
"2011-02-04 12:38:00","0.000","1795000","0.000","0","0.000","0"
"2011-02-04 12:52:00","0.000","2095000","0.000","0","0.000","0"
"2011-02-04 12:53:00","0.000","2195000","0.000","0","0.000","0"
"2011-02-04 13:27:00","0.000","2745000","0.000","0","0.000","0"
"2011-02-04 14:50:00","0.000","3745000","0.000","0","0.000","0"
"2011-02-04 14:51:00","0.000","4545000","0.000","0","0.000","0"
"2011-02-04 15:54:00","0.000","5045000","0.000","0","0.000","0"
"2011-02-07 09:30:00","0.000","300000","0.000","0","0.000","0"
"2011-02-07 10:01:00","0.000","598999","0.000","0","0.000","0"
"2011-02-07 10:22:00","0.000","898999","0.000","0","0.000","0"
"2011-02-07 11:19:00","0.000","998999","0.000","0","0.000","0"
"2011-02-07 13:15:00","0.000","1498999","0.000","0","0.000","0"
"2011-02-07 14:04:00","0.000","2498999","0.000","0","0.000","0"
"2011-02-07 14:06:00","0.000","2623999","0.000","0","0.000","0"
"2011-02-07 14:10:00","0.000","3523999","0.000","0","0.000","0"
"2011-02-07 14:29:00","0.000","3723999","0.000","0","0.000","0"
"2011-02-07 15:00:00","0.000","4023999","0.000","0","0.000","0"
"2011-02-07 15:15:00","0.000","4523999","0.000","0","0.000","0"
"2011-02-08 09:44:00","0.000","247500","0.000","0","0.000","0"
"2011-02-08 13:19:00","0.000","1047500","0.000","0","0.000","0"
"2011-02-08 14:50:00","0.000","1147500","0.000","0","0.000","0"
"2011-02-08 15:15:00","0.000","1780833","0.000","0","0.000","0"
"2011-02-08 15:22:00","0.000","4780833","0.000","0","0.000","0"
"2011-02-08 15:52:00","0.000","12780833","0.000","0","0.000","0"
"2011-02-09 09:30:00","0.000","7500000","0.000","0","0.000","0"
"2011-02-09 09:35:00","0.000","11000000","0.000","0","0.000","0"
"2011-02-09 09:36:00","0.000","11193344","0.000","0","0.000","0"
"2011-02-09 09:38:00","0.000","19168344","0.000","0","0.000","0"
"2011-02-09 09:50:00","0.000","20380000","0.000","0","0.000","0"
"2011-02-09 09:52:00","0.000","22380000","0.000","0","0.000","0"
"2011-02-09 09:55:00","0.000","23165000","0.000","0","0.000","0"
"2011-02-09 09:56:00","0.000","28380000","0.000","0","0.000","0"
"2011-02-09 09:57:00","0.000","31880000","0.000","0","0.000","0"
"2011-02-09 09:58:00","0.000","36880000","0.000","0","0.000","0"
"2011-02-09 10:05:00","0.000","38880000","0.000","0","0.000","0"
"2011-02-09 10:09:00","0.000","41880000","0.000","0","0.000","0"
"2011-02-09 10:10:00","0.000","42380000","0.000","0","0.000","0"
"2011-02-09 10:11:00","0.000","42400000","0.000","0","0.000","0"
"2011-02-09 10:12:00","0.000","45900000","0.000","0","0.000","0"
"2011-02-09 10:13:00","0.000","52900000","0.000","0","0.000","0"
"2011-02-09 10:14:00","0.000","54900000","0.000","0","0.000","0"
"2011-02-09 11:03:00","0.000","60400000","0.000","0","0.000","0"
"2011-02-09 11:04:00","0.000","78400000","0.000","0","0.000","0"
"2011-02-09 11:05:00","0.000","85900000","0.000","0","0.000","0"
"2011-02-09 11:12:00","0.000","86800000","0.000","0","0.000","0"
"2011-02-09 11:26:00","0.000","87000000","0.000","0","0.000","0"
"2011-02-09 12:31:00","0.000","92000000","0.000","0","0.000","0"
"2011-02-09 12:48:00","0.000","92245000","0.000","0","0.000","0"
"2011-02-09 12:55:00","0.000","92745000","0.000","0","0.000","0"
"2011-02-09 12:56:00","0.000","97245000","0.000","0","0.000","0"
"2011-02-09 12:57:00","0.000","99745000","0.000","0","0.000","0"
"2011-02-09 13:02:00","0.000","113555720","0.000","0","0.000","0"
"2011-02-09 13:03:00","0.000","147351440","0.000","0","0.000","0"
"2011-02-09 13:05:00","0.000","152851440","0.000","0","0.000","0"
"2011-02-09 13:06:00","0.000","153351440","0.000","0","0.000","0"
"2011-02-09 13:07:00","0.000","153862944","0.000","0","0.000","0"
"2011-02-09 13:08:00","0.000","158641440","0.000","0","0.000","0"
"2011-02-09 13:12:00","0.000","162641440","0.000","0","0.000","0"
"2011-02-09 13:14:00","0.000","165141440","0.000","0","0.000","0"
"2011-02-09 13:17:00","0.000","169931440","0.000","0","0.000","0"
"2011-02-09 13:18:00","0.000","172431440","0.000","0","0.000","0"
"2011-02-09 13:24:00","0.000","173446448","0.000","0","0.000","0"
"2011-02-09 13:27:00","0.000","180738720","0.000","0","0.000","0"
"2011-02-09 13:36:00","0.000","179738720","0.000","0","0.000","0"
"2011-02-09 14:27:00","0.000","179788704","0.000","0","0.000","0"
"2011-02-09 14:38:00","0.000","179790720","0.000","0","0.000","0"
"2011-02-09 15:55:00","0.000","180790720","0.000","0","0.000","0"
"2011-02-09 15:58:00","0.000","181790720","0.000","0","0.000","0"
"2011-02-10 09:35:00","0.000","616666","0.000","0","0.000","0"
"2011-02-10 11:54:00","0.000","5316666","0.000","0","0.000","0"
"2011-02-10 13:42:00","0.000","5366666","0.000","0","0.000","0"
"2011-02-10 14:24:00","0.000","6006798","0.000","0","0.000","0"
"2011-02-10 15:26:00","0.000","6016798","0.000","0","0.000","0"
"2011-02-10 15:48:00","0.000","6026798","0.000","0","0.000","0"
"2011-02-11 09:30:00","0.000","250000","0.000","0","0.000","0"
"2011-02-11 09:44:00","0.000","1250000","0.000","0","0.000","0"
"2011-02-11 10:08:00","0.000","2800000","0.000","0","0.000","0"
"2011-02-11 10:42:00","0.000","3300000","0.000","0","0.000","0"
"2011-02-11 11:00:00","0.000","3800000","0.000","0","0.000","0"
"2011-02-11 11:21:00","0.000","3880000","0.000","0","0.000","0"
"2011-02-11 11:33:00","0.000","4130000","0.000","0","0.000","0"
"2011-02-11 11:38:00","0.000","4232556","0.000","0","0.000","0"
"2011-02-11 11:45:00","0.000","4332556","0.000","0","0.000","0"
"2011-02-11 13:32:00","0.000","4333856","0.000","0","0.000","0"
"2011-02-11 14:38:00","0.000","4633856","0.000","0","0.000","0"
"2011-02-11 14:52:00","0.000","5833856","0.000","0","0.000","0"
"2011-02-11 15:42:00","0.000","6333856","0.000","0","0.000","0"
"2011-02-14 09:38:00","0.000","511000","0.000","0","0.000","0"
"2011-02-14 10:46:00","0.000","741000","0.000","0","0.000","0"
"2011-02-14 10:50:00","0.000","1041000","0.000","0","0.000","0"
"2011-02-14 11:19:00","0.000","2041000","0.000","0","0.000","0"
"2011-02-14 12:09:00","0.000","2391000","0.000","0","0.000","0"
"2011-02-14 13:07:00","0.000","2771000","0.000","0","0.000","0"
"2011-02-14 14:57:00","0.000","4271000","0.000","0","0.000","0"
"2011-02-14 15:33:00","0.000","4421000","0.000","0","0.000","0"
"2011-02-15 09:34:00","0.000","1650000","0.000","0","0.000","0"
"2011-02-15 09:36:00","0.000","2350000","0.000","0","0.000","0"
"2011-02-15 10:31:00","0.000","2910000","0.000","0","0.000","0"
"2011-02-15 10:48:00","0.000","3410000","0.000","0","0.000","0"
"2011-02-15 12:16:00","0.000","4690000","0.000","0","0.000","0"
"2011-02-15 12:25:00","0.000","5190000","0.000","0","0.000","0"
"2011-02-15 12:26:00","0.000","6190000","0.000","0","0.000","0"
"2011-02-15 12:27:00","0.000","6690000","0.000","0","0.000","0"
"2011-02-15 12:29:00","0.000","6990000","0.000","0","0.000","0"
"2011-02-15 13:37:00","0.000","7026500","0.000","0","0.000","0"
"2011-02-15 15:21:00","0.000","7176500","0.000","0","0.000","0"
"2011-02-16 09:47:00","0.000","500000","0.000","0","0.000","0"
"2011-02-16 09:50:00","0.000","1000000","0.000","0","0.000","0"
"2011-02-16 10:21:00","0.000","2333333","0.000","0","0.000","0"
"2011-02-16 10:24:00","0.000","2833333","0.000","0","0.000","0"
"2011-02-16 10:36:00","0.000","3833333","0.000","0","0.000","0"
"2011-02-16 10:37:00","0.000","3933333","0.000","0","0.000","0"
"2011-02-16 10:41:00","0.000","4133333","0.000","0","0.000","0"
"2011-02-16 10:44:00","0.000","4333333","0.000","0","0.000","0"
"2011-02-16 10:54:00","0.000","4383333","0.000","0","0.000","0"
"2011-02-16 11:11:00","0.000","4933333","0.000","0","0.000","0"
"2011-02-16 11:15:00","0.000","5933333","0.000","0","0.000","0"
"2011-02-16 11:22:00","0.000","5937333","0.000","0","0.000","0"
"2011-02-16 11:53:00","0.000","6637333","0.000","0","0.000","0"
"2011-02-16 12:13:00","0.000","6737333","0.000","0","0.000","0"
"2011-02-16 12:17:00","0.000","7437333","0.000","0","0.000","0"
"2011-02-16 12:46:00","0.000","7437503","0.000","0","0.000","0"
"2011-02-16 14:13:00","0.000","9437503","0.000","0","0.000","0"
"2011-02-16 14:50:00","0.000","9637503","0.000","0","0.000","0"
"2011-02-16 15:12:00","0.000","9682503","0.000","0","0.000","0"
"2011-02-16 15:57:00","0.000","9732503","0.000","0","0.000","0"
"2011-02-17 09:31:00","0.000","3107000","0.000","0","0.000","0"
"2011-02-17 09:39:00","0.000","3607000","0.000","0","0.000","0"
"2011-02-17 10:04:00","0.000","4607000","0.000","0","0.000","0"
"2011-02-17 10:55:00","0.000","5607000","0.000","0","0.000","0"
"2011-02-17 11:31:00","0.000","5882000","0.000","0","0.000","0"
"2011-02-17 12:55:00","0.000","6565333","0.000","0","0.000","0"
"2011-02-17 13:27:00","0.000","9065333","0.000","0","0.000","0"
"2011-02-17 13:35:00","0.000","9115333","0.000","0","0.000","0"
"2011-02-17 13:47:00","0.000","9120333","0.000","0","0.000","0"
"2011-02-17 13:48:00","0.000","9125333","0.000","0","0.000","0"
"2011-02-17 13:54:00","0.000","10125333","0.000","0","0.000","0"
"2011-02-17 14:44:00","0.000","10275333","0.000","0","0.000","0"
"2011-02-17 15:02:00","0.000","10675333","0.000","0","0.000","0"
"2011-02-17 15:25:00","0.000","11175333","0.000","0","0.000","0"
"2011-02-17 15:50:00","0.000","12175333","0.000","0","0.000","0"
"2011-02-17 15:51:00","0.000","12425333","0.000","0","0.000","0"
"2011-02-18 09:30:00","0.000","550000","0.000","0","0.000","0"
"2011-02-18 10:19:00","0.000","1175000","0.000","0","0.000","0"
"2011-02-18 10:28:00","0.000","2096800","0.000","0","0.000","0"
"2011-02-18 10:46:00","0.000","2106800","0.000","0","0.000","0"
"2011-02-18 10:56:00","0.000","2146800","0.000","0","0.000","0"
"2011-02-18 11:16:00","0.000","2246800","0.000","0","0.000","0"
"2011-02-18 11:40:00","0.000","2247300","0.000","0","0.000","0"
"2011-02-18 11:41:00","0.000","2577300","0.000","0","0.000","0"
"2011-02-18 11:48:00","0.000","2578300","0.000","0","0.000","0"
"2011-02-18 13:02:00","0.000","2778300","0.000","0","0.000","0"
"2011-02-18 14:04:00","0.000","3008300","0.000","0","0.000","0"
"2011-02-18 14:06:00","0.000","3248300","0.000","0","0.000","0"
"2011-02-18 15:06:00","0.000","3252300","0.000","0","0.000","0"
"2011-02-18 15:48:00","0.000","3752300","0.000","0","0.000","0"
"2011-02-22 09:30:00","0.000","1123334","0.000","0","0.000","0"
"2011-02-22 09:35:00","0.000","1500000","0.000","0","0.000","0"
"2011-02-22 09:41:00","0.000","3500000","0.000","0","0.000","0"
"2011-02-22 09:59:00","0.000","3502000","0.000","0","0.000","0"
"2011-02-22 10:31:00","0.000","4002000","0.000","0","0.000","0"
"2011-02-22 10:58:00","0.000","4352000","0.000","0","0.000","0"
"2011-02-22 11:14:00","0.000","4357000","0.000","0","0.000","0"
"2011-02-22 11:48:00","0.000","8357000","0.000","0","0.000","0"
"2011-02-22 13:34:00","0.000","9157000","0.000","0","0.000","0"
"2011-02-22 13:40:00","0.000","10057000","0.000","0","0.000","0"
"2011-02-22 13:47:00","0.000","19107000","0.000","0","0.000","0"
"2011-02-22 13:51:00","0.000","19857000","0.000","0","0.000","0"
"2011-02-22 14:03:00","0.000","20107000","0.000","0","0.000","0"
"2011-02-22 14:12:00","0.000","20207000","0.000","0","0.000","0"
"2011-02-22 14:50:00","0.000","21729304","0.000","0","0.000","0"
"2011-02-22 15:35:00","0.000","21739304","0.000","0","0.000","0"
"2011-02-22 16:35:00","0.000","0","0.000","0","0.000","0"
