"2011-01-03 09:51:00","0.005","1666","0.000","0","0.000","0"
"2011-01-03 10:26:00","0.005","131666","0.000","0","0.000","0"
"2011-01-03 12:05:00","0.005","134766","0.000","0","0.000","0"
"2011-01-03 13:31:00","0.005","184766","0.000","0","0.000","0"
"2011-01-03 13:32:00","0.004","223766","0.000","0","0.000","0"
"2011-01-03 13:44:00","0.005","227100","0.000","0","0.000","0"
"2011-01-03 15:33:00","0.004","777100","0.000","0","0.000","0"
"2011-01-03 15:58:00","0.004","808533","0.000","0","0.000","0"
"2011-01-04 09:30:00","0.004","25000","0.000","0","0.000","0"
"2011-01-04 11:56:00","0.004","46500","0.000","0","0.000","0"
"2011-01-04 12:14:00","0.004","57600","0.000","0","0.000","0"
"2011-01-04 12:28:00","0.004","67600","0.000","0","0.000","0"
"2011-01-04 12:44:00","0.004","102600","0.000","0","0.000","0"
"2011-01-04 13:00:00","0.004","104600","0.000","0","0.000","0"
"2011-01-04 14:24:00","0.004","174600","0.000","0","0.000","0"
"2011-01-05 12:38:00","0.005","15000","0.000","0","0.000","0"
"2011-01-05 12:40:00","0.005","195000","0.000","0","0.000","0"
"2011-01-05 12:41:00","0.005","238196","0.000","0","0.000","0"
"2011-01-05 12:44:00","0.005","338196","0.000","0","0.000","0"
"2011-01-05 12:51:00","0.005","738196","0.000","0","0.000","0"
"2011-01-05 12:52:00","0.005","855571","0.000","0","0.000","0"
"2011-01-05 12:54:00","0.005","940571","0.000","0","0.000","0"
"2011-01-05 13:10:00","0.005","1620671","0.000","0","0.000","0"
"2011-01-05 13:22:00","0.006","1679171","0.000","0","0.000","0"
"2011-01-05 13:27:00","0.007","1694171","0.000","0","0.000","0"
"2011-01-05 13:32:00","0.006","2247642","0.000","0","0.000","0"
"2011-01-05 13:47:00","0.006","2297642","0.000","0","0.000","0"
"2011-01-05 13:50:00","0.006","2317642","0.000","0","0.000","0"
"2011-01-05 14:17:00","0.006","2467642","0.000","0","0.000","0"
"2011-01-05 14:39:00","0.006","2468621","0.000","0","0.000","0"
"2011-01-05 14:54:00","0.006","2495621","0.000","0","0.000","0"
"2011-01-05 15:01:00","0.004","2508621","0.000","0","0.000","0"
"2011-01-05 15:48:00","0.006","2516005","0.000","0","0.000","0"
"2011-01-06 09:33:00","0.009","509387","0.000","0","0.000","0"
"2011-01-06 09:34:00","0.009","579387","0.000","0","0.000","0"
"2011-01-06 09:36:00","0.009","599387","0.000","0","0.000","0"
"2011-01-06 09:38:00","0.009","734065","0.000","0","0.000","0"
"2011-01-06 09:39:00","0.010","754065","0.000","0","0.000","0"
"2011-01-06 09:44:00","0.009","894065","0.000","0","0.000","0"
"2011-01-06 09:47:00","0.009","1095065","0.000","0","0.000","0"
"2011-01-06 09:49:00","0.009","1195065","0.000","0","0.000","0"
"2011-01-06 09:52:00","0.009","1330065","0.000","0","0.000","0"
"2011-01-06 09:57:00","0.009","1550065","0.000","0","0.000","0"
"2011-01-06 09:58:00","0.009","1640065","0.000","0","0.000","0"
"2011-01-06 10:01:00","0.009","1740065","0.000","0","0.000","0"
"2011-01-06 10:02:00","0.009","1840065","0.000","0","0.000","0"
"2011-01-06 10:06:00","0.009","1855065","0.000","0","0.000","0"
"2011-01-06 10:08:00","0.009","1865065","0.000","0","0.000","0"
"2011-01-06 10:14:00","0.009","1882865","0.000","0","0.000","0"
"2011-01-06 10:15:00","0.009","1902865","0.000","0","0.000","0"
"2011-01-06 10:18:00","0.009","2052865","0.000","0","0.000","0"
"2011-01-06 10:22:00","0.009","2532865","0.000","0","0.000","0"
"2011-01-06 10:24:00","0.009","2642865","0.000","0","0.000","0"
"2011-01-06 10:29:00","0.009","2652365","0.000","0","0.000","0"
"2011-01-06 10:30:00","0.009","2662365","0.000","0","0.000","0"
"2011-01-06 10:32:00","0.009","2677365","0.000","0","0.000","0"
"2011-01-06 10:44:00","0.007","2913565","0.000","0","0.000","0"
"2011-01-06 10:49:00","0.008","2918565","0.000","0","0.000","0"
"2011-01-06 10:54:00","0.007","2929565","0.000","0","0.000","0"
"2011-01-06 10:56:00","0.008","3050676","0.000","0","0.000","0"
"2011-01-06 11:01:00","0.008","3055676","0.000","0","0.000","0"
"2011-01-06 11:07:00","0.008","3075676","0.000","0","0.000","0"
"2011-01-06 11:15:00","0.008","3115676","0.000","0","0.000","0"
"2011-01-06 11:17:00","0.008","3165676","0.000","0","0.000","0"
"2011-01-06 11:32:00","0.007","3180676","0.000","0","0.000","0"
"2011-01-06 11:34:00","0.008","3240676","0.000","0","0.000","0"
"2011-01-06 12:20:00","0.007","3255298","0.000","0","0.000","0"
"2011-01-06 12:47:00","0.007","3299798","0.000","0","0.000","0"
"2011-01-06 13:04:00","0.007","3321131","0.000","0","0.000","0"
"2011-01-06 14:35:00","0.008","3333131","0.000","0","0.000","0"
"2011-01-06 14:36:00","0.007","3338131","0.000","0","0.000","0"
"2011-01-06 14:38:00","0.007","3348131","0.000","0","0.000","0"
"2011-01-06 14:41:00","0.007","3358131","0.000","0","0.000","0"
"2011-01-06 14:42:00","0.007","3368131","0.000","0","0.000","0"
"2011-01-06 14:45:00","0.007","3428131","0.000","0","0.000","0"
"2011-01-06 15:09:00","0.007","3469009","0.000","0","0.000","0"
"2011-01-06 15:12:00","0.007","3680231","0.000","0","0.000","0"
"2011-01-06 15:20:00","0.005","3684251","0.000","0","0.000","0"
"2011-01-06 15:21:00","0.008","3712231","0.000","0","0.000","0"
"2011-01-07 09:31:00","0.008","103000","0.000","0","0.000","0"
"2011-01-07 09:45:00","0.006","233000","0.000","0","0.000","0"
"2011-01-07 09:48:00","0.006","238000","0.000","0","0.000","0"
"2011-01-07 09:58:00","0.006","730000","0.000","0","0.000","0"
"2011-01-07 10:40:00","0.006","785000","0.000","0","0.000","0"
"2011-01-07 10:49:00","0.006","885000","0.000","0","0.000","0"
"2011-01-07 10:51:00","0.006","955000","0.000","0","0.000","0"
"2011-01-07 12:04:00","0.006","973000","0.000","0","0.000","0"
"2011-01-07 12:53:00","0.007","1013000","0.000","0","0.000","0"
"2011-01-07 13:15:00","0.006","1213000","0.000","0","0.000","0"
"2011-01-07 13:47:00","0.006","1223000","0.000","0","0.000","0"
"2011-01-07 14:03:00","0.006","1287000","0.000","0","0.000","0"
"2011-01-07 14:36:00","0.006","1298000","0.000","0","0.000","0"
"2011-01-07 15:00:00","0.006","1638900","0.000","0","0.000","0"
"2011-01-07 15:01:00","0.006","1644300","0.000","0","0.000","0"
"2011-01-07 15:02:00","0.006","1704300","0.000","0","0.000","0"
"2011-01-07 15:24:00","0.006","1787350","0.000","0","0.000","0"
"2011-01-07 15:26:00","0.006","1818200","0.000","0","0.000","0"
"2011-01-07 15:27:00","0.006","1838200","0.000","0","0.000","0"
"2011-01-10 09:33:00","0.006","116750","0.000","0","0.000","0"
"2011-01-10 09:55:00","0.006","180000","0.000","0","0.000","0"
"2011-01-10 10:04:00","0.006","200000","0.000","0","0.000","0"
"2011-01-10 10:05:00","0.006","280000","0.000","0","0.000","0"
"2011-01-10 10:30:00","0.006","605000","0.000","0","0.000","0"
"2011-01-10 10:35:00","0.006","622000","0.000","0","0.000","0"
"2011-01-10 10:48:00","0.006","632000","0.000","0","0.000","0"
"2011-01-10 11:41:00","0.006","682000","0.000","0","0.000","0"
"2011-01-10 11:42:00","0.007","732000","0.000","0","0.000","0"
"2011-01-10 11:57:00","0.007","782000","0.000","0","0.000","0"
"2011-01-10 12:23:00","0.006","902000","0.000","0","0.000","0"
"2011-01-10 14:21:00","0.006","1202000","0.000","0","0.000","0"
"2011-01-10 14:29:00","0.007","1252000","0.000","0","0.000","0"
"2011-01-10 14:46:00","0.007","1262000","0.000","0","0.000","0"
"2011-01-10 14:56:00","0.007","1272000","0.000","0","0.000","0"
"2011-01-10 15:14:00","0.007","1322000","0.000","0","0.000","0"
"2011-01-10 15:30:00","0.007","1352000","0.000","0","0.000","0"
"2011-01-10 15:31:00","0.007","1352200","0.000","0","0.000","0"
"2011-01-10 15:32:00","0.007","1359800","0.000","0","0.000","0"
"2011-01-10 15:33:00","0.007","1379600","0.000","0","0.000","0"
"2011-01-10 15:45:00","0.007","1599800","0.000","0","0.000","0"
"2011-01-10 15:50:00","0.007","1629600","0.000","0","0.000","0"
"2011-01-10 15:59:00","0.006","1649600","0.000","0","0.000","0"
"2011-01-11 10:09:00","0.007","11870","0.000","0","0.000","0"
"2011-01-11 10:20:00","0.007","127881","0.000","0","0.000","0"
"2011-01-11 10:29:00","0.007","137381","0.000","0","0.000","0"
"2011-01-11 11:32:00","0.007","172381","0.000","0","0.000","0"
"2011-01-11 14:21:00","0.006","272381","0.000","0","0.000","0"
"2011-01-11 14:57:00","0.007","282881","0.000","0","0.000","0"
"2011-01-11 14:58:00","0.007","332881","0.000","0","0.000","0"
"2011-01-12 11:08:00","0.006","100000","0.000","0","0.000","0"
"2011-01-12 12:06:00","0.006","158500","0.000","0","0.000","0"
"2011-01-12 12:12:00","0.006","191500","0.000","0","0.000","0"
"2011-01-12 12:13:00","0.005","596500","0.000","0","0.000","0"
"2011-01-12 12:14:00","0.005","896500","0.000","0","0.000","0"
"2011-01-12 12:15:00","0.005","961500","0.000","0","0.000","0"
"2011-01-12 12:17:00","0.005","1286500","0.000","0","0.000","0"
"2011-01-12 12:59:00","0.005","1361500","0.000","0","0.000","0"
"2011-01-12 13:01:00","0.005","1451500","0.000","0","0.000","0"
"2011-01-12 13:04:00","0.005","1459350","0.000","0","0.000","0"
"2011-01-12 13:51:00","0.005","1469350","0.000","0","0.000","0"
"2011-01-12 14:02:00","0.005","1535350","0.000","0","0.000","0"
"2011-01-12 14:09:00","0.005","1710350","0.000","0","0.000","0"
"2011-01-12 14:33:00","0.005","1715350","0.000","0","0.000","0"
"2011-01-12 14:36:00","0.006","1910350","0.000","0","0.000","0"
"2011-01-12 14:59:00","0.005","1950350","0.000","0","0.000","0"
"2011-01-12 15:52:00","0.006","2150450","0.000","0","0.000","0"
"2011-01-12 15:53:00","0.007","2500450","0.000","0","0.000","0"
"2011-01-12 15:55:00","0.008","3351450","0.000","0","0.000","0"
"2011-01-12 15:56:00","0.009","3606450","0.000","0","0.000","0"
"2011-01-12 15:57:00","0.008","3856650","0.000","0","0.000","0"
"2011-01-12 15:58:00","0.008","4098650","0.000","0","0.000","0"
"2011-01-12 15:59:00","0.008","4345100","0.000","0","0.000","0"
"2011-01-13 09:30:00","0.009","125000","0.000","0","0.000","0"
"2011-01-13 09:31:00","0.010","521786","0.000","0","0.000","0"
"2011-01-13 09:33:00","0.009","922786","0.000","0","0.000","0"
"2011-01-13 09:34:00","0.008","1097325","0.000","0","0.000","0"
"2011-01-13 09:38:00","0.008","1143675","0.000","0","0.000","0"
"2011-01-13 09:42:00","0.008","1259725","0.000","0","0.000","0"
"2011-01-13 09:43:00","0.008","1269725","0.000","0","0.000","0"
"2011-01-13 09:47:00","0.008","1285475","0.000","0","0.000","0"
"2011-01-13 09:51:00","0.008","1289475","0.000","0","0.000","0"
"2011-01-13 09:53:00","0.008","1309475","0.000","0","0.000","0"
"2011-01-13 09:59:00","0.008","1455555","0.000","0","0.000","0"
"2011-01-13 10:01:00","0.008","1485555","0.000","0","0.000","0"
"2011-01-13 10:05:00","0.009","1525555","0.000","0","0.000","0"
"2011-01-13 10:41:00","0.006","1602555","0.000","0","0.000","0"
"2011-01-13 10:43:00","0.006","1623055","0.000","0","0.000","0"
"2011-01-13 10:44:00","0.006","1628055","0.000","0","0.000","0"
"2011-01-13 10:47:00","0.006","1728055","0.000","0","0.000","0"
"2011-01-13 10:56:00","0.007","1763940","0.000","0","0.000","0"
"2011-01-13 11:00:00","0.007","1768940","0.000","0","0.000","0"
"2011-01-13 11:09:00","0.008","1808940","0.000","0","0.000","0"
"2011-01-13 11:38:00","0.007","2013940","0.000","0","0.000","0"
"2011-01-13 11:40:00","0.007","2113940","0.000","0","0.000","0"
"2011-01-13 11:53:00","0.007","2268940","0.000","0","0.000","0"
"2011-01-13 12:09:00","0.007","2273940","0.000","0","0.000","0"
"2011-01-13 12:29:00","0.007","2410940","0.000","0","0.000","0"
"2011-01-13 12:31:00","0.007","2707516","0.000","0","0.000","0"
"2011-01-13 12:33:00","0.007","2847516","0.000","0","0.000","0"
"2011-01-13 12:52:00","0.007","2849516","0.000","0","0.000","0"
"2011-01-13 13:43:00","0.007","3067516","0.000","0","0.000","0"
"2011-01-13 13:44:00","0.006","3415591","0.000","0","0.000","0"
"2011-01-13 14:43:00","0.006","3515591","0.000","0","0.000","0"
"2011-01-13 14:52:00","0.006","3550591","0.000","0","0.000","0"
"2011-01-13 14:54:00","0.006","3590641","0.000","0","0.000","0"
"2011-01-13 14:55:00","0.006","3790641","0.000","0","0.000","0"
"2011-01-13 14:56:00","0.006","3990641","0.000","0","0.000","0"
"2011-01-13 14:57:00","0.006","4065940","0.000","0","0.000","0"
"2011-01-13 14:58:00","0.006","4095940","0.000","0","0.000","0"
"2011-01-13 15:01:00","0.006","4101740","0.000","0","0.000","0"
"2011-01-13 15:06:00","0.006","4366740","0.000","0","0.000","0"
"2011-01-13 15:11:00","0.006","4386740","0.000","0","0.000","0"
"2011-01-13 15:24:00","0.006","4401740","0.000","0","0.000","0"
"2011-01-13 15:38:00","0.006","4406740","0.000","0","0.000","0"
"2011-01-13 15:42:00","0.006","4426740","0.000","0","0.000","0"
"2011-01-13 15:43:00","0.006","4705188","0.000","0","0.000","0"
"2011-01-13 15:46:00","0.006","4765188","0.000","0","0.000","0"
"2011-01-14 09:34:00","0.006","32000","0.000","0","0.000","0"
"2011-01-14 09:37:00","0.006","82000","0.000","0","0.000","0"
"2011-01-14 09:38:00","0.006","265500","0.000","0","0.000","0"
"2011-01-14 09:41:00","0.005","515500","0.000","0","0.000","0"
"2011-01-14 09:54:00","0.005","639000","0.000","0","0.000","0"
"2011-01-14 10:27:00","0.007","690000","0.000","0","0.000","0"
"2011-01-14 11:02:00","0.005","700000","0.000","0","0.000","0"
"2011-01-14 11:27:00","0.005","710000","0.000","0","0.000","0"
"2011-01-14 11:57:00","0.005","729000","0.000","0","0.000","0"
"2011-01-14 12:29:00","0.005","754000","0.000","0","0.000","0"
"2011-01-14 13:11:00","0.005","794000","0.000","0","0.000","0"
"2011-01-14 13:25:00","0.006","934000","0.000","0","0.000","0"
"2011-01-14 13:37:00","0.005","1562552","0.000","0","0.000","0"
"2011-01-14 15:02:00","0.005","1582552","0.000","0","0.000","0"
"2011-01-14 15:07:00","0.005","1593552","0.000","0","0.000","0"
"2011-01-14 15:11:00","0.005","1618552","0.000","0","0.000","0"
"2011-01-14 15:24:00","0.006","1818552","0.000","0","0.000","0"
"2011-01-14 15:35:00","0.006","1982552","0.000","0","0.000","0"
"2011-01-14 15:39:00","0.006","2092552","0.000","0","0.000","0"
"2011-01-14 15:44:00","0.006","2102552","0.000","0","0.000","0"
"2011-01-14 15:50:00","0.006","2242552","0.000","0","0.000","0"
"2011-01-18 09:38:00","0.005","5000","0.000","0","0.000","0"
"2011-01-18 09:45:00","0.006","115000","0.000","0","0.000","0"
"2011-01-18 10:21:00","0.005","275000","0.000","0","0.000","0"
"2011-01-18 11:38:00","0.006","325000","0.000","0","0.000","0"
"2011-01-18 11:41:00","0.006","475000","0.000","0","0.000","0"
"2011-01-18 12:40:00","0.005","500000","0.000","0","0.000","0"
"2011-01-18 14:49:00","0.005","537000","0.000","0","0.000","0"
"2011-01-18 14:56:00","0.005","547000","0.000","0","0.000","0"
"2011-01-18 15:22:00","0.005","635285","0.000","0","0.000","0"
"2011-01-18 15:42:00","0.005","726194","0.000","0","0.000","0"
"2011-01-18 15:46:00","0.005","811252","0.000","0","0.000","0"
"2011-01-19 09:31:00","0.005","98000","0.000","0","0.000","0"
"2011-01-19 09:39:00","0.005","103000","0.000","0","0.000","0"
"2011-01-19 10:13:00","0.005","1103000","0.000","0","0.000","0"
"2011-01-19 10:20:00","0.005","1137200","0.000","0","0.000","0"
"2011-01-19 10:24:00","0.005","1147200","0.000","0","0.000","0"
"2011-01-19 10:25:00","0.005","1579700","0.000","0","0.000","0"
"2011-01-19 10:26:00","0.005","1609700","0.000","0","0.000","0"
"2011-01-19 11:52:00","0.005","1644200","0.000","0","0.000","0"
"2011-01-19 12:04:00","0.005","1794200","0.000","0","0.000","0"
"2011-01-19 12:46:00","0.004","1962200","0.000","0","0.000","0"
"2011-01-19 12:50:00","0.005","1972200","0.000","0","0.000","0"
"2011-01-19 13:01:00","0.005","2177200","0.000","0","0.000","0"
"2011-01-19 13:02:00","0.005","2377200","0.000","0","0.000","0"
"2011-01-19 13:03:00","0.005","2412200","0.000","0","0.000","0"
"2011-01-19 13:04:00","0.005","2612200","0.000","0","0.000","0"
"2011-01-19 13:05:00","0.005","2712200","0.000","0","0.000","0"
"2011-01-19 13:06:00","0.005","2812200","0.000","0","0.000","0"
"2011-01-19 13:14:00","0.005","2837200","0.000","0","0.000","0"
"2011-01-19 13:17:00","0.005","2886700","0.000","0","0.000","0"
"2011-01-19 13:27:00","0.005","3087200","0.000","0","0.000","0"
"2011-01-19 13:29:00","0.005","3187200","0.000","0","0.000","0"
"2011-01-19 13:30:00","0.005","3207200","0.000","0","0.000","0"
"2011-01-19 13:37:00","0.005","3237200","0.000","0","0.000","0"
"2011-01-19 13:38:00","0.004","3237400","0.000","0","0.000","0"
"2011-01-19 14:30:00","0.004","3487400","0.000","0","0.000","0"
"2011-01-19 15:22:00","0.004","4077400","0.000","0","0.000","0"
"2011-01-19 15:23:00","0.004","4107400","0.000","0","0.000","0"
"2011-01-19 15:27:00","0.005","4319400","0.000","0","0.000","0"
"2011-01-19 15:29:00","0.005","4531400","0.000","0","0.000","0"
"2011-01-19 15:44:00","0.004","4631400","0.000","0","0.000","0"
"2011-01-19 15:45:00","0.004","4636400","0.000","0","0.000","0"
"2011-01-19 15:56:00","0.004","4646400","0.000","0","0.000","0"
"2011-01-20 09:31:00","0.004","280000","0.000","0","0.000","0"
"2011-01-20 10:33:00","0.004","438600","0.000","0","0.000","0"
"2011-01-20 13:58:00","0.004","538600","0.000","0","0.000","0"
"2011-01-21 09:36:00","0.004","20000","0.000","0","0.000","0"
"2011-01-21 09:51:00","0.004","120000","0.000","0","0.000","0"
"2011-01-21 11:20:00","0.004","190000","0.000","0","0.000","0"
"2011-01-21 15:19:00","0.004","250000","0.000","0","0.000","0"
"2011-01-21 15:38:00","0.004","320000","0.000","0","0.000","0"
"2011-01-21 15:50:00","0.004","360000","0.000","0","0.000","0"
"2011-01-21 15:54:00","0.004","401000","0.000","0","0.000","0"
"2011-01-21 15:57:00","0.004","407236","0.000","0","0.000","0"
"2011-01-24 10:57:00","0.004","63987","0.000","0","0.000","0"
"2011-01-24 11:15:00","0.004","138987","0.000","0","0.000","0"
"2011-01-24 12:43:00","0.004","440588","0.000","0","0.000","0"
"2011-01-24 12:44:00","0.004","750588","0.000","0","0.000","0"
"2011-01-24 12:45:00","0.004","1110588","0.000","0","0.000","0"
"2011-01-24 12:49:00","0.003","1205588","0.000","0","0.000","0"
"2011-01-24 12:52:00","0.003","1305588","0.000","0","0.000","0"
"2011-01-24 13:41:00","0.003","1344718","0.000","0","0.000","0"
"2011-01-24 14:13:00","0.004","1382218","0.000","0","0.000","0"
"2011-01-24 14:15:00","0.004","1399218","0.000","0","0.000","0"
"2011-01-24 14:37:00","0.004","1892218","0.000","0","0.000","0"
"2011-01-24 15:26:00","0.004","1902218","0.000","0","0.000","0"
"2011-01-25 09:30:00","0.004","50000","0.000","0","0.000","0"
"2011-01-25 10:31:00","0.004","150000","0.000","0","0.000","0"
"2011-01-25 11:03:00","0.003","300000","0.000","0","0.000","0"
"2011-01-25 12:42:00","0.004","366252","0.000","0","0.000","0"
"2011-01-25 14:16:00","0.004","458252","0.000","0","0.000","0"
"2011-01-25 14:23:00","0.004","715688","0.000","0","0.000","0"
"2011-01-25 15:55:00","0.004","1189376","0.000","0","0.000","0"
"2011-01-26 09:39:00","0.004","17500","0.000","0","0.000","0"
"2011-01-26 10:23:00","0.004","317500","0.000","0","0.000","0"
"2011-01-26 10:36:00","0.004","337500","0.000","0","0.000","0"
"2011-01-26 12:38:00","0.004","362500","0.000","0","0.000","0"
"2011-01-26 13:30:00","0.004","413000","0.000","0","0.000","0"
"2011-01-26 13:31:00","0.003","663000","0.000","0","0.000","0"
"2011-01-26 13:32:00","0.003","693000","0.000","0","0.000","0"
"2011-01-26 13:33:00","0.003","767500","0.000","0","0.000","0"
"2011-01-26 13:38:00","0.003","867500","0.000","0","0.000","0"
"2011-01-26 13:59:00","0.003","870441","0.000","0","0.000","0"
"2011-01-26 14:02:00","0.003","926791","0.000","0","0.000","0"
"2011-01-26 14:05:00","0.003","1026791","0.000","0","0.000","0"
"2011-01-26 15:57:00","0.003","1180791","0.000","0","0.000","0"
"2011-01-27 10:12:00","0.003","255000","0.000","0","0.000","0"
"2011-01-27 11:05:00","0.003","355000","0.000","0","0.000","0"
"2011-01-27 11:14:00","0.003","605000","0.000","0","0.000","0"
"2011-01-27 14:53:00","0.003","620000","0.000","0","0.000","0"
"2011-01-27 15:37:00","0.003","670000","0.000","0","0.000","0"
"2011-01-28 10:29:00","0.003","5000","0.000","0","0.000","0"
"2011-01-28 11:27:00","0.003","105000","0.000","0","0.000","0"
"2011-01-28 11:28:00","0.003","145000","0.000","0","0.000","0"
"2011-01-28 11:33:00","0.003","226765","0.000","0","0.000","0"
"2011-01-28 12:24:00","0.003","231765","0.000","0","0.000","0"
"2011-01-28 13:32:00","0.003","258465","0.000","0","0.000","0"
"2011-01-28 14:01:00","0.003","358465","0.000","0","0.000","0"
"2011-01-28 14:57:00","0.003","458465","0.000","0","0.000","0"
"2011-01-31 09:34:00","0.004","12369","0.000","0","0.000","0"
"2011-01-31 09:42:00","0.004","43369","0.000","0","0.000","0"
"2011-01-31 09:43:00","0.003","248369","0.000","0","0.000","0"
"2011-01-31 13:04:00","0.003","556869","0.000","0","0.000","0"
"2011-01-31 13:16:00","0.004","1030169","0.000","0","0.000","0"
"2011-01-31 13:17:00","0.004","1556869","0.000","0","0.000","0"
"2011-01-31 15:05:00","0.004","1575460","0.000","0","0.000","0"
"2011-01-31 15:53:00","0.004","1675460","0.000","0","0.000","0"
"2011-02-01 09:33:00","0.004","930000","0.000","0","0.000","0"
"2011-02-01 09:34:00","0.004","2122259","0.000","0","0.000","0"
"2011-02-01 09:35:00","0.004","2440259","0.000","0","0.000","0"
"2011-02-01 09:37:00","0.005","2992124","0.000","0","0.000","0"
"2011-02-01 09:39:00","0.006","3995702","0.000","0","0.000","0"
"2011-02-01 09:40:00","0.006","4695368","0.000","0","0.000","0"
"2011-02-01 09:41:00","0.005","5131865","0.000","0","0.000","0"
"2011-02-01 09:42:00","0.005","5154144","0.000","0","0.000","0"
"2011-02-01 09:43:00","0.005","5254144","0.000","0","0.000","0"
"2011-02-01 09:51:00","0.005","5344144","0.000","0","0.000","0"
"2011-02-01 09:53:00","0.005","5504144","0.000","0","0.000","0"
"2011-02-01 09:56:00","0.005","6044144","0.000","0","0.000","0"
"2011-02-01 09:58:00","0.005","6144144","0.000","0","0.000","0"
"2011-02-01 10:03:00","0.004","6422444","0.000","0","0.000","0"
"2011-02-01 10:04:00","0.004","6557444","0.000","0","0.000","0"
"2011-02-01 10:07:00","0.004","7232444","0.000","0","0.000","0"
"2011-02-01 10:08:00","0.004","7532444","0.000","0","0.000","0"
"2011-02-01 10:13:00","0.004","7582444","0.000","0","0.000","0"
"2011-02-01 10:15:00","0.004","7692444","0.000","0","0.000","0"
"2011-02-01 10:18:00","0.004","7888344","0.000","0","0.000","0"
"2011-02-01 10:28:00","0.004","8082444","0.000","0","0.000","0"
"2011-02-01 10:30:00","0.004","8100938","0.000","0","0.000","0"
"2011-02-01 10:31:00","0.004","8584938","0.000","0","0.000","0"
"2011-02-01 10:33:00","0.004","8734938","0.000","0","0.000","0"
"2011-02-01 10:37:00","0.003","8914938","0.000","0","0.000","0"
"2011-02-01 10:41:00","0.003","9114938","0.000","0","0.000","0"
"2011-02-01 10:44:00","0.004","9194938","0.000","0","0.000","0"
"2011-02-01 10:48:00","0.004","9269938","0.000","0","0.000","0"
"2011-02-01 10:50:00","0.004","9369938","0.000","0","0.000","0"
"2011-02-01 10:54:00","0.004","9469938","0.000","0","0.000","0"
"2011-02-01 10:55:00","0.004","9739938","0.000","0","0.000","0"
"2011-02-01 11:01:00","0.004","9939938","0.000","0","0.000","0"
"2011-02-01 11:02:00","0.004","9953049","0.000","0","0.000","0"
"2011-02-01 11:07:00","0.004","10159938","0.000","0","0.000","0"
"2011-02-01 11:08:00","0.004","10259938","0.000","0","0.000","0"
"2011-02-01 11:13:00","0.004","10309938","0.000","0","0.000","0"
"2011-02-01 11:15:00","0.005","10351938","0.000","0","0.000","0"
"2011-02-01 11:43:00","0.005","10451938","0.000","0","0.000","0"
"2011-02-01 11:44:00","0.005","10471938","0.000","0","0.000","0"
"2011-02-01 11:46:00","0.005","10671938","0.000","0","0.000","0"
"2011-02-01 11:47:00","0.005","10679938","0.000","0","0.000","0"
"2011-02-01 11:50:00","0.005","10729938","0.000","0","0.000","0"
"2011-02-01 11:51:00","0.005","10739938","0.000","0","0.000","0"
"2011-02-01 11:52:00","0.005","10794938","0.000","0","0.000","0"
"2011-02-01 11:53:00","0.005","10904938","0.000","0","0.000","0"
"2011-02-01 11:55:00","0.006","11316605","0.000","0","0.000","0"
"2011-02-01 11:57:00","0.006","11475355","0.000","0","0.000","0"
"2011-02-01 12:01:00","0.006","11485355","0.000","0","0.000","0"
"2011-02-01 12:04:00","0.006","11550355","0.000","0","0.000","0"
"2011-02-01 12:10:00","0.006","11587355","0.000","0","0.000","0"
"2011-02-01 12:15:00","0.005","11734805","0.000","0","0.000","0"
"2011-02-01 12:19:00","0.005","12382805","0.000","0","0.000","0"
"2011-02-01 12:21:00","0.006","12482805","0.000","0","0.000","0"
"2011-02-01 12:28:00","0.005","12587804","0.000","0","0.000","0"
"2011-02-01 12:41:00","0.005","12607804","0.000","0","0.000","0"
"2011-02-01 12:45:00","0.005","12642804","0.000","0","0.000","0"
"2011-02-01 12:59:00","0.005","12672804","0.000","0","0.000","0"
"2011-02-01 13:00:00","0.005","12677804","0.000","0","0.000","0"
"2011-02-01 13:04:00","0.005","12679335","0.000","0","0.000","0"
"2011-02-01 13:39:00","0.005","12689335","0.000","0","0.000","0"
"2011-02-01 13:40:00","0.005","12789335","0.000","0","0.000","0"
"2011-02-01 13:42:00","0.005","13043886","0.000","0","0.000","0"
"2011-02-01 13:44:00","0.005","13143886","0.000","0","0.000","0"
"2011-02-01 13:47:00","0.004","18506960","0.000","0","0.000","0"
"2011-02-01 13:58:00","0.005","18706960","0.000","0","0.000","0"
"2011-02-01 14:01:00","0.005","19230014","0.000","0","0.000","0"
"2011-02-01 15:16:00","0.005","19630014","0.000","0","0.000","0"
"2011-02-01 15:23:00","0.004","20130014","0.000","0","0.000","0"
"2011-02-01 15:31:00","0.004","20135014","0.000","0","0.000","0"
"2011-02-01 15:34:00","0.004","20185014","0.000","0","0.000","0"
"2011-02-01 15:39:00","0.004","20190014","0.000","0","0.000","0"
"2011-02-01 15:40:00","0.004","20340014","0.000","0","0.000","0"
"2011-02-01 15:43:00","0.004","20640014","0.000","0","0.000","0"
"2011-02-01 15:59:00","0.005","20645014","0.000","0","0.000","0"
"2011-02-02 09:31:00","0.005","618785","0.000","0","0.000","0"
"2011-02-02 09:35:00","0.005","828785","0.000","0","0.000","0"
"2011-02-02 09:36:00","0.005","1500800","0.000","0","0.000","0"
"2011-02-02 09:38:00","0.005","1542100","0.000","0","0.000","0"
"2011-02-02 09:48:00","0.005","1728800","0.000","0","0.000","0"
"2011-02-02 09:57:00","0.005","2028800","0.000","0","0.000","0"
"2011-02-02 10:00:00","0.005","2038800","0.000","0","0.000","0"
"2011-02-02 10:02:00","0.005","2078800","0.000","0","0.000","0"
"2011-02-02 10:14:00","0.005","2081300","0.000","0","0.000","0"
"2011-02-02 10:15:00","0.005","2101300","0.000","0","0.000","0"
"2011-02-02 10:18:00","0.005","2121300","0.000","0","0.000","0"
"2011-02-02 10:21:00","0.005","2125800","0.000","0","0.000","0"
"2011-02-02 10:22:00","0.005","2127300","0.000","0","0.000","0"
"2011-02-02 10:24:00","0.005","2191790","0.000","0","0.000","0"
"2011-02-02 10:27:00","0.005","2202800","0.000","0","0.000","0"
"2011-02-02 10:37:00","0.005","2332800","0.000","0","0.000","0"
"2011-02-02 11:20:00","0.005","2435861","0.000","0","0.000","0"
"2011-02-02 11:21:00","0.005","2457800","0.000","0","0.000","0"
"2011-02-02 11:42:00","0.005","2607800","0.000","0","0.000","0"
"2011-02-02 11:46:00","0.005","3007800","0.000","0","0.000","0"
"2011-02-02 11:57:00","0.005","3020800","0.000","0","0.000","0"
"2011-02-02 12:09:00","0.005","3057800","0.000","0","0.000","0"
"2011-02-02 12:21:00","0.005","3077800","0.000","0","0.000","0"
"2011-02-02 12:30:00","0.005","3177800","0.000","0","0.000","0"
"2011-02-02 12:42:00","0.005","3277800","0.000","0","0.000","0"
"2011-02-02 12:57:00","0.005","3375800","0.000","0","0.000","0"
"2011-02-02 13:35:00","0.005","3445800","0.000","0","0.000","0"
"2011-02-02 13:36:00","0.005","3527800","0.000","0","0.000","0"
"2011-02-02 14:42:00","0.005","3627800","0.000","0","0.000","0"
"2011-02-02 15:01:00","0.005","3927800","0.000","0","0.000","0"
"2011-02-02 15:04:00","0.005","3984800","0.000","0","0.000","0"
"2011-02-02 15:06:00","0.005","4016300","0.000","0","0.000","0"
"2011-02-02 15:09:00","0.005","4095845","0.000","0","0.000","0"
"2011-02-02 15:10:00","0.005","4109845","0.000","0","0.000","0"
"2011-02-02 15:12:00","0.005","4326345","0.000","0","0.000","0"
"2011-02-02 15:18:00","0.005","4426345","0.000","0","0.000","0"
"2011-02-02 15:54:00","0.006","4626345","0.000","0","0.000","0"
"2011-02-02 15:57:00","0.006","4762894","0.000","0","0.000","0"
"2011-02-03 09:36:00","0.006","10000","0.000","0","0.000","0"
"2011-02-03 09:45:00","0.006","27800","0.000","0","0.000","0"
"2011-02-03 10:45:00","0.005","42585","0.000","0","0.000","0"
"2011-02-03 11:25:00","0.005","53385","0.000","0","0.000","0"
"2011-02-03 11:31:00","0.005","143585","0.000","0","0.000","0"
"2011-02-03 11:37:00","0.005","202585","0.000","0","0.000","0"
"2011-02-03 12:54:00","0.005","302585","0.000","0","0.000","0"
"2011-02-03 14:08:00","0.005","352585","0.000","0","0.000","0"
"2011-02-03 14:26:00","0.005","493585","0.000","0","0.000","0"
"2011-02-03 15:20:00","0.005","518585","0.000","0","0.000","0"
"2011-02-03 15:28:00","0.005","576585","0.000","0","0.000","0"
"2011-02-03 15:38:00","0.005","594585","0.000","0","0.000","0"
"2011-02-03 15:55:00","0.005","635685","0.000","0","0.000","0"
"2011-02-04 09:32:00","0.005","161500","0.000","0","0.000","0"
"2011-02-04 09:35:00","0.006","266500","0.000","0","0.000","0"
"2011-02-04 09:42:00","0.006","623045","0.000","0","0.000","0"
"2011-02-04 10:08:00","0.005","713045","0.000","0","0.000","0"
"2011-02-04 10:24:00","0.006","740078","0.000","0","0.000","0"
"2011-02-04 10:49:00","0.006","784078","0.000","0","0.000","0"
"2011-02-04 11:04:00","0.006","824078","0.000","0","0.000","0"
"2011-02-04 11:24:00","0.005","874278","0.000","0","0.000","0"
"2011-02-04 11:33:00","0.005","1034278","0.000","0","0.000","0"
"2011-02-04 11:43:00","0.005","1036278","0.000","0","0.000","0"
"2011-02-04 11:55:00","0.005","1041278","0.000","0","0.000","0"
"2011-02-04 11:56:00","0.005","1076278","0.000","0","0.000","0"
"2011-02-04 12:05:00","0.005","1171078","0.000","0","0.000","0"
"2011-02-04 12:07:00","0.005","1271078","0.000","0","0.000","0"
"2011-02-04 12:09:00","0.005","1363078","0.000","0","0.000","0"
"2011-02-04 12:32:00","0.005","1463078","0.000","0","0.000","0"
"2011-02-04 13:07:00","0.005","1523078","0.000","0","0.000","0"
"2011-02-04 13:27:00","0.005","1613078","0.000","0","0.000","0"
"2011-02-04 14:00:00","0.005","1722278","0.000","0","0.000","0"
"2011-02-04 14:09:00","0.005","1868078","0.000","0","0.000","0"
"2011-02-04 15:24:00","0.005","2018078","0.000","0","0.000","0"
"2011-02-04 15:40:00","0.005","2042878","0.000","0","0.000","0"
"2011-02-04 15:41:00","0.005","2062878","0.000","0","0.000","0"
"2011-02-04 15:53:00","0.005","2108378","0.000","0","0.000","0"
"2011-02-04 15:54:00","0.005","2113378","0.000","0","0.000","0"
"2011-02-07 09:30:00","0.005","25000","0.000","0","0.000","0"
"2011-02-07 09:43:00","0.005","164490","0.000","0","0.000","0"
"2011-02-07 09:45:00","0.005","617539","0.000","0","0.000","0"
"2011-02-07 09:51:00","0.005","682539","0.000","0","0.000","0"
"2011-02-07 09:59:00","0.005","726439","0.000","0","0.000","0"
"2011-02-07 10:08:00","0.005","732439","0.000","0","0.000","0"
"2011-02-07 10:31:00","0.005","1082439","0.000","0","0.000","0"
"2011-02-07 10:38:00","0.005","1152439","0.000","0","0.000","0"
"2011-02-07 10:59:00","0.005","1284997","0.000","0","0.000","0"
"2011-02-07 13:52:00","0.004","1813497","0.000","0","0.000","0"
"2011-02-07 14:11:00","0.004","1963497","0.000","0","0.000","0"
"2011-02-07 14:35:00","0.004","2073497","0.000","0","0.000","0"
"2011-02-07 14:37:00","0.004","2113497","0.000","0","0.000","0"
"2011-02-08 10:56:00","0.004","55000","0.000","0","0.000","0"
"2011-02-09 09:47:00","0.004","150000","0.000","0","0.000","0"
"2011-02-09 10:19:00","0.005","155000","0.000","0","0.000","0"
"2011-02-09 12:08:00","0.005","175000","0.000","0","0.000","0"
"2011-02-09 12:36:00","0.004","255000","0.000","0","0.000","0"
"2011-02-09 13:45:00","0.005","484000","0.000","0","0.000","0"
"2011-02-09 14:13:00","0.005","486000","0.000","0","0.000","0"
"2011-02-09 14:19:00","0.005","586000","0.000","0","0.000","0"
"2011-02-09 14:22:00","0.005","626000","0.000","0","0.000","0"
"2011-02-09 15:09:00","0.005","736130","0.000","0","0.000","0"
"2011-02-09 15:20:00","0.005","936130","0.000","0","0.000","0"
"2011-02-10 09:31:00","0.005","15000","0.000","0","0.000","0"
"2011-02-10 09:39:00","0.007","1221893","0.000","0","0.000","0"
"2011-02-10 09:40:00","0.009","2089534","0.000","0","0.000","0"
"2011-02-10 09:41:00","0.009","3916588","0.000","0","0.000","0"
"2011-02-10 09:43:00","0.009","6104726","0.000","0","0.000","0"
"2011-02-10 09:44:00","0.009","6213726","0.000","0","0.000","0"
"2011-02-10 09:45:00","0.010","6751344","0.000","0","0.000","0"
"2011-02-10 09:46:00","0.015","8331575","0.000","0","0.000","0"
"2011-02-10 09:48:00","0.010","9516973","0.000","0","0.000","0"
"2011-02-10 09:49:00","0.012","9869005","0.000","0","0.000","0"
"2011-02-10 09:50:00","0.013","10119973","0.000","0","0.000","0"
"2011-02-10 09:51:00","0.013","11029738","0.000","0","0.000","0"
"2011-02-10 09:52:00","0.010","12449238","0.000","0","0.000","0"
"2011-02-10 09:53:00","0.010","12813538","0.000","0","0.000","0"
"2011-02-10 09:54:00","0.011","13112538","0.000","0","0.000","0"
"2011-02-10 09:55:00","0.010","13712538","0.000","0","0.000","0"
"2011-02-10 09:56:00","0.011","14176684","0.000","0","0.000","0"
"2011-02-10 09:59:00","0.011","14518856","0.000","0","0.000","0"
"2011-02-10 10:00:00","0.011","15607306","0.000","0","0.000","0"
"2011-02-10 10:01:00","0.010","16404495","0.000","0","0.000","0"
"2011-02-10 10:03:00","0.009","16676195","0.000","0","0.000","0"
"2011-02-10 10:04:00","0.009","16686195","0.000","0","0.000","0"
"2011-02-10 10:05:00","0.010","16940362","0.000","0","0.000","0"
"2011-02-10 10:06:00","0.011","18403212","0.000","0","0.000","0"
"2011-02-10 10:07:00","0.012","18512058","0.000","0","0.000","0"
"2011-02-10 10:09:00","0.013","19267580","0.000","0","0.000","0"
"2011-02-10 10:10:00","0.013","21401500","0.000","0","0.000","0"
"2011-02-10 10:11:00","0.013","22531500","0.000","0","0.000","0"
"2011-02-10 10:12:00","0.011","22773212","0.000","0","0.000","0"
"2011-02-10 10:14:00","0.012","22899000","0.000","0","0.000","0"
"2011-02-10 10:15:00","0.011","23068766","0.000","0","0.000","0"
"2011-02-10 10:16:00","0.011","23339366","0.000","0","0.000","0"
"2011-02-10 10:17:00","0.011","23418766","0.000","0","0.000","0"
"2011-02-10 10:19:00","0.011","24124766","0.000","0","0.000","0"
"2011-02-10 10:20:00","0.010","24326366","0.000","0","0.000","0"
"2011-02-10 10:22:00","0.010","24626366","0.000","0","0.000","0"
"2011-02-10 10:23:00","0.012","25146866","0.000","0","0.000","0"
"2011-02-10 10:25:00","0.012","25246866","0.000","0","0.000","0"
"2011-02-10 10:26:00","0.011","25367612","0.000","0","0.000","0"
"2011-02-10 10:27:00","0.012","25410612","0.000","0","0.000","0"
"2011-02-10 10:29:00","0.012","25574112","0.000","0","0.000","0"
"2011-02-10 10:30:00","0.012","25682212","0.000","0","0.000","0"
"2011-02-10 10:31:00","0.012","25992900","0.000","0","0.000","0"
"2011-02-10 10:34:00","0.013","26199524","0.000","0","0.000","0"
"2011-02-10 10:37:00","0.013","26552892","0.000","0","0.000","0"
"2011-02-10 10:39:00","0.013","26604892","0.000","0","0.000","0"
"2011-02-10 10:40:00","0.013","26905892","0.000","0","0.000","0"
"2011-02-10 10:41:00","0.012","27606158","0.000","0","0.000","0"
"2011-02-10 10:42:00","0.011","27804158","0.000","0","0.000","0"
"2011-02-10 10:44:00","0.011","28037146","0.000","0","0.000","0"
"2011-02-10 10:46:00","0.012","28459146","0.000","0","0.000","0"
"2011-02-10 10:47:00","0.012","28749146","0.000","0","0.000","0"
"2011-02-10 10:48:00","0.013","28878146","0.000","0","0.000","0"
"2011-02-10 10:50:00","0.013","28892646","0.000","0","0.000","0"
"2011-02-10 10:52:00","0.012","29097646","0.000","0","0.000","0"
"2011-02-10 10:53:00","0.012","29243546","0.000","0","0.000","0"
"2011-02-10 10:56:00","0.012","29316324","0.000","0","0.000","0"
"2011-02-10 10:57:00","0.012","29345324","0.000","0","0.000","0"
"2011-02-10 11:01:00","0.012","29490724","0.000","0","0.000","0"
"2011-02-10 11:02:00","0.012","29510724","0.000","0","0.000","0"
"2011-02-10 11:04:00","0.011","30085268","0.000","0","0.000","0"
"2011-02-10 11:05:00","0.010","30545768","0.000","0","0.000","0"
"2011-02-10 11:08:00","0.010","30865768","0.000","0","0.000","0"
"2011-02-10 11:09:00","0.011","30951768","0.000","0","0.000","0"
"2011-02-10 11:12:00","0.011","31092768","0.000","0","0.000","0"
"2011-02-10 11:13:00","0.011","31149268","0.000","0","0.000","0"
"2011-02-10 11:20:00","0.011","31227518","0.000","0","0.000","0"
"2011-02-10 11:23:00","0.011","31447518","0.000","0","0.000","0"
"2011-02-10 11:25:00","0.011","31462518","0.000","0","0.000","0"
"2011-02-10 11:29:00","0.010","31776518","0.000","0","0.000","0"
"2011-02-10 11:30:00","0.010","32688956","0.000","0","0.000","0"
"2011-02-10 11:31:00","0.010","33071456","0.000","0","0.000","0"
"2011-02-10 11:33:00","0.010","33417660","0.000","0","0.000","0"
"2011-02-10 11:35:00","0.009","34280456","0.000","0","0.000","0"
"2011-02-10 11:38:00","0.010","34294956","0.000","0","0.000","0"
"2011-02-10 11:39:00","0.010","34349956","0.000","0","0.000","0"
"2011-02-10 11:40:00","0.010","34369956","0.000","0","0.000","0"
"2011-02-10 11:41:00","0.009","34559556","0.000","0","0.000","0"
"2011-02-10 11:43:00","0.009","35248556","0.000","0","0.000","0"
"2011-02-10 11:44:00","0.010","35584656","0.000","0","0.000","0"
"2011-02-10 11:45:00","0.010","35654656","0.000","0","0.000","0"
"2011-02-10 11:46:00","0.010","35877056","0.000","0","0.000","0"
"2011-02-10 11:48:00","0.010","35892056","0.000","0","0.000","0"
"2011-02-10 11:49:00","0.011","35896056","0.000","0","0.000","0"
"2011-02-10 11:51:00","0.011","35996056","0.000","0","0.000","0"
"2011-02-10 11:54:00","0.011","36041056","0.000","0","0.000","0"
"2011-02-10 11:58:00","0.011","36051056","0.000","0","0.000","0"
"2011-02-10 12:07:00","0.010","36061056","0.000","0","0.000","0"
"2011-02-10 12:08:00","0.010","36071056","0.000","0","0.000","0"
"2011-02-10 12:09:00","0.010","36125056","0.000","0","0.000","0"
"2011-02-10 12:12:00","0.011","36275056","0.000","0","0.000","0"
"2011-02-10 12:13:00","0.011","36287556","0.000","0","0.000","0"
"2011-02-10 12:14:00","0.011","36292556","0.000","0","0.000","0"
"2011-02-10 12:16:00","0.011","36300556","0.000","0","0.000","0"
"2011-02-10 12:18:00","0.011","36347556","0.000","0","0.000","0"
"2011-02-10 12:19:00","0.012","36452556","0.000","0","0.000","0"
"2011-02-10 12:21:00","0.010","36942136","0.000","0","0.000","0"
"2011-02-10 12:22:00","0.010","37270136","0.000","0","0.000","0"
"2011-02-10 12:25:00","0.011","37320136","0.000","0","0.000","0"
"2011-02-10 12:26:00","0.011","37330136","0.000","0","0.000","0"
"2011-02-10 12:28:00","0.012","37373136","0.000","0","0.000","0"
"2011-02-10 12:29:00","0.012","37448136","0.000","0","0.000","0"
"2011-02-10 12:30:00","0.012","37490136","0.000","0","0.000","0"
"2011-02-10 12:31:00","0.012","37500136","0.000","0","0.000","0"
"2011-02-10 12:32:00","0.011","37567736","0.000","0","0.000","0"
"2011-02-10 12:35:00","0.011","37576736","0.000","0","0.000","0"
"2011-02-10 12:36:00","0.011","37588040","0.000","0","0.000","0"
"2011-02-10 12:41:00","0.011","37644040","0.000","0","0.000","0"
"2011-02-10 12:46:00","0.011","37696040","0.000","0","0.000","0"
"2011-02-10 12:47:00","0.011","37846040","0.000","0","0.000","0"
"2011-02-10 12:48:00","0.011","38052736","0.000","0","0.000","0"
"2011-02-10 12:52:00","0.011","38092736","0.000","0","0.000","0"
"2011-02-10 12:56:00","0.011","38147736","0.000","0","0.000","0"
"2011-02-10 13:01:00","0.011","38291736","0.000","0","0.000","0"
"2011-02-10 13:03:00","0.011","38529384","0.000","0","0.000","0"
"2011-02-10 13:04:00","0.011","38964384","0.000","0","0.000","0"
"2011-02-10 13:05:00","0.012","39097884","0.000","0","0.000","0"
"2011-02-10 13:06:00","0.011","39367884","0.000","0","0.000","0"
"2011-02-10 13:11:00","0.011","39772884","0.000","0","0.000","0"
"2011-02-10 13:12:00","0.011","39777884","0.000","0","0.000","0"
"2011-02-10 13:13:00","0.012","40207304","0.000","0","0.000","0"
"2011-02-10 13:15:00","0.012","40623884","0.000","0","0.000","0"
"2011-02-10 13:16:00","0.012","40667184","0.000","0","0.000","0"
"2011-02-10 13:20:00","0.012","40674960","0.000","0","0.000","0"
"2011-02-10 13:22:00","0.012","40681960","0.000","0","0.000","0"
"2011-02-10 13:24:00","0.012","40771960","0.000","0","0.000","0"
"2011-02-10 13:25:00","0.012","40906720","0.000","0","0.000","0"
"2011-02-10 13:26:00","0.012","40961720","0.000","0","0.000","0"
"2011-02-10 13:28:00","0.012","41171720","0.000","0","0.000","0"
"2011-02-10 13:30:00","0.012","41471720","0.000","0","0.000","0"
"2011-02-10 13:33:00","0.011","41676796","0.000","0","0.000","0"
"2011-02-10 13:34:00","0.011","41681796","0.000","0","0.000","0"
"2011-02-10 13:36:00","0.011","42321796","0.000","0","0.000","0"
"2011-02-10 13:37:00","0.012","42499096","0.000","0","0.000","0"
"2011-02-10 13:38:00","0.012","42504096","0.000","0","0.000","0"
"2011-02-10 13:39:00","0.012","42509096","0.000","0","0.000","0"
"2011-02-10 13:41:00","0.012","42945096","0.000","0","0.000","0"
"2011-02-10 13:42:00","0.013","43871308","0.000","0","0.000","0"
"2011-02-10 13:43:00","0.013","44485340","0.000","0","0.000","0"
"2011-02-10 13:45:00","0.013","45055708","0.000","0","0.000","0"
"2011-02-10 13:46:00","0.013","45082276","0.000","0","0.000","0"
"2011-02-10 13:48:00","0.014","45850516","0.000","0","0.000","0"
"2011-02-10 13:50:00","0.015","46429796","0.000","0","0.000","0"
"2011-02-10 13:51:00","0.015","47703296","0.000","0","0.000","0"
"2011-02-10 13:52:00","0.015","48454664","0.000","0","0.000","0"
"2011-02-10 13:53:00","0.014","48802048","0.000","0","0.000","0"
"2011-02-10 13:55:00","0.015","48934820","0.000","0","0.000","0"
"2011-02-10 13:56:00","0.016","49315088","0.000","0","0.000","0"
"2011-02-10 13:57:00","0.015","49465088","0.000","0","0.000","0"
"2011-02-10 13:58:00","0.015","49515088","0.000","0","0.000","0"
"2011-02-10 14:00:00","0.016","49581088","0.000","0","0.000","0"
"2011-02-10 14:01:00","0.017","49825660","0.000","0","0.000","0"
"2011-02-10 14:02:00","0.017","51368240","0.000","0","0.000","0"
"2011-02-10 14:03:00","0.017","51588844","0.000","0","0.000","0"
"2011-02-10 14:05:00","0.017","51976844","0.000","0","0.000","0"
"2011-02-10 14:06:00","0.017","52187740","0.000","0","0.000","0"
"2011-02-10 14:07:00","0.017","52418516","0.000","0","0.000","0"
"2011-02-10 14:08:00","0.017","52735776","0.000","0","0.000","0"
"2011-02-10 14:10:00","0.016","53066396","0.000","0","0.000","0"
"2011-02-10 14:11:00","0.017","53444496","0.000","0","0.000","0"
"2011-02-10 14:12:00","0.017","53538248","0.000","0","0.000","0"
"2011-02-10 14:13:00","0.017","54154816","0.000","0","0.000","0"
"2011-02-10 14:14:00","0.019","54613384","0.000","0","0.000","0"
"2011-02-10 14:15:00","0.019","55288856","0.000","0","0.000","0"
"2011-02-10 14:16:00","0.018","55848268","0.000","0","0.000","0"
"2011-02-10 14:17:00","0.019","56591968","0.000","0","0.000","0"
"2011-02-10 14:18:00","0.019","56765572","0.000","0","0.000","0"
"2011-02-10 14:19:00","0.019","57045308","0.000","0","0.000","0"
"2011-02-10 14:20:00","0.018","57206308","0.000","0","0.000","0"
"2011-02-10 14:21:00","0.018","57490332","0.000","0","0.000","0"
"2011-02-10 14:22:00","0.018","57580332","0.000","0","0.000","0"
"2011-02-10 14:23:00","0.018","57735792","0.000","0","0.000","0"
"2011-02-10 14:24:00","0.018","57773792","0.000","0","0.000","0"
"2011-02-10 14:25:00","0.018","57903792","0.000","0","0.000","0"
"2011-02-10 14:26:00","0.017","58001292","0.000","0","0.000","0"
"2011-02-10 14:27:00","0.016","58267344","0.000","0","0.000","0"
"2011-02-10 14:28:00","0.017","58412344","0.000","0","0.000","0"
"2011-02-10 14:30:00","0.017","58717344","0.000","0","0.000","0"
"2011-02-10 14:31:00","0.018","58779844","0.000","0","0.000","0"
"2011-02-10 14:32:00","0.018","58905120","0.000","0","0.000","0"
"2011-02-10 14:34:00","0.019","59815740","0.000","0","0.000","0"
"2011-02-10 14:35:00","0.019","60128716","0.000","0","0.000","0"
"2011-02-10 14:36:00","0.019","60548716","0.000","0","0.000","0"
"2011-02-10 14:37:00","0.020","61244216","0.000","0","0.000","0"
"2011-02-10 14:38:00","0.020","62684672","0.000","0","0.000","0"
"2011-02-10 14:39:00","0.021","62967812","0.000","0","0.000","0"
"2011-02-10 14:40:00","0.020","63576360","0.000","0","0.000","0"
"2011-02-10 14:41:00","0.018","64095360","0.000","0","0.000","0"
"2011-02-10 14:42:00","0.019","65081360","0.000","0","0.000","0"
"2011-02-10 14:43:00","0.019","65318360","0.000","0","0.000","0"
"2011-02-10 14:45:00","0.019","65599860","0.000","0","0.000","0"
"2011-02-10 14:46:00","0.019","65737360","0.000","0","0.000","0"
"2011-02-10 14:47:00","0.020","65881860","0.000","0","0.000","0"
"2011-02-10 14:48:00","0.020","65897020","0.000","0","0.000","0"
"2011-02-10 14:50:00","0.018","66418112","0.000","0","0.000","0"
"2011-02-10 14:51:00","0.019","66672112","0.000","0","0.000","0"
"2011-02-10 14:52:00","0.019","66736208","0.000","0","0.000","0"
"2011-02-10 14:53:00","0.020","66826208","0.000","0","0.000","0"
"2011-02-10 14:55:00","0.018","67503712","0.000","0","0.000","0"
"2011-02-10 14:56:00","0.020","67533808","0.000","0","0.000","0"
"2011-02-10 14:58:00","0.020","67693808","0.000","0","0.000","0"
"2011-02-10 14:59:00","0.019","67825056","0.000","0","0.000","0"
"2011-02-10 15:01:00","0.019","67942400","0.000","0","0.000","0"
"2011-02-10 15:02:00","0.019","68034312","0.000","0","0.000","0"
"2011-02-10 15:04:00","0.019","68069312","0.000","0","0.000","0"
"2011-02-10 15:05:00","0.020","68373440","0.000","0","0.000","0"
"2011-02-10 15:06:00","0.020","69892896","0.000","0","0.000","0"
"2011-02-10 15:07:00","0.021","70102896","0.000","0","0.000","0"
"2011-02-10 15:08:00","0.021","70795896","0.000","0","0.000","0"
"2011-02-10 15:10:00","0.020","71200448","0.000","0","0.000","0"
"2011-02-10 15:11:00","0.021","71773312","0.000","0","0.000","0"
"2011-02-10 15:12:00","0.022","71903312","0.000","0","0.000","0"
"2011-02-10 15:13:00","0.022","71988304","0.000","0","0.000","0"
"2011-02-10 15:15:00","0.020","73064512","0.000","0","0.000","0"
"2011-02-10 15:16:00","0.019","73421312","0.000","0","0.000","0"
"2011-02-10 15:17:00","0.019","73921312","0.000","0","0.000","0"
"2011-02-10 15:19:00","0.019","74012912","0.000","0","0.000","0"
"2011-02-10 15:20:00","0.019","74037904","0.000","0","0.000","0"
"2011-02-10 15:21:00","0.019","74227312","0.000","0","0.000","0"
"2011-02-10 15:22:00","0.019","74869344","0.000","0","0.000","0"
"2011-02-10 15:23:00","0.018","75064344","0.000","0","0.000","0"
"2011-02-10 15:24:00","0.018","75359848","0.000","0","0.000","0"
"2011-02-10 15:25:00","0.018","75775848","0.000","0","0.000","0"
"2011-02-10 15:27:00","0.018","75897848","0.000","0","0.000","0"
"2011-02-10 15:28:00","0.020","76541448","0.000","0","0.000","0"
"2011-02-10 15:29:00","0.020","76591344","0.000","0","0.000","0"
"2011-02-10 15:30:00","0.019","76696344","0.000","0","0.000","0"
"2011-02-10 15:31:00","0.020","76697344","0.000","0","0.000","0"
"2011-02-10 15:32:00","0.019","76747344","0.000","0","0.000","0"
"2011-02-10 15:33:00","0.019","76767344","0.000","0","0.000","0"
"2011-02-10 15:35:00","0.019","76802344","0.000","0","0.000","0"
"2011-02-10 15:36:00","0.018","77134344","0.000","0","0.000","0"
"2011-02-10 15:37:00","0.018","77450344","0.000","0","0.000","0"
"2011-02-10 15:39:00","0.017","77858560","0.000","0","0.000","0"
"2011-02-10 15:40:00","0.018","77913560","0.000","0","0.000","0"
"2011-02-10 15:41:00","0.017","78033560","0.000","0","0.000","0"
"2011-02-10 15:42:00","0.017","78392920","0.000","0","0.000","0"
"2011-02-10 15:45:00","0.019","78433920","0.000","0","0.000","0"
"2011-02-10 15:46:00","0.018","78587968","0.000","0","0.000","0"
"2011-02-10 15:48:00","0.018","78639968","0.000","0","0.000","0"
"2011-02-10 15:50:00","0.019","78979200","0.000","0","0.000","0"
"2011-02-10 15:51:00","0.019","79078512","0.000","0","0.000","0"
"2011-02-10 15:52:00","0.019","79346528","0.000","0","0.000","0"
"2011-02-10 15:53:00","0.019","79698824","0.000","0","0.000","0"
"2011-02-10 15:54:00","0.020","80168824","0.000","0","0.000","0"
"2011-02-10 15:55:00","0.020","81042328","0.000","0","0.000","0"
"2011-02-10 15:56:00","0.020","81380824","0.000","0","0.000","0"
"2011-02-10 15:57:00","0.020","81535824","0.000","0","0.000","0"
"2011-02-10 15:58:00","0.021","81814824","0.000","0","0.000","0"
"2011-02-10 15:59:00","0.021","82239824","0.000","0","0.000","0"
"2011-02-11 09:30:00","0.019","116000","0.000","0","0.000","0"
"2011-02-11 09:31:00","0.018","1775445","0.000","0","0.000","0"
"2011-02-11 09:32:00","0.018","2434701","0.000","0","0.000","0"
"2011-02-11 09:34:00","0.020","3413001","0.000","0","0.000","0"
"2011-02-11 09:35:00","0.021","4071501","0.000","0","0.000","0"
"2011-02-11 09:36:00","0.022","5030501","0.000","0","0.000","0"
"2011-02-11 09:37:00","0.023","5577116","0.000","0","0.000","0"
"2011-02-11 09:39:00","0.024","6221416","0.000","0","0.000","0"
"2011-02-11 09:40:00","0.025","6979624","0.000","0","0.000","0"
"2011-02-11 09:42:00","0.027","7678537","0.000","0","0.000","0"
"2011-02-11 09:43:00","0.029","8106497","0.000","0","0.000","0"
"2011-02-11 09:44:00","0.030","10372889","0.000","0","0.000","0"
"2011-02-11 09:46:00","0.031","12362986","0.000","0","0.000","0"
"2011-02-11 09:47:00","0.035","15132791","0.000","0","0.000","0"
"2011-02-11 09:48:00","0.030","15768136","0.000","0","0.000","0"
"2011-02-11 09:49:00","0.030","16799704","0.000","0","0.000","0"
"2011-02-11 09:50:00","0.030","17176658","0.000","0","0.000","0"
"2011-02-11 09:51:00","0.029","17600908","0.000","0","0.000","0"
"2011-02-11 09:52:00","0.029","17941408","0.000","0","0.000","0"
"2011-02-11 09:53:00","0.029","18143074","0.000","0","0.000","0"
"2011-02-11 09:55:00","0.029","18684680","0.000","0","0.000","0"
"2011-02-11 09:56:00","0.027","18967830","0.000","0","0.000","0"
"2011-02-11 09:57:00","0.028","19345080","0.000","0","0.000","0"
"2011-02-11 09:58:00","0.029","19417380","0.000","0","0.000","0"
"2011-02-11 10:00:00","0.030","19964580","0.000","0","0.000","0"
"2011-02-11 10:10:00","0.034","25360556","0.000","0","0.000","0"
"2011-02-11 10:12:00","0.032","25618512","0.000","0","0.000","0"
"2011-02-11 10:13:00","0.031","25991012","0.000","0","0.000","0"
"2011-02-11 10:14:00","0.031","26416666","0.000","0","0.000","0"
"2011-02-11 10:15:00","0.033","26437666","0.000","0","0.000","0"
"2011-02-11 10:16:00","0.033","26924840","0.000","0","0.000","0"
"2011-02-11 10:17:00","0.034","27024708","0.000","0","0.000","0"
"2011-02-11 10:18:00","0.035","27129832","0.000","0","0.000","0"
"2011-02-11 10:20:00","0.035","27744124","0.000","0","0.000","0"
"2011-02-11 10:21:00","0.036","27868624","0.000","0","0.000","0"
"2011-02-11 10:22:00","0.036","28654124","0.000","0","0.000","0"
"2011-02-11 10:23:00","0.036","28682124","0.000","0","0.000","0"
"2011-02-11 10:25:00","0.036","28816980","0.000","0","0.000","0"
"2011-02-11 10:26:00","0.035","28972880","0.000","0","0.000","0"
"2011-02-11 10:27:00","0.035","29068380","0.000","0","0.000","0"
"2011-02-11 10:28:00","0.033","29482220","0.000","0","0.000","0"
"2011-02-11 10:29:00","0.030","29522220","0.000","0","0.000","0"
"2011-02-11 10:30:00","0.030","29538220","0.000","0","0.000","0"
"2011-02-11 10:31:00","0.034","29758220","0.000","0","0.000","0"
"2011-02-11 10:33:00","0.032","29789660","0.000","0","0.000","0"
"2011-02-11 10:34:00","0.030","30193012","0.000","0","0.000","0"
"2011-02-11 10:35:00","0.030","30199012","0.000","0","0.000","0"
"2011-02-11 10:36:00","0.030","30344876","0.000","0","0.000","0"
"2011-02-11 10:37:00","0.029","30354876","0.000","0","0.000","0"
"2011-02-11 10:38:00","0.030","30384076","0.000","0","0.000","0"
"2011-02-11 10:39:00","0.029","30432076","0.000","0","0.000","0"
"2011-02-11 10:40:00","0.029","30550076","0.000","0","0.000","0"
"2011-02-11 10:41:00","0.030","30580076","0.000","0","0.000","0"
"2011-02-11 10:42:00","0.030","30607576","0.000","0","0.000","0"
"2011-02-11 10:43:00","0.030","30667576","0.000","0","0.000","0"
"2011-02-11 10:44:00","0.030","30719980","0.000","0","0.000","0"
"2011-02-11 10:45:00","0.030","30872480","0.000","0","0.000","0"
"2011-02-11 10:46:00","0.030","30902480","0.000","0","0.000","0"
"2011-02-11 10:47:00","0.030","30904480","0.000","0","0.000","0"
"2011-02-11 10:50:00","0.031","30914480","0.000","0","0.000","0"
"2011-02-11 10:51:00","0.031","31019480","0.000","0","0.000","0"
"2011-02-11 10:52:00","0.032","31034524","0.000","0","0.000","0"
"2011-02-11 10:53:00","0.031","31214824","0.000","0","0.000","0"
"2011-02-11 10:55:00","0.031","31240124","0.000","0","0.000","0"
"2011-02-11 10:56:00","0.031","31465124","0.000","0","0.000","0"
"2011-02-11 10:57:00","0.030","31652964","0.000","0","0.000","0"
"2011-02-11 11:00:00","0.030","32059080","0.000","0","0.000","0"
"2011-02-11 11:01:00","0.030","32074080","0.000","0","0.000","0"
"2011-02-11 11:04:00","0.030","32141580","0.000","0","0.000","0"
"2011-02-11 11:05:00","0.030","32207412","0.000","0","0.000","0"
"2011-02-11 11:06:00","0.031","32327412","0.000","0","0.000","0"
"2011-02-11 11:08:00","0.032","32387412","0.000","0","0.000","0"
"2011-02-11 11:09:00","0.031","32426084","0.000","0","0.000","0"
"2011-02-11 11:10:00","0.031","32565330","0.000","0","0.000","0"
"2011-02-11 11:13:00","0.030","32656652","0.000","0","0.000","0"
"2011-02-11 11:15:00","0.030","33819652","0.000","0","0.000","0"
"2011-02-11 11:16:00","0.031","33875252","0.000","0","0.000","0"
"2011-02-11 11:17:00","0.031","33918252","0.000","0","0.000","0"
"2011-02-11 11:19:00","0.030","33924252","0.000","0","0.000","0"
"2011-02-11 11:21:00","0.031","33955752","0.000","0","0.000","0"
"2011-02-11 11:26:00","0.031","34055752","0.000","0","0.000","0"
"2011-02-11 11:27:00","0.030","34077936","0.000","0","0.000","0"
"2011-02-11 11:28:00","0.031","34098000","0.000","0","0.000","0"
"2011-02-11 11:29:00","0.030","34127996","0.000","0","0.000","0"
"2011-02-11 11:31:00","0.031","34177996","0.000","0","0.000","0"
"2011-02-11 11:33:00","0.031","34315128","0.000","0","0.000","0"
"2011-02-11 11:34:00","0.034","34359996","0.000","0","0.000","0"
"2011-02-11 11:35:00","0.031","34360996","0.000","0","0.000","0"
"2011-02-11 11:36:00","0.032","34370996","0.000","0","0.000","0"
"2011-02-11 11:37:00","0.033","34410996","0.000","0","0.000","0"
"2011-02-11 11:38:00","0.033","34467996","0.000","0","0.000","0"
"2011-02-11 11:40:00","0.034","34529496","0.000","0","0.000","0"
"2011-02-11 11:41:00","0.033","34617032","0.000","0","0.000","0"
"2011-02-11 11:42:00","0.035","34705632","0.000","0","0.000","0"
"2011-02-11 11:43:00","0.035","34813696","0.000","0","0.000","0"
"2011-02-11 11:45:00","0.035","35098996","0.000","0","0.000","0"
"2011-02-11 11:46:00","0.036","35302596","0.000","0","0.000","0"
"2011-02-11 11:47:00","0.036","35649536","0.000","0","0.000","0"
"2011-02-11 11:48:00","0.035","35650432","0.000","0","0.000","0"
"2011-02-11 11:50:00","0.036","35962480","0.000","0","0.000","0"
"2011-02-11 11:51:00","0.032","35979580","0.000","0","0.000","0"
"2011-02-11 11:52:00","0.035","36000328","0.000","0","0.000","0"
"2011-02-11 11:53:00","0.035","36060328","0.000","0","0.000","0"
"2011-02-11 11:54:00","0.035","36062832","0.000","0","0.000","0"
"2011-02-11 11:55:00","0.035","36160328","0.000","0","0.000","0"
"2011-02-11 11:56:00","0.035","36290328","0.000","0","0.000","0"
"2011-02-11 11:57:00","0.035","36440364","0.000","0","0.000","0"
"2011-02-11 11:58:00","0.034","36534592","0.000","0","0.000","0"
"2011-02-11 12:01:00","0.035","36554592","0.000","0","0.000","0"
"2011-02-11 12:02:00","0.034","36559592","0.000","0","0.000","0"
"2011-02-11 12:03:00","0.035","36668108","0.000","0","0.000","0"
"2011-02-11 12:04:00","0.035","36748108","0.000","0","0.000","0"
"2011-02-11 12:05:00","0.035","36850880","0.000","0","0.000","0"
"2011-02-11 12:06:00","0.035","36880880","0.000","0","0.000","0"
"2011-02-11 12:07:00","0.035","37033392","0.000","0","0.000","0"
"2011-02-11 12:08:00","0.035","37058392","0.000","0","0.000","0"
"2011-02-11 12:09:00","0.035","37058792","0.000","0","0.000","0"
"2011-02-11 12:10:00","0.035","37170276","0.000","0","0.000","0"
"2011-02-11 12:16:00","0.034","37265776","0.000","0","0.000","0"
"2011-02-11 12:18:00","0.034","37645276","0.000","0","0.000","0"
"2011-02-11 12:21:00","0.033","37780720","0.000","0","0.000","0"
"2011-02-11 12:22:00","0.033","37849616","0.000","0","0.000","0"
"2011-02-11 12:26:00","0.034","37876120","0.000","0","0.000","0"
"2011-02-11 12:27:00","0.034","37879120","0.000","0","0.000","0"
"2011-02-11 12:28:00","0.035","37954120","0.000","0","0.000","0"
"2011-02-11 12:29:00","0.035","37964120","0.000","0","0.000","0"
"2011-02-11 12:32:00","0.035","38186456","0.000","0","0.000","0"
"2011-02-11 12:33:00","0.035","38271456","0.000","0","0.000","0"
"2011-02-11 12:35:00","0.035","38585552","0.000","0","0.000","0"
"2011-02-11 12:37:00","0.035","38702800","0.000","0","0.000","0"
"2011-02-11 12:40:00","0.035","38772800","0.000","0","0.000","0"
"2011-02-11 12:41:00","0.035","38803456","0.000","0","0.000","0"
"2011-02-11 12:42:00","0.035","38919552","0.000","0","0.000","0"
"2011-02-11 12:43:00","0.032","39324408","0.000","0","0.000","0"
"2011-02-11 12:45:00","0.030","39942704","0.000","0","0.000","0"
"2011-02-11 12:47:00","0.032","40020504","0.000","0","0.000","0"
"2011-02-11 12:48:00","0.031","40075504","0.000","0","0.000","0"
"2011-02-11 12:56:00","0.033","40337932","0.000","0","0.000","0"
"2011-02-11 12:57:00","0.033","40342932","0.000","0","0.000","0"
"2011-02-11 12:58:00","0.033","40371932","0.000","0","0.000","0"
"2011-02-11 13:00:00","0.033","40393932","0.000","0","0.000","0"
"2011-02-11 13:01:00","0.033","40444932","0.000","0","0.000","0"
"2011-02-11 13:02:00","0.033","40448932","0.000","0","0.000","0"
"2011-02-11 13:04:00","0.033","40574932","0.000","0","0.000","0"
"2011-02-11 13:05:00","0.033","40594932","0.000","0","0.000","0"
"2011-02-11 13:06:00","0.032","40599932","0.000","0","0.000","0"
"2011-02-11 13:07:00","0.031","40601432","0.000","0","0.000","0"
"2011-02-11 13:08:00","0.031","40606432","0.000","0","0.000","0"
"2011-02-11 13:10:00","0.031","40694032","0.000","0","0.000","0"
"2011-02-11 13:11:00","0.031","40904432","0.000","0","0.000","0"
"2011-02-11 13:12:00","0.030","41422632","0.000","0","0.000","0"
"2011-02-11 13:13:00","0.030","41888932","0.000","0","0.000","0"
"2011-02-11 13:15:00","0.027","42970624","0.000","0","0.000","0"
"2011-02-11 13:17:00","0.027","43251060","0.000","0","0.000","0"
"2011-02-11 13:18:00","0.027","43563564","0.000","0","0.000","0"
"2011-02-11 13:20:00","0.026","43794536","0.000","0","0.000","0"
"2011-02-11 13:21:00","0.027","44351936","0.000","0","0.000","0"
"2011-02-11 13:22:00","0.025","44442936","0.000","0","0.000","0"
"2011-02-11 13:23:00","0.024","45024604","0.000","0","0.000","0"
"2011-02-11 13:25:00","0.025","45590552","0.000","0","0.000","0"
"2011-02-11 13:26:00","0.025","45935752","0.000","0","0.000","0"
"2011-02-11 13:27:00","0.025","46050752","0.000","0","0.000","0"
"2011-02-11 13:28:00","0.024","46196752","0.000","0","0.000","0"
"2011-02-11 13:30:00","0.026","46521316","0.000","0","0.000","0"
"2011-02-11 13:31:00","0.026","46906716","0.000","0","0.000","0"
"2011-02-11 13:32:00","0.023","47206448","0.000","0","0.000","0"
"2011-02-11 13:33:00","0.021","47350032","0.000","0","0.000","0"
"2011-02-11 13:35:00","0.020","47852432","0.000","0","0.000","0"
"2011-02-11 13:36:00","0.020","48670516","0.000","0","0.000","0"
"2011-02-11 13:37:00","0.020","49025544","0.000","0","0.000","0"
"2011-02-11 13:38:00","0.019","49644200","0.000","0","0.000","0"
"2011-02-11 13:40:00","0.018","51386768","0.000","0","0.000","0"
"2011-02-11 13:41:00","0.017","52273672","0.000","0","0.000","0"
"2011-02-11 13:42:00","0.018","53857872","0.000","0","0.000","0"
"2011-02-11 13:43:00","0.019","54937968","0.000","0","0.000","0"
"2011-02-11 13:45:00","0.017","55854748","0.000","0","0.000","0"
"2011-02-11 13:46:00","0.018","57238776","0.000","0","0.000","0"
"2011-02-11 13:47:00","0.018","58404176","0.000","0","0.000","0"
"2011-02-11 13:48:00","0.019","58802868","0.000","0","0.000","0"
"2011-02-11 13:50:00","0.020","60030868","0.000","0","0.000","0"
"2011-02-11 13:51:00","0.020","60454352","0.000","0","0.000","0"
"2011-02-11 13:52:00","0.018","61149352","0.000","0","0.000","0"
"2011-02-11 13:53:00","0.017","61847352","0.000","0","0.000","0"
"2011-02-11 13:55:00","0.018","62467352","0.000","0","0.000","0"
"2011-02-11 13:57:00","0.018","62614368","0.000","0","0.000","0"
"2011-02-11 13:58:00","0.018","62749368","0.000","0","0.000","0"
"2011-02-11 13:59:00","0.017","62858584","0.000","0","0.000","0"
"2011-02-11 14:00:00","0.017","63078584","0.000","0","0.000","0"
"2011-02-11 14:01:00","0.018","63353584","0.000","0","0.000","0"
"2011-02-11 14:02:00","0.018","63355584","0.000","0","0.000","0"
"2011-02-11 14:03:00","0.018","63905584","0.000","0","0.000","0"
"2011-02-11 14:05:00","0.018","64093584","0.000","0","0.000","0"
"2011-02-11 14:06:00","0.019","64180584","0.000","0","0.000","0"
"2011-02-11 14:07:00","0.018","64377284","0.000","0","0.000","0"
"2011-02-11 14:08:00","0.018","65804784","0.000","0","0.000","0"
"2011-02-11 14:19:00","0.018","69514888","0.000","0","0.000","0"
"2011-02-11 14:31:00","0.018","71595184","0.000","0","0.000","0"
"2011-02-11 14:32:00","0.018","71690184","0.000","0","0.000","0"
"2011-02-11 14:33:00","0.018","72426184","0.000","0","0.000","0"
"2011-02-11 14:35:00","0.018","72552184","0.000","0","0.000","0"
"2011-02-11 14:37:00","0.018","73062184","0.000","0","0.000","0"
"2011-02-11 14:38:00","0.018","73095744","0.000","0","0.000","0"
"2011-02-11 14:40:00","0.019","74415240","0.000","0","0.000","0"
"2011-02-11 14:41:00","0.018","74758544","0.000","0","0.000","0"
"2011-02-11 14:42:00","0.018","74830400","0.000","0","0.000","0"
"2011-02-11 14:43:00","0.018","74865400","0.000","0","0.000","0"
"2011-02-11 14:45:00","0.018","75513704","0.000","0","0.000","0"
"2011-02-11 14:46:00","0.018","75536200","0.000","0","0.000","0"
"2011-02-11 14:47:00","0.017","75845048","0.000","0","0.000","0"
"2011-02-11 14:48:00","0.017","76044048","0.000","0","0.000","0"
"2011-02-11 14:50:00","0.017","76094048","0.000","0","0.000","0"
"2011-02-11 14:52:00","0.017","76145720","0.000","0","0.000","0"
"2011-02-11 14:53:00","0.016","76646752","0.000","0","0.000","0"
"2011-02-11 14:55:00","0.015","77002952","0.000","0","0.000","0"
"2011-02-11 14:56:00","0.015","77176104","0.000","0","0.000","0"
"2011-02-11 14:57:00","0.015","77262600","0.000","0","0.000","0"
"2011-02-11 14:58:00","0.015","77434952","0.000","0","0.000","0"
"2011-02-11 14:59:00","0.015","78145584","0.000","0","0.000","0"
"2011-02-11 15:00:00","0.015","78206456","0.000","0","0.000","0"
"2011-02-11 15:01:00","0.017","78506456","0.000","0","0.000","0"
"2011-02-11 15:02:00","0.017","78656456","0.000","0","0.000","0"
"2011-02-11 15:03:00","0.017","78756960","0.000","0","0.000","0"
"2011-02-11 15:05:00","0.017","78812456","0.000","0","0.000","0"
"2011-02-11 15:06:00","0.017","78866456","0.000","0","0.000","0"
"2011-02-11 15:07:00","0.017","78914456","0.000","0","0.000","0"
"2011-02-11 15:08:00","0.017","79164456","0.000","0","0.000","0"
"2011-02-11 15:09:00","0.017","79169456","0.000","0","0.000","0"
"2011-02-11 15:11:00","0.018","79171456","0.000","0","0.000","0"
"2011-02-11 15:12:00","0.018","79271960","0.000","0","0.000","0"
"2011-02-11 15:13:00","0.017","79678960","0.000","0","0.000","0"
"2011-02-11 15:15:00","0.016","80009184","0.000","0","0.000","0"
"2011-02-11 15:16:00","0.016","80032680","0.000","0","0.000","0"
"2011-02-11 15:17:00","0.016","80050680","0.000","0","0.000","0"
"2011-02-11 15:23:00","0.016","80164280","0.000","0","0.000","0"
"2011-02-11 15:25:00","0.016","80291536","0.000","0","0.000","0"
"2011-02-11 15:26:00","0.015","80837480","0.000","0","0.000","0"
"2011-02-11 15:27:00","0.014","80896784","0.000","0","0.000","0"
"2011-02-11 15:28:00","0.013","81339040","0.000","0","0.000","0"
"2011-02-11 15:29:00","0.013","82033440","0.000","0","0.000","0"
"2011-02-11 15:30:00","0.014","82639440","0.000","0","0.000","0"
"2011-02-11 15:31:00","0.015","82805760","0.000","0","0.000","0"
"2011-02-11 15:32:00","0.015","84164128","0.000","0","0.000","0"
"2011-02-11 15:35:00","0.017","84490552","0.000","0","0.000","0"
"2011-02-11 15:36:00","0.017","85470552","0.000","0","0.000","0"
"2011-02-11 15:37:00","0.017","85581592","0.000","0","0.000","0"
"2011-02-11 15:38:00","0.016","85586592","0.000","0","0.000","0"
"2011-02-11 15:39:00","0.016","85986592","0.000","0","0.000","0"
"2011-02-11 15:40:00","0.015","86109592","0.000","0","0.000","0"
"2011-02-11 15:41:00","0.016","86160216","0.000","0","0.000","0"
"2011-02-11 15:42:00","0.015","86341576","0.000","0","0.000","0"
"2011-02-11 15:43:00","0.015","86481576","0.000","0","0.000","0"
"2011-02-11 15:45:00","0.015","86633776","0.000","0","0.000","0"
"2011-02-11 15:48:00","0.015","86983776","0.000","0","0.000","0"
"2011-02-11 15:50:00","0.015","87168776","0.000","0","0.000","0"
"2011-02-11 15:51:00","0.014","87770280","0.000","0","0.000","0"
"2011-02-11 15:52:00","0.012","88565320","0.000","0","0.000","0"
"2011-02-11 15:53:00","0.012","89212376","0.000","0","0.000","0"
"2011-02-11 15:54:00","0.012","89447616","0.000","0","0.000","0"
"2011-02-11 15:55:00","0.012","89507616","0.000","0","0.000","0"
"2011-02-11 15:56:00","0.012","89887616","0.000","0","0.000","0"
"2011-02-11 15:57:00","0.012","90735648","0.000","0","0.000","0"
"2011-02-11 15:58:00","0.012","90950856","0.000","0","0.000","0"
"2011-02-11 15:59:00","0.012","91783856","0.000","0","0.000","0"
"2011-02-14 09:39:00","0.015","3818403","0.000","0","0.000","0"
"2011-02-14 09:40:00","0.014","4178403","0.000","0","0.000","0"
"2011-02-14 09:41:00","0.014","4352903","0.000","0","0.000","0"
"2011-02-14 09:42:00","0.013","4428103","0.000","0","0.000","0"
"2011-02-14 09:43:00","0.014","4520903","0.000","0","0.000","0"
"2011-02-14 09:44:00","0.015","4620903","0.000","0","0.000","0"
"2011-02-14 09:46:00","0.015","4791069","0.000","0","0.000","0"
"2011-02-14 09:47:00","0.015","5009569","0.000","0","0.000","0"
"2011-02-14 09:49:00","0.015","5562162","0.000","0","0.000","0"
"2011-02-14 09:52:00","0.016","5632162","0.000","0","0.000","0"
"2011-02-14 09:54:00","0.016","5874162","0.000","0","0.000","0"
"2011-02-14 09:55:00","0.016","6044162","0.000","0","0.000","0"
"2011-02-14 10:04:00","0.017","6966494","0.000","0","0.000","0"
"2011-02-14 10:05:00","0.017","7003494","0.000","0","0.000","0"
"2011-02-14 10:06:00","0.017","7103494","0.000","0","0.000","0"
"2011-02-14 10:07:00","0.017","7258494","0.000","0","0.000","0"
"2011-02-14 10:09:00","0.016","7394494","0.000","0","0.000","0"
"2011-02-14 10:10:00","0.016","7401994","0.000","0","0.000","0"
"2011-02-14 10:11:00","0.015","7525444","0.000","0","0.000","0"
"2011-02-14 10:12:00","0.016","7725444","0.000","0","0.000","0"
"2011-02-14 10:16:00","0.015","7808494","0.000","0","0.000","0"
"2011-02-14 10:23:00","0.015","7952994","0.000","0","0.000","0"
"2011-02-14 10:24:00","0.015","7959994","0.000","0","0.000","0"
"2011-02-14 10:26:00","0.015","8069994","0.000","0","0.000","0"
"2011-02-14 10:27:00","0.015","8071094","0.000","0","0.000","0"
"2011-02-14 10:29:00","0.015","8163328","0.000","0","0.000","0"
"2011-02-14 10:30:00","0.015","8307128","0.000","0","0.000","0"
"2011-02-14 10:35:00","0.016","8416218","0.000","0","0.000","0"
"2011-02-14 10:37:00","0.015","8532651","0.000","0","0.000","0"
"2011-02-14 10:38:00","0.015","8676218","0.000","0","0.000","0"
"2011-02-14 10:39:00","0.015","8736218","0.000","0","0.000","0"
"2011-02-14 10:40:00","0.016","8796028","0.000","0","0.000","0"
"2011-02-14 10:45:00","0.016","8898128","0.000","0","0.000","0"
"2011-02-14 10:52:00","0.017","9060828","0.000","0","0.000","0"
"2011-02-14 10:57:00","0.017","9210828","0.000","0","0.000","0"
"2011-02-14 10:58:00","0.017","9433615","0.000","0","0.000","0"
"2011-02-14 11:01:00","0.016","9551415","0.000","0","0.000","0"
"2011-02-14 11:05:00","0.016","9836415","0.000","0","0.000","0"
"2011-02-14 11:06:00","0.017","9901315","0.000","0","0.000","0"
"2011-02-14 11:07:00","0.015","10315715","0.000","0","0.000","0"
"2011-02-14 11:09:00","0.015","10366462","0.000","0","0.000","0"
"2011-02-14 11:10:00","0.015","10424945","0.000","0","0.000","0"
"2011-02-14 11:11:00","0.016","10477520","0.000","0","0.000","0"
"2011-02-14 11:13:00","0.016","10501520","0.000","0","0.000","0"
"2011-02-14 11:36:00","0.015","10666520","0.000","0","0.000","0"
"2011-02-14 11:37:00","0.014","10676520","0.000","0","0.000","0"
"2011-02-14 11:40:00","0.015","10682520","0.000","0","0.000","0"
"2011-02-14 11:44:00","0.015","10702520","0.000","0","0.000","0"
"2011-02-14 11:47:00","0.015","10767563","0.000","0","0.000","0"
"2011-02-14 11:51:00","0.015","10789363","0.000","0","0.000","0"
"2011-02-14 11:52:00","0.013","10884678","0.000","0","0.000","0"
"2011-02-14 11:54:00","0.013","11024678","0.000","0","0.000","0"
"2011-02-14 11:55:00","0.013","11180678","0.000","0","0.000","0"
"2011-02-14 11:57:00","0.013","11379678","0.000","0","0.000","0"
"2011-02-14 11:59:00","0.013","11585678","0.000","0","0.000","0"
"2011-02-14 12:00:00","0.013","11615678","0.000","0","0.000","0"
"2011-02-14 12:01:00","0.013","11680678","0.000","0","0.000","0"
"2011-02-14 12:02:00","0.013","11923678","0.000","0","0.000","0"
"2011-02-14 12:06:00","0.013","11949153","0.000","0","0.000","0"
"2011-02-14 12:07:00","0.013","12011153","0.000","0","0.000","0"
"2011-02-14 12:08:00","0.013","12076153","0.000","0","0.000","0"
"2011-02-14 12:09:00","0.013","12105153","0.000","0","0.000","0"
"2011-02-14 12:10:00","0.013","12210153","0.000","0","0.000","0"
"2011-02-14 12:12:00","0.013","12285153","0.000","0","0.000","0"
"2011-02-14 12:14:00","0.013","12302708","0.000","0","0.000","0"
"2011-02-14 12:15:00","0.013","12322708","0.000","0","0.000","0"
"2011-02-14 12:16:00","0.013","12326708","0.000","0","0.000","0"
"2011-02-14 12:20:00","0.014","12362709","0.000","0","0.000","0"
"2011-02-14 12:21:00","0.013","12427709","0.000","0","0.000","0"
"2011-02-14 12:22:00","0.013","12482709","0.000","0","0.000","0"
"2011-02-14 12:27:00","0.014","13034209","0.000","0","0.000","0"
"2011-02-14 12:32:00","0.014","13134209","0.000","0","0.000","0"
"2011-02-14 12:34:00","0.014","13139209","0.000","0","0.000","0"
"2011-02-14 12:36:00","0.014","13825208","0.000","0","0.000","0"
"2011-02-14 12:37:00","0.014","13825308","0.000","0","0.000","0"
"2011-02-14 12:43:00","0.014","13854308","0.000","0","0.000","0"
"2011-02-14 12:45:00","0.013","13954308","0.000","0","0.000","0"
"2011-02-14 12:48:00","0.014","13958308","0.000","0","0.000","0"
"2011-02-14 12:50:00","0.013","13995008","0.000","0","0.000","0"
"2011-02-14 12:51:00","0.013","14145971","0.000","0","0.000","0"
"2011-02-14 12:52:00","0.013","14182771","0.000","0","0.000","0"
"2011-02-14 12:58:00","0.013","14414189","0.000","0","0.000","0"
"2011-02-14 13:00:00","0.013","14424189","0.000","0","0.000","0"
"2011-02-14 13:06:00","0.013","14433669","0.000","0","0.000","0"
"2011-02-14 13:09:00","0.013","14533669","0.000","0","0.000","0"
"2011-02-14 13:10:00","0.013","14661669","0.000","0","0.000","0"
"2011-02-14 13:17:00","0.013","14906669","0.000","0","0.000","0"
"2011-02-14 13:26:00","0.013","14910369","0.000","0","0.000","0"
"2011-02-14 13:27:00","0.013","14916369","0.000","0","0.000","0"
"2011-02-14 13:29:00","0.013","15116369","0.000","0","0.000","0"
"2011-02-14 13:40:00","0.013","15921369","0.000","0","0.000","0"
"2011-02-14 13:41:00","0.013","16541369","0.000","0","0.000","0"
"2011-02-14 13:42:00","0.013","16599369","0.000","0","0.000","0"
"2011-02-14 13:43:00","0.013","16729369","0.000","0","0.000","0"
"2011-02-14 13:44:00","0.013","16742369","0.000","0","0.000","0"
"2011-02-14 13:51:00","0.013","16767369","0.000","0","0.000","0"
"2011-02-14 13:52:00","0.013","16817368","0.000","0","0.000","0"
"2011-02-14 13:53:00","0.013","17017368","0.000","0","0.000","0"
"2011-02-14 13:54:00","0.013","17814368","0.000","0","0.000","0"
"2011-02-14 13:57:00","0.013","17832868","0.000","0","0.000","0"
"2011-02-14 13:59:00","0.013","17833484","0.000","0","0.000","0"
"2011-02-14 14:03:00","0.013","17834584","0.000","0","0.000","0"
"2011-02-14 14:09:00","0.013","17884584","0.000","0","0.000","0"
"2011-02-14 14:14:00","0.013","17984584","0.000","0","0.000","0"
"2011-02-14 14:16:00","0.013","17998584","0.000","0","0.000","0"
"2011-02-14 14:18:00","0.013","18092904","0.000","0","0.000","0"
"2011-02-14 14:23:00","0.013","18162904","0.000","0","0.000","0"
"2011-02-14 14:27:00","0.013","18172904","0.000","0","0.000","0"
"2011-02-14 14:31:00","0.013","18272904","0.000","0","0.000","0"
"2011-02-14 14:34:00","0.013","18632904","0.000","0","0.000","0"
"2011-02-14 14:38:00","0.013","18722904","0.000","0","0.000","0"
"2011-02-14 14:39:00","0.013","18772904","0.000","0","0.000","0"
"2011-02-14 14:43:00","0.013","18786904","0.000","0","0.000","0"
"2011-02-14 14:44:00","0.013","18793904","0.000","0","0.000","0"
"2011-02-14 14:46:00","0.013","18913904","0.000","0","0.000","0"
"2011-02-14 14:47:00","0.013","19024678","0.000","0","0.000","0"
"2011-02-14 15:10:00","0.013","19079678","0.000","0","0.000","0"
"2011-02-14 15:13:00","0.013","19117678","0.000","0","0.000","0"
"2011-02-14 15:16:00","0.013","19128978","0.000","0","0.000","0"
"2011-02-14 15:17:00","0.013","19328978","0.000","0","0.000","0"
"2011-02-14 15:20:00","0.013","19428978","0.000","0","0.000","0"
"2011-02-14 15:29:00","0.013","19436628","0.000","0","0.000","0"
"2011-02-14 15:32:00","0.013","19461628","0.000","0","0.000","0"
"2011-02-14 15:38:00","0.013","19511628","0.000","0","0.000","0"
"2011-02-14 15:41:00","0.013","19511728","0.000","0","0.000","0"
"2011-02-14 15:47:00","0.013","19661728","0.000","0","0.000","0"
"2011-02-14 15:50:00","0.013","19761728","0.000","0","0.000","0"
"2011-02-14 15:59:00","0.015","20361476","0.000","0","0.000","0"
"2011-02-15 09:31:00","0.016","284073","0.000","0","0.000","0"
"2011-02-15 09:34:00","0.015","434073","0.000","0","0.000","0"
"2011-02-15 09:36:00","0.015","493110","0.000","0","0.000","0"
"2011-02-15 09:39:00","0.015","943723","0.000","0","0.000","0"
"2011-02-15 09:41:00","0.013","1194009","0.000","0","0.000","0"
"2011-02-15 09:43:00","0.014","1195009","0.000","0","0.000","0"
"2011-02-15 09:45:00","0.014","1210816","0.000","0","0.000","0"
"2011-02-15 09:47:00","0.015","1219623","0.000","0","0.000","0"
"2011-02-15 09:48:00","0.014","1255823","0.000","0","0.000","0"
"2011-02-15 09:50:00","0.014","1340823","0.000","0","0.000","0"
"2011-02-15 09:52:00","0.015","1345823","0.000","0","0.000","0"
"2011-02-15 09:53:00","0.014","1355823","0.000","0","0.000","0"
"2011-02-15 10:00:00","0.014","1367823","0.000","0","0.000","0"
"2011-02-15 10:04:00","0.014","1497823","0.000","0","0.000","0"
"2011-02-15 10:06:00","0.014","1550723","0.000","0","0.000","0"
"2011-02-15 10:10:00","0.014","1711923","0.000","0","0.000","0"
"2011-02-15 10:11:00","0.013","1719923","0.000","0","0.000","0"
"2011-02-15 10:12:00","0.013","1729923","0.000","0","0.000","0"
"2011-02-15 10:14:00","0.013","1744468","0.000","0","0.000","0"
"2011-02-15 10:15:00","0.013","1787468","0.000","0","0.000","0"
"2011-02-15 10:17:00","0.013","1974974","0.000","0","0.000","0"
"2011-02-15 10:19:00","0.013","2149468","0.000","0","0.000","0"
"2011-02-15 10:20:00","0.013","2159468","0.000","0","0.000","0"
"2011-02-15 10:22:00","0.013","2164468","0.000","0","0.000","0"
"2011-02-15 10:25:00","0.013","2273168","0.000","0","0.000","0"
"2011-02-15 10:29:00","0.013","2346777","0.000","0","0.000","0"
"2011-02-15 10:30:00","0.013","2348977","0.000","0","0.000","0"
"2011-02-15 10:32:00","0.013","2420598","0.000","0","0.000","0"
"2011-02-15 10:34:00","0.012","2440598","0.000","0","0.000","0"
"2011-02-15 10:37:00","0.012","2613598","0.000","0","0.000","0"
"2011-02-15 10:38:00","0.012","2926198","0.000","0","0.000","0"
"2011-02-15 10:43:00","0.010","3131898","0.000","0","0.000","0"
"2011-02-15 10:45:00","0.011","4018764","0.000","0","0.000","0"
"2011-02-15 10:46:00","0.011","4168764","0.000","0","0.000","0"
"2011-02-15 10:47:00","0.012","4339764","0.000","0","0.000","0"
"2011-02-15 10:48:00","0.013","4434893","0.000","0","0.000","0"
"2011-02-15 10:49:00","0.013","4549893","0.000","0","0.000","0"
"2011-02-15 10:50:00","0.013","4565893","0.000","0","0.000","0"
"2011-02-15 10:54:00","0.013","4573393","0.000","0","0.000","0"
"2011-02-15 10:59:00","0.013","4615893","0.000","0","0.000","0"
"2011-02-15 11:01:00","0.012","4623393","0.000","0","0.000","0"
"2011-02-15 11:02:00","0.012","4638393","0.000","0","0.000","0"
"2011-02-15 11:04:00","0.012","4648393","0.000","0","0.000","0"
"2011-02-15 11:06:00","0.012","4716893","0.000","0","0.000","0"
"2011-02-15 11:08:00","0.012","4845893","0.000","0","0.000","0"
"2011-02-15 11:09:00","0.012","4871893","0.000","0","0.000","0"
"2011-02-15 11:16:00","0.012","4916893","0.000","0","0.000","0"
"2011-02-15 11:20:00","0.012","4945893","0.000","0","0.000","0"
"2011-02-15 11:32:00","0.012","4995893","0.000","0","0.000","0"
"2011-02-15 11:34:00","0.012","5075893","0.000","0","0.000","0"
"2011-02-15 11:41:00","0.012","5085093","0.000","0","0.000","0"
"2011-02-15 11:44:00","0.013","5100093","0.000","0","0.000","0"
"2011-02-15 11:45:00","0.013","5101493","0.000","0","0.000","0"
"2011-02-15 11:54:00","0.013","5126493","0.000","0","0.000","0"
"2011-02-15 12:03:00","0.013","5135693","0.000","0","0.000","0"
"2011-02-15 12:09:00","0.012","5180693","0.000","0","0.000","0"
"2011-02-15 12:17:00","0.013","5224393","0.000","0","0.000","0"
"2011-02-15 12:18:00","0.013","5244393","0.000","0","0.000","0"
"2011-02-15 12:19:00","0.013","5628548","0.000","0","0.000","0"
"2011-02-15 12:21:00","0.011","5728548","0.000","0","0.000","0"
"2011-02-15 12:29:00","0.011","5751348","0.000","0","0.000","0"
"2011-02-15 12:30:00","0.011","5786348","0.000","0","0.000","0"
"2011-02-15 12:40:00","0.011","5799348","0.000","0","0.000","0"
"2011-02-15 12:43:00","0.011","5864348","0.000","0","0.000","0"
"2011-02-15 12:48:00","0.011","6005348","0.000","0","0.000","0"
"2011-02-15 12:51:00","0.011","6022348","0.000","0","0.000","0"
"2011-02-15 12:57:00","0.011","6089348","0.000","0","0.000","0"
"2011-02-15 12:58:00","0.012","6090348","0.000","0","0.000","0"
"2011-02-15 13:15:00","0.011","6225648","0.000","0","0.000","0"
"2011-02-15 13:17:00","0.011","6255648","0.000","0","0.000","0"
"2011-02-15 13:34:00","0.011","6265801","0.000","0","0.000","0"
"2011-02-15 13:44:00","0.011","6297201","0.000","0","0.000","0"
"2011-02-15 13:46:00","0.011","6307201","0.000","0","0.000","0"
"2011-02-15 13:48:00","0.011","6314701","0.000","0","0.000","0"
"2011-02-15 13:49:00","0.011","6327701","0.000","0","0.000","0"
"2011-02-15 14:01:00","0.011","6377701","0.000","0","0.000","0"
"2011-02-15 14:04:00","0.011","6457701","0.000","0","0.000","0"
"2011-02-15 14:05:00","0.011","6557701","0.000","0","0.000","0"
"2011-02-15 14:08:00","0.011","6565701","0.000","0","0.000","0"
"2011-02-15 14:16:00","0.011","6677101","0.000","0","0.000","0"
"2011-02-15 14:17:00","0.012","6865701","0.000","0","0.000","0"
"2011-02-15 14:30:00","0.012","7090201","0.000","0","0.000","0"
"2011-02-15 14:48:00","0.012","7180201","0.000","0","0.000","0"
"2011-02-15 14:49:00","0.012","7243793","0.000","0","0.000","0"
"2011-02-15 14:54:00","0.012","7383793","0.000","0","0.000","0"
"2011-02-15 15:35:00","0.013","7408793","0.000","0","0.000","0"
"2011-02-15 15:38:00","0.013","7508793","0.000","0","0.000","0"
"2011-02-15 15:41:00","0.012","7513793","0.000","0","0.000","0"
"2011-02-15 15:42:00","0.012","7539288","0.000","0","0.000","0"
"2011-02-15 15:51:00","0.012","7603288","0.000","0","0.000","0"
"2011-02-15 15:53:00","0.012","7605288","0.000","0","0.000","0"
"2011-02-15 15:58:00","0.011","7670765","0.000","0","0.000","0"
"2011-02-16 09:30:00","0.013","5500","0.000","0","0.000","0"
"2011-02-16 09:34:00","0.011","89500","0.000","0","0.000","0"
"2011-02-16 09:35:00","0.011","227594","0.000","0","0.000","0"
"2011-02-16 09:36:00","0.011","278180","0.000","0","0.000","0"
"2011-02-16 09:38:00","0.011","343657","0.000","0","0.000","0"
"2011-02-16 09:42:00","0.011","503657","0.000","0","0.000","0"
"2011-02-16 09:43:00","0.011","516657","0.000","0","0.000","0"
"2011-02-16 09:46:00","0.011","721657","0.000","0","0.000","0"
"2011-02-16 09:49:00","0.011","726657","0.000","0","0.000","0"
"2011-02-16 09:52:00","0.010","787957","0.000","0","0.000","0"
"2011-02-16 09:54:00","0.010","842957","0.000","0","0.000","0"
"2011-02-16 09:55:00","0.010","1012957","0.000","0","0.000","0"
"2011-02-16 09:56:00","0.010","1017957","0.000","0","0.000","0"
"2011-02-16 09:57:00","0.010","1452957","0.000","0","0.000","0"
"2011-02-16 09:58:00","0.010","4412857","0.000","0","0.000","0"
"2011-02-16 09:59:00","0.010","4567857","0.000","0","0.000","0"
"2011-02-16 10:02:00","0.009","4687857","0.000","0","0.000","0"
"2011-02-16 10:03:00","0.009","4918657","0.000","0","0.000","0"
"2011-02-16 10:04:00","0.008","5147097","0.000","0","0.000","0"
"2011-02-16 10:05:00","0.007","5887144","0.000","0","0.000","0"
"2011-02-16 10:07:00","0.008","6137144","0.000","0","0.000","0"
"2011-02-16 10:08:00","0.009","6637144","0.000","0","0.000","0"
"2011-02-16 10:09:00","0.009","6952144","0.000","0","0.000","0"
"2011-02-16 10:11:00","0.009","7002144","0.000","0","0.000","0"
"2011-02-16 10:12:00","0.010","7011144","0.000","0","0.000","0"
"2011-02-16 10:14:00","0.010","7221144","0.000","0","0.000","0"
"2011-02-16 10:15:00","0.010","7231144","0.000","0","0.000","0"
"2011-02-16 10:19:00","0.009","7841744","0.000","0","0.000","0"
"2011-02-16 10:21:00","0.009","7851744","0.000","0","0.000","0"
"2011-02-16 10:23:00","0.009","8062270","0.000","0","0.000","0"
"2011-02-16 10:24:00","0.009","8162270","0.000","0","0.000","0"
"2011-02-16 10:25:00","0.009","8237270","0.000","0","0.000","0"
"2011-02-16 10:35:00","0.009","8244270","0.000","0","0.000","0"
"2011-02-16 10:42:00","0.009","8284270","0.000","0","0.000","0"
"2011-02-16 10:43:00","0.009","8324270","0.000","0","0.000","0"
"2011-02-16 10:49:00","0.009","8402270","0.000","0","0.000","0"
"2011-02-16 11:02:00","0.009","8412270","0.000","0","0.000","0"
"2011-02-16 11:05:00","0.009","8435270","0.000","0","0.000","0"
"2011-02-16 11:09:00","0.009","8555270","0.000","0","0.000","0"
"2011-02-16 11:10:00","0.009","8640770","0.000","0","0.000","0"
"2011-02-16 11:13:00","0.009","8768169","0.000","0","0.000","0"
"2011-02-16 11:22:00","0.009","8867169","0.000","0","0.000","0"
"2011-02-16 11:23:00","0.009","8892169","0.000","0","0.000","0"
"2011-02-16 11:29:00","0.009","8897169","0.000","0","0.000","0"
"2011-02-16 11:39:00","0.009","8962169","0.000","0","0.000","0"
"2011-02-16 11:40:00","0.009","9032169","0.000","0","0.000","0"
"2011-02-16 11:46:00","0.009","9052169","0.000","0","0.000","0"
"2011-02-16 11:50:00","0.009","9075869","0.000","0","0.000","0"
"2011-02-16 12:07:00","0.009","9125869","0.000","0","0.000","0"
"2011-02-16 12:30:00","0.010","9135869","0.000","0","0.000","0"
"2011-02-16 12:33:00","0.009","9145869","0.000","0","0.000","0"
"2011-02-16 12:38:00","0.010","9155869","0.000","0","0.000","0"
"2011-02-16 12:39:00","0.010","9165869","0.000","0","0.000","0"
"2011-02-16 12:43:00","0.010","9168869","0.000","0","0.000","0"
"2011-02-16 12:44:00","0.010","9178869","0.000","0","0.000","0"
"2011-02-16 12:48:00","0.009","9268869","0.000","0","0.000","0"
"2011-02-16 12:51:00","0.009","9299869","0.000","0","0.000","0"
"2011-02-16 12:52:00","0.010","9320869","0.000","0","0.000","0"
"2011-02-16 12:55:00","0.010","9417869","0.000","0","0.000","0"
"2011-02-16 13:01:00","0.010","9499869","0.000","0","0.000","0"
"2011-02-16 13:03:00","0.010","9519869","0.000","0","0.000","0"
"2011-02-16 13:13:00","0.009","9569869","0.000","0","0.000","0"
"2011-02-16 13:14:00","0.009","9589869","0.000","0","0.000","0"
"2011-02-16 13:27:00","0.010","9594766","0.000","0","0.000","0"
"2011-02-16 13:30:00","0.009","9597566","0.000","0","0.000","0"
"2011-02-16 13:59:00","0.010","9650196","0.000","0","0.000","0"
"2011-02-16 14:08:00","0.010","9694196","0.000","0","0.000","0"
"2011-02-16 14:09:00","0.010","9837196","0.000","0","0.000","0"
"2011-02-16 14:11:00","0.009","9887196","0.000","0","0.000","0"
"2011-02-16 14:13:00","0.009","9897196","0.000","0","0.000","0"
"2011-02-16 14:25:00","0.010","9998219","0.000","0","0.000","0"
"2011-02-16 14:29:00","0.010","10003219","0.000","0","0.000","0"
"2011-02-16 14:45:00","0.009","10013219","0.000","0","0.000","0"
"2011-02-16 14:50:00","0.009","10025219","0.000","0","0.000","0"
"2011-02-16 15:14:00","0.009","10040219","0.000","0","0.000","0"
"2011-02-16 15:15:00","0.009","10067219","0.000","0","0.000","0"
"2011-02-16 15:21:00","0.009","10074219","0.000","0","0.000","0"
"2011-02-16 15:24:00","0.009","10200219","0.000","0","0.000","0"
"2011-02-16 15:28:00","0.010","10213219","0.000","0","0.000","0"
"2011-02-16 15:36:00","0.009","10413219","0.000","0","0.000","0"
"2011-02-16 15:43:00","0.009","10417219","0.000","0","0.000","0"
"2011-02-16 15:49:00","0.010","10509719","0.000","0","0.000","0"
"2011-02-16 15:52:00","0.010","10519719","0.000","0","0.000","0"
"2011-02-16 15:57:00","0.010","10609719","0.000","0","0.000","0"
"2011-02-16 15:58:00","0.011","10684719","0.000","0","0.000","0"
"2011-02-16 15:59:00","0.011","10803719","0.000","0","0.000","0"
"2011-02-17 09:31:00","0.011","9800","0.000","0","0.000","0"
"2011-02-17 09:41:00","0.010","570519","0.000","0","0.000","0"
"2011-02-17 09:42:00","0.010","593219","0.000","0","0.000","0"
"2011-02-17 09:43:00","0.010","618219","0.000","0","0.000","0"
"2011-02-17 09:45:00","0.010","741219","0.000","0","0.000","0"
"2011-02-17 09:48:00","0.010","801623","0.000","0","0.000","0"
"2011-02-17 09:51:00","0.011","803623","0.000","0","0.000","0"
"2011-02-17 10:02:00","0.010","953623","0.000","0","0.000","0"
"2011-02-17 10:06:00","0.010","1003623","0.000","0","0.000","0"
"2011-02-17 10:09:00","0.011","1053623","0.000","0","0.000","0"
"2011-02-17 10:10:00","0.011","1234543","0.000","0","0.000","0"
"2011-02-17 10:17:00","0.011","1274543","0.000","0","0.000","0"
"2011-02-17 10:53:00","0.011","1279543","0.000","0","0.000","0"
"2011-02-17 10:56:00","0.011","1298463","0.000","0","0.000","0"
"2011-02-17 11:00:00","0.011","1378463","0.000","0","0.000","0"
"2011-02-17 11:02:00","0.011","1503463","0.000","0","0.000","0"
"2011-02-17 11:03:00","0.011","1628463","0.000","0","0.000","0"
"2011-02-17 11:07:00","0.011","1739623","0.000","0","0.000","0"
"2011-02-17 11:24:00","0.010","1778373","0.000","0","0.000","0"
"2011-02-17 11:42:00","0.010","1793373","0.000","0","0.000","0"
"2011-02-17 11:44:00","0.010","1854373","0.000","0","0.000","0"
"2011-02-17 11:47:00","0.011","1864373","0.000","0","0.000","0"
"2011-02-17 11:56:00","0.011","1894373","0.000","0","0.000","0"
"2011-02-17 12:10:00","0.011","1904373","0.000","0","0.000","0"
"2011-02-17 13:29:00","0.011","1914373","0.000","0","0.000","0"
"2011-02-17 13:37:00","0.011","1934373","0.000","0","0.000","0"
"2011-02-17 13:40:00","0.011","1935373","0.000","0","0.000","0"
"2011-02-17 13:42:00","0.011","1939973","0.000","0","0.000","0"
"2011-02-17 13:52:00","0.011","2014973","0.000","0","0.000","0"
"2011-02-17 14:08:00","0.011","2039973","0.000","0","0.000","0"
"2011-02-17 14:34:00","0.011","2056973","0.000","0","0.000","0"
"2011-02-17 14:39:00","0.011","2058073","0.000","0","0.000","0"
"2011-02-17 15:04:00","0.011","2138073","0.000","0","0.000","0"
"2011-02-17 15:08:00","0.011","2148073","0.000","0","0.000","0"
"2011-02-17 15:14:00","0.011","2208073","0.000","0","0.000","0"
"2011-02-17 15:22:00","0.011","2218073","0.000","0","0.000","0"
"2011-02-17 15:30:00","0.011","2272073","0.000","0","0.000","0"
"2011-02-17 15:45:00","0.011","2281473","0.000","0","0.000","0"
"2011-02-17 15:49:00","0.011","2297073","0.000","0","0.000","0"
"2011-02-17 15:57:00","0.011","2307073","0.000","0","0.000","0"
"2011-02-18 09:35:00","0.011","50000","0.000","0","0.000","0"
"2011-02-18 09:42:00","0.013","193870","0.000","0","0.000","0"
"2011-02-18 09:43:00","0.013","343870","0.000","0","0.000","0"
"2011-02-18 09:45:00","0.013","443870","0.000","0","0.000","0"
"2011-02-18 10:05:00","0.013","446870","0.000","0","0.000","0"
"2011-02-18 10:24:00","0.013","483672","0.000","0","0.000","0"
"2011-02-18 10:34:00","0.013","523672","0.000","0","0.000","0"
"2011-02-18 10:37:00","0.013","526922","0.000","0","0.000","0"
"2011-02-18 10:39:00","0.013","543672","0.000","0","0.000","0"
"2011-02-18 10:41:00","0.013","544672","0.000","0","0.000","0"
"2011-02-18 10:50:00","0.013","545872","0.000","0","0.000","0"
"2011-02-18 10:57:00","0.013","625072","0.000","0","0.000","0"
"2011-02-18 10:58:00","0.013","725072","0.000","0","0.000","0"
"2011-02-18 11:20:00","0.013","750072","0.000","0","0.000","0"
"2011-02-18 11:38:00","0.013","760472","0.000","0","0.000","0"
"2011-02-18 11:43:00","0.013","762772","0.000","0","0.000","0"
"2011-02-18 12:05:00","0.012","769772","0.000","0","0.000","0"
"2011-02-18 12:15:00","0.013","931172","0.000","0","0.000","0"
"2011-02-18 12:30:00","0.012","1047172","0.000","0","0.000","0"
"2011-02-18 12:34:00","0.012","1128372","0.000","0","0.000","0"
"2011-02-18 12:39:00","0.012","1328372","0.000","0","0.000","0"
"2011-02-18 12:41:00","0.012","1628372","0.000","0","0.000","0"
"2011-02-18 13:21:00","0.012","1633172","0.000","0","0.000","0"
"2011-02-18 13:27:00","0.012","1723572","0.000","0","0.000","0"
"2011-02-18 13:28:00","0.012","1733172","0.000","0","0.000","0"
"2011-02-18 14:37:00","0.012","1734372","0.000","0","0.000","0"
"2011-02-18 14:41:00","0.012","1844372","0.000","0","0.000","0"
"2011-02-18 14:43:00","0.012","2344372","0.000","0","0.000","0"
"2011-02-18 14:44:00","0.012","2689672","0.000","0","0.000","0"
"2011-02-18 14:50:00","0.013","2701672","0.000","0","0.000","0"
"2011-02-18 14:55:00","0.013","2741672","0.000","0","0.000","0"
"2011-02-18 15:08:00","0.013","2742272","0.000","0","0.000","0"
"2011-02-18 15:12:00","0.013","2752272","0.000","0","0.000","0"
"2011-02-18 15:14:00","0.012","2774872","0.000","0","0.000","0"
"2011-02-18 15:20:00","0.012","2784872","0.000","0","0.000","0"
"2011-02-18 15:25:00","0.012","2793205","0.000","0","0.000","0"
"2011-02-18 15:38:00","0.012","2838205","0.000","0","0.000","0"
"2011-02-18 15:53:00","0.012","2839205","0.000","0","0.000","0"
"2011-02-18 15:57:00","0.011","2938205","0.000","0","0.000","0"
"2011-02-22 09:31:00","0.012","248000","0.000","0","0.000","0"
"2011-02-22 09:35:00","0.012","251000","0.000","0","0.000","0"
"2011-02-22 09:38:00","0.012","532400","0.000","0","0.000","0"
"2011-02-22 09:39:00","0.012","614000","0.000","0","0.000","0"
"2011-02-22 09:46:00","0.012","737361","0.000","0","0.000","0"
"2011-02-22 09:50:00","0.012","881861","0.000","0","0.000","0"
"2011-02-22 09:51:00","0.012","1006861","0.000","0","0.000","0"
"2011-02-22 09:54:00","0.011","1019861","0.000","0","0.000","0"
"2011-02-22 09:55:00","0.012","1035861","0.000","0","0.000","0"
"2011-02-22 10:06:00","0.012","1045861","0.000","0","0.000","0"
"2011-02-22 10:14:00","0.011","1050861","0.000","0","0.000","0"
"2011-02-22 10:29:00","0.012","1067861","0.000","0","0.000","0"
"2011-02-22 10:47:00","0.012","1097861","0.000","0","0.000","0"
"2011-02-22 11:01:00","0.012","1101861","0.000","0","0.000","0"
"2011-02-22 11:09:00","0.012","1401861","0.000","0","0.000","0"
"2011-02-22 11:15:00","0.012","1490100","0.000","0","0.000","0"
"2011-02-22 11:23:00","0.012","1550100","0.000","0","0.000","0"
"2011-02-22 11:27:00","0.012","1605100","0.000","0","0.000","0"
"2011-02-22 11:37:00","0.012","1636861","0.000","0","0.000","0"
"2011-02-22 11:38:00","0.012","1646350","0.000","0","0.000","0"
"2011-02-22 11:42:00","0.012","1666350","0.000","0","0.000","0"
"2011-02-22 11:52:00","0.012","1670781","0.000","0","0.000","0"
"2011-02-22 12:02:00","0.011","1695781","0.000","0","0.000","0"
"2011-02-22 12:11:00","0.011","1865781","0.000","0","0.000","0"
"2011-02-22 12:16:00","0.011","1895781","0.000","0","0.000","0"
"2011-02-22 12:22:00","0.011","1897781","0.000","0","0.000","0"
"2011-02-22 12:24:00","0.010","2022781","0.000","0","0.000","0"
"2011-02-22 12:32:00","0.010","2102050","0.000","0","0.000","0"
"2011-02-22 12:43:00","0.011","2112050","0.000","0","0.000","0"
"2011-02-22 12:50:00","0.011","2121050","0.000","0","0.000","0"
"2011-02-22 13:00:00","0.011","2131050","0.000","0","0.000","0"
"2011-02-22 13:10:00","0.011","2169050","0.000","0","0.000","0"
"2011-02-22 13:18:00","0.012","2267050","0.000","0","0.000","0"
"2011-02-22 13:19:00","0.011","2299050","0.000","0","0.000","0"
"2011-02-22 14:15:00","0.011","2348550","0.000","0","0.000","0"
"2011-02-22 14:16:00","0.011","2389050","0.000","0","0.000","0"
"2011-02-22 14:26:00","0.011","2419050","0.000","0","0.000","0"
"2011-02-22 14:56:00","0.011","2440050","0.000","0","0.000","0"
"2011-02-22 15:20:00","0.012","2679150","0.000","0","0.000","0"
"2011-02-22 15:21:00","0.012","2860050","0.000","0","0.000","0"
"2011-02-22 15:41:00","0.012","2954389","0.000","0","0.000","0"
"2011-02-22 15:45:00","0.011","3014389","0.000","0","0.000","0"
"2011-02-22 15:49:00","0.011","3096799","0.000","0","0.000","0"
"2011-02-22 15:57:00","0.012","3169754","0.000","0","0.000","0"
"2011-02-22 15:58:00","0.012","3419754","0.000","0","0.000","0"
"2011-02-22 16:58:00","0.012","0","0.000","0","0.000","0"
