"2011-01-04 12:04:00","0.160","50000","0.000","0","0.000","0"
"2011-01-04 13:21:00","0.152","55000","0.000","0","0.000","0"
"2011-01-05 09:34:00","0.150","25000","0.000","0","0.000","0"
"2011-01-05 10:12:00","0.142","35000","0.000","0","0.000","0"
"2011-01-05 10:13:00","0.153","39300","0.000","0","0.000","0"
"2011-01-05 10:18:00","0.142","59300","0.000","0","0.000","0"
"2011-01-05 10:26:00","0.140","65300","0.000","0","0.000","0"
"2011-01-05 13:36:00","0.159","97300","0.000","0","0.000","0"
"2011-01-05 13:48:00","0.159","129053","0.000","0","0.000","0"
"2011-01-05 14:52:00","0.145","134053","0.000","0","0.000","0"
"2011-01-05 14:59:00","0.145","139053","0.000","0","0.000","0"
"2011-01-05 15:06:00","0.145","146553","0.000","0","0.000","0"
"2011-01-05 15:07:00","0.153","156553","0.000","0","0.000","0"
"2011-01-05 15:11:00","0.145","166553","0.000","0","0.000","0"
"2011-01-05 15:15:00","0.145","176553","0.000","0","0.000","0"
"2011-01-05 15:17:00","0.140","186553","0.000","0","0.000","0"
"2011-01-05 15:19:00","0.140","196553","0.000","0","0.000","0"
"2011-01-05 15:25:00","0.161","197053","0.000","0","0.000","0"
"2011-01-06 10:36:00","0.145","10000","0.000","0","0.000","0"
"2011-01-06 12:34:00","0.141","70500","0.000","0","0.000","0"
"2011-01-06 14:49:00","0.156","71700","0.000","0","0.000","0"
"2011-01-06 15:09:00","0.151","74700","0.000","0","0.000","0"
"2011-01-06 15:29:00","0.151","97200","0.000","0","0.000","0"
"2011-01-07 13:16:00","0.145","7000","0.000","0","0.000","0"
"2011-01-07 13:36:00","0.143","17000","0.000","0","0.000","0"
"2011-01-07 13:43:00","0.143","27000","0.000","0","0.000","0"
"2011-01-07 13:48:00","0.143","36500","0.000","0","0.000","0"
"2011-01-07 13:53:00","0.141","45000","0.000","0","0.000","0"
"2011-01-07 14:35:00","0.151","97500","0.000","0","0.000","0"
"2011-01-07 15:12:00","0.146","105500","0.000","0","0.000","0"
"2011-01-07 15:59:00","0.156","105600","0.000","0","0.000","0"
"2011-01-10 09:30:00","0.150","24400","0.000","0","0.000","0"
"2011-01-10 09:42:00","0.169","25400","0.000","0","0.000","0"
"2011-01-10 09:48:00","0.160","46400","0.000","0","0.000","0"
"2011-01-10 10:18:00","0.166","56400","0.000","0","0.000","0"
"2011-01-10 10:19:00","0.166","63400","0.000","0","0.000","0"
"2011-01-10 10:44:00","0.159","93400","0.000","0","0.000","0"
"2011-01-10 11:55:00","0.161","100400","0.000","0","0.000","0"
"2011-01-10 12:22:00","0.169","108400","0.000","0","0.000","0"
"2011-01-10 12:38:00","0.172","128400","0.000","0","0.000","0"
"2011-01-10 13:48:00","0.171","186400","0.000","0","0.000","0"
"2011-01-11 10:45:00","0.161","2500","0.000","0","0.000","0"
"2011-01-11 10:47:00","0.161","7500","0.000","0","0.000","0"
"2011-01-11 10:49:00","0.161","13800","0.000","0","0.000","0"
"2011-01-11 11:01:00","0.169","23800","0.000","0","0.000","0"
"2011-01-11 11:29:00","0.177","25800","0.000","0","0.000","0"
"2011-01-11 11:45:00","0.177","36800","0.000","0","0.000","0"
"2011-01-11 11:52:00","0.177","53300","0.000","0","0.000","0"
"2011-01-11 11:58:00","0.174","59300","0.000","0","0.000","0"
"2011-01-11 12:31:00","0.170","64300","0.000","0","0.000","0"
"2011-01-11 15:49:00","0.172","66000","0.000","0","0.000","0"
"2011-01-12 10:18:00","0.170","17500","0.000","0","0.000","0"
"2011-01-12 10:58:00","0.157","59000","0.000","0","0.000","0"
"2011-01-12 14:06:00","0.172","59100","0.000","0","0.000","0"
"2011-01-12 14:16:00","0.157","69100","0.000","0","0.000","0"
"2011-01-12 14:21:00","0.156","74100","0.000","0","0.000","0"
"2011-01-13 11:18:00","0.172","40500","0.000","0","0.000","0"
"2011-01-13 12:13:00","0.170","42200","0.000","0","0.000","0"
"2011-01-13 13:05:00","0.172","42700","0.000","0","0.000","0"
"2011-01-13 14:42:00","0.169","45700","0.000","0","0.000","0"
"2011-01-13 14:44:00","0.172","50700","0.000","0","0.000","0"
"2011-01-13 15:11:00","0.166","51700","0.000","0","0.000","0"
"2011-01-13 15:22:00","0.167","54200","0.000","0","0.000","0"
"2011-01-13 15:35:00","0.167","66700","0.000","0","0.000","0"
"2011-01-13 15:57:00","0.167","72900","0.000","0","0.000","0"
"2011-01-14 09:34:00","0.161","6000","0.000","0","0.000","0"
"2011-01-14 10:45:00","0.167","9500","0.000","0","0.000","0"
"2011-01-14 10:49:00","0.167","15488","0.000","0","0.000","0"
"2011-01-14 11:43:00","0.146","25488","0.000","0","0.000","0"
"2011-01-14 11:57:00","0.162","51988","0.000","0","0.000","0"
"2011-01-14 12:06:00","0.162","52388","0.000","0","0.000","0"
"2011-01-14 12:07:00","0.162","52888","0.000","0","0.000","0"
"2011-01-14 15:59:00","0.167","118888","0.000","0","0.000","0"
"2011-01-18 09:48:00","0.162","20000","0.000","0","0.000","0"
"2011-01-18 11:13:00","0.161","20400","0.000","0","0.000","0"
"2011-01-18 11:17:00","0.162","21900","0.000","0","0.000","0"
"2011-01-18 12:11:00","0.166","28900","0.000","0","0.000","0"
"2011-01-18 12:24:00","0.166","78900","0.000","0","0.000","0"
"2011-01-18 12:27:00","0.162","85900","0.000","0","0.000","0"
"2011-01-18 13:01:00","0.160","93400","0.000","0","0.000","0"
"2011-01-18 13:05:00","0.160","95900","0.000","0","0.000","0"
"2011-01-18 13:29:00","0.164","99900","0.000","0","0.000","0"
"2011-01-18 13:58:00","0.160","115400","0.000","0","0.000","0"
"2011-01-18 14:31:00","0.162","119900","0.000","0","0.000","0"
"2011-01-18 14:38:00","0.162","124900","0.000","0","0.000","0"
"2011-01-18 15:42:00","0.162","130400","0.000","0","0.000","0"
"2011-01-18 15:49:00","0.161","130900","0.000","0","0.000","0"
"2011-01-19 09:32:00","0.172","8700","0.000","0","0.000","0"
"2011-01-19 10:57:00","0.159","9700","0.000","0","0.000","0"
"2011-01-19 13:41:00","0.166","11200","0.000","0","0.000","0"
"2011-01-20 09:39:00","0.160","3500","0.000","0","0.000","0"
"2011-01-20 12:05:00","0.155","28500","0.000","0","0.000","0"
"2011-01-20 12:06:00","0.160","28750","0.000","0","0.000","0"
"2011-01-20 14:45:00","0.156","30750","0.000","0","0.000","0"
"2011-01-20 14:51:00","0.142","34750","0.000","0","0.000","0"
"2011-01-20 15:27:00","0.145","35480","0.000","0","0.000","0"
"2011-01-20 15:59:00","0.161","35580","0.000","0","0.000","0"
"2011-01-21 09:58:00","0.162","3500","0.000","0","0.000","0"
"2011-01-21 10:08:00","0.161","21000","0.000","0","0.000","0"
"2011-01-21 10:12:00","0.162","31000","0.000","0","0.000","0"
"2011-01-21 10:15:00","0.161","51000","0.000","0","0.000","0"
"2011-01-21 14:12:00","0.152","57500","0.000","0","0.000","0"
"2011-01-21 15:31:00","0.141","59500","0.000","0","0.000","0"
"2011-01-21 15:36:00","0.146","79500","0.000","0","0.000","0"
"2011-01-24 09:32:00","0.142","20000","0.000","0","0.000","0"
"2011-01-24 11:08:00","0.146","60000","0.000","0","0.000","0"
"2011-01-24 11:10:00","0.156","80000","0.000","0","0.000","0"
"2011-01-24 11:20:00","0.146","82000","0.000","0","0.000","0"
"2011-01-24 12:07:00","0.154","91000","0.000","0","0.000","0"
"2011-01-24 12:22:00","0.154","94300","0.000","0","0.000","0"
"2011-01-24 12:29:00","0.154","97400","0.000","0","0.000","0"
"2011-01-24 12:41:00","0.154","110800","0.000","0","0.000","0"
"2011-01-24 13:01:00","0.146","115800","0.000","0","0.000","0"
"2011-01-24 15:06:00","0.146","137300","0.000","0","0.000","0"
"2011-01-24 15:13:00","0.146","141800","0.000","0","0.000","0"
"2011-01-24 15:38:00","0.153","143800","0.000","0","0.000","0"
"2011-01-24 15:46:00","0.153","256800","0.000","0","0.000","0"
"2011-01-26 10:22:00","0.161","3500","0.000","0","0.000","0"
"2011-01-26 14:05:00","0.145","3680","0.000","0","0.000","0"
"2011-01-27 09:35:00","0.167","80000","0.000","0","0.000","0"
"2011-01-27 11:28:00","0.156","100000","0.000","0","0.000","0"
"2011-01-27 13:28:00","0.161","120800","0.000","0","0.000","0"
"2011-01-27 13:56:00","0.150","145800","0.000","0","0.000","0"
"2011-01-28 11:08:00","0.153","22000","0.000","0","0.000","0"
"2011-01-28 11:10:00","0.153","32000","0.000","0","0.000","0"
"2011-01-28 11:34:00","0.158","82000","0.000","0","0.000","0"
"2011-01-28 15:25:00","0.145","104900","0.000","0","0.000","0"
"2011-01-28 15:31:00","0.145","135400","0.000","0","0.000","0"
"2011-01-28 15:33:00","0.155","165400","0.000","0","0.000","0"
"2011-01-28 15:35:00","0.145","175400","0.000","0","0.000","0"
"2011-01-28 15:48:00","0.145","186700","0.000","0","0.000","0"
"2011-01-28 15:59:00","0.160","186800","0.000","0","0.000","0"
"2011-01-31 09:30:00","0.140","8100","0.000","0","0.000","0"
"2011-01-31 13:21:00","0.150","14100","0.000","0","0.000","0"
"2011-01-31 15:59:00","0.165","14200","0.000","0","0.000","0"
"2011-02-01 09:30:00","0.160","10000","0.000","0","0.000","0"
"2011-02-01 10:00:00","0.163","20000","0.000","0","0.000","0"
"2011-02-01 10:01:00","0.168","30000","0.000","0","0.000","0"
"2011-02-01 10:18:00","0.164","60000","0.000","0","0.000","0"
"2011-02-01 13:18:00","0.154","63202","0.000","0","0.000","0"
"2011-02-02 09:30:00","0.167","5000","0.000","0","0.000","0"
"2011-02-02 10:08:00","0.167","20000","0.000","0","0.000","0"
"2011-02-02 13:11:00","0.167","47500","0.000","0","0.000","0"
"2011-02-02 13:19:00","0.163","77500","0.000","0","0.000","0"
"2011-02-02 13:56:00","0.162","87500","0.000","0","0.000","0"
"2011-02-02 14:31:00","0.162","92500","0.000","0","0.000","0"
"2011-02-02 15:49:00","0.162","102500","0.000","0","0.000","0"
"2011-02-03 12:40:00","0.168","5000","0.000","0","0.000","0"
"2011-02-03 13:12:00","0.167","5500","0.000","0","0.000","0"
"2011-02-03 14:10:00","0.167","5600","0.000","0","0.000","0"
"2011-02-03 14:48:00","0.165","13100","0.000","0","0.000","0"
"2011-02-03 15:22:00","0.165","88100","0.000","0","0.000","0"
"2011-02-03 15:54:00","0.165","105600","0.000","0","0.000","0"
"2011-02-04 09:30:00","0.175","21200","0.000","0","0.000","0"
"2011-02-04 09:38:00","0.178","24700","0.000","0","0.000","0"
"2011-02-04 13:07:00","0.163","36200","0.000","0","0.000","0"
"2011-02-04 14:06:00","0.167","46200","0.000","0","0.000","0"
"2011-02-04 14:39:00","0.177","56200","0.000","0","0.000","0"
"2011-02-04 15:28:00","0.172","61200","0.000","0","0.000","0"
"2011-02-04 15:45:00","0.193","66200","0.000","0","0.000","0"
"2011-02-04 15:48:00","0.192","74200","0.000","0","0.000","0"
"2011-02-07 09:33:00","0.192","2000","0.000","0","0.000","0"
"2011-02-08 09:57:00","0.192","500","0.000","0","0.000","0"
"2011-02-08 10:04:00","0.192","51500","0.000","0","0.000","0"
"2011-02-08 10:13:00","0.192","66500","0.000","0","0.000","0"
"2011-02-08 10:19:00","0.192","70000","0.000","0","0.000","0"
"2011-02-08 10:24:00","0.192","75000","0.000","0","0.000","0"
"2011-02-08 10:40:00","0.192","76000","0.000","0","0.000","0"
"2011-02-08 13:06:00","0.192","95000","0.000","0","0.000","0"
"2011-02-08 13:10:00","0.197","105000","0.000","0","0.000","0"
"2011-02-08 13:21:00","0.192","115000","0.000","0","0.000","0"
"2011-02-08 13:36:00","0.201","144600","0.000","0","0.000","0"
"2011-02-10 11:12:00","0.175","4000","0.000","0","0.000","0"
"2011-02-10 11:27:00","0.196","9000","0.000","0","0.000","0"
"2011-02-10 13:21:00","0.196","14000","0.000","0","0.000","0"
"2011-02-10 13:33:00","0.189","59000","0.000","0","0.000","0"
"2011-02-11 10:25:00","0.185","40500","0.000","0","0.000","0"
"2011-02-11 11:27:00","0.185","59500","0.000","0","0.000","0"
"2011-02-11 15:58:00","0.188","60500","0.000","0","0.000","0"
"2011-02-14 11:02:00","0.172","1000","0.000","0","0.000","0"
"2011-02-14 11:40:00","0.180","6000","0.000","0","0.000","0"
"2011-02-14 11:54:00","0.172","9000","0.000","0","0.000","0"
"2011-02-14 12:13:00","0.179","19000","0.000","0","0.000","0"
"2011-02-14 12:37:00","0.179","29000","0.000","0","0.000","0"
"2011-02-15 14:33:00","0.182","5000","0.000","0","0.000","0"
"2011-02-15 14:36:00","0.182","9000","0.000","0","0.000","0"
"2011-02-15 14:53:00","0.187","19000","0.000","0","0.000","0"
"2011-02-15 15:03:00","0.182","21000","0.000","0","0.000","0"
"2011-02-15 15:35:00","0.185","23600","0.000","0","0.000","0"
"2011-02-16 13:03:00","0.180","41000","0.000","0","0.000","0"
"2011-02-17 10:26:00","0.185","3000","0.000","0","0.000","0"
"2011-02-17 13:38:00","0.178","3800","0.000","0","0.000","0"
"2011-02-18 09:30:00","0.176","222","0.000","0","0.000","0"
"2011-02-18 11:39:00","0.178","11222","0.000","0","0.000","0"
"2011-02-18 12:12:00","0.179","12722","0.000","0","0.000","0"
"2011-02-18 12:45:00","0.178","20222","0.000","0","0.000","0"
"2011-02-18 13:14:00","0.178","21222","0.000","0","0.000","0"
"2011-02-18 14:41:00","0.177","21722","0.000","0","0.000","0"
"2011-02-18 14:53:00","0.172","26722","0.000","0","0.000","0"
"2011-02-22 10:29:00","0.170","10000","0.000","0","0.000","0"
"2011-02-22 13:03:00","0.167","31000","0.000","0","0.000","0"
"2011-02-22 13:06:00","0.162","51992","0.000","0","0.000","0"
"2011-02-22 14:30:00","0.177","57641","0.000","0","0.000","0"
"2011-02-22 15:03:00","0.170","201641","0.000","0","0.000","0"
"2011-02-22 15:05:00","0.170","202141","0.000","0","0.000","0"
"2011-02-22 15:10:00","0.170","257641","0.000","0","0.000","0"
"2011-02-23 09:30:00","0.171","300","0.000","0","0.000","0"
"2011-02-23 10:21:00","0.169","1450","0.000","0","0.000","0"
"2011-02-23 11:05:00","0.167","11450","0.000","0","0.000","0"
"2011-02-23 13:51:00","0.156","12450","0.000","0","0.000","0"
"2011-02-24 09:31:00","0.163","10000","0.000","0","0.000","0"
"2011-02-24 11:08:00","0.158","89900","0.000","0","0.000","0"
"2011-02-24 11:47:00","0.158","124900","0.000","0","0.000","0"
"2011-02-24 12:37:00","0.158","139900","0.000","0","0.000","0"
"2011-02-24 13:59:00","0.150","148900","0.000","0","0.000","0"
"2011-02-24 14:31:00","0.150","149900","0.000","0","0.000","0"
"2011-02-24 15:29:00","0.150","153900","0.000","0","0.000","0"
"2011-02-24 15:38:00","0.153","158900","0.000","0","0.000","0"
"2011-02-24 15:48:00","0.152","166900","0.000","0","0.000","0"
"2011-02-24 15:55:00","0.147","176900","0.000","0","0.000","0"
"2011-02-25 09:37:00","0.146","17000","0.000","0","0.000","0"
"2011-02-25 10:48:00","0.151","22500","0.000","0","0.000","0"
"2011-02-25 12:05:00","0.150","23500","0.000","0","0.000","0"
"2011-02-25 14:44:00","0.146","32500","0.000","0","0.000","0"
"2011-02-25 14:46:00","0.153","35200","0.000","0","0.000","0"
"2011-02-28 12:37:00","0.151","5000","0.000","0","0.000","0"
"2011-02-28 13:14:00","0.159","6300","0.000","0","0.000","0"
"2011-02-28 13:46:00","0.151","16300","0.000","0","0.000","0"
"2011-02-28 14:08:00","0.151","18800","0.000","0","0.000","0"
"2011-02-28 15:52:00","0.149","44800","0.000","0","0.000","0"
"2011-03-01 09:30:00","0.150","15000","0.000","0","0.000","0"
"2011-03-01 09:56:00","0.159","16110","0.000","0","0.000","0"
"2011-03-01 10:07:00","0.159","20443","0.000","0","0.000","0"
"2011-03-01 10:09:00","0.159","30443","0.000","0","0.000","0"
"2011-03-01 10:29:00","0.157","32943","0.000","0","0.000","0"
"2011-03-01 10:59:00","0.157","37943","0.000","0","0.000","0"
"2011-03-01 11:30:00","0.164","47943","0.000","0","0.000","0"
"2011-03-01 12:38:00","0.164","52943","0.000","0","0.000","0"
"2011-03-01 13:19:00","0.170","57943","0.000","0","0.000","0"
"2011-03-01 13:21:00","0.170","67943","0.000","0","0.000","0"
"2011-03-01 13:23:00","0.170","72943","0.000","0","0.000","0"
"2011-03-01 13:24:00","0.154","74943","0.000","0","0.000","0"
"2011-03-01 13:49:00","0.170","81943","0.000","0","0.000","0"
"2011-03-01 13:51:00","0.164","89943","0.000","0","0.000","0"
"2011-03-01 14:08:00","0.169","94943","0.000","0","0.000","0"
"2011-03-01 14:50:00","0.169","97443","0.000","0","0.000","0"
"2011-03-02 09:48:00","0.159","22500","0.000","0","0.000","0"
"2011-03-02 11:36:00","0.164","23500","0.000","0","0.000","0"
"2011-03-02 11:56:00","0.165","33500","0.000","0","0.000","0"
"2011-03-02 11:58:00","0.165","43500","0.000","0","0.000","0"
"2011-03-02 12:00:00","0.165","53500","0.000","0","0.000","0"
"2011-03-02 12:01:00","0.165","63500","0.000","0","0.000","0"
"2011-03-02 12:04:00","0.170","73500","0.000","0","0.000","0"
"2011-03-02 12:54:00","0.170","74750","0.000","0","0.000","0"
"2011-03-02 12:57:00","0.170","84750","0.000","0","0.000","0"
"2011-03-02 12:59:00","0.170","89750","0.000","0","0.000","0"
"2011-03-02 14:00:00","0.170","99750","0.000","0","0.000","0"
"2011-03-02 14:01:00","0.170","109750","0.000","0","0.000","0"
"2011-03-02 14:03:00","0.170","119750","0.000","0","0.000","0"
"2011-03-02 15:12:00","0.170","139750","0.000","0","0.000","0"
"2011-03-02 15:45:00","0.170","149750","0.000","0","0.000","0"
"2011-03-02 15:46:00","0.170","159750","0.000","0","0.000","0"
"2011-03-03 09:30:00","0.162","2000","0.000","0","0.000","0"
"2011-03-03 09:53:00","0.170","12000","0.000","0","0.000","0"
"2011-03-03 09:54:00","0.170","22000","0.000","0","0.000","0"
"2011-03-03 10:12:00","0.154","32000","0.000","0","0.000","0"
"2011-03-03 10:39:00","0.154","44500","0.000","0","0.000","0"
"2011-03-03 10:54:00","0.154","74500","0.000","0","0.000","0"
"2011-03-03 11:13:00","0.164","97000","0.000","0","0.000","0"
"2011-03-03 11:26:00","0.170","107000","0.000","0","0.000","0"
"2011-03-03 11:27:00","0.170","117000","0.000","0","0.000","0"
"2011-03-03 11:28:00","0.170","127000","0.000","0","0.000","0"
"2011-03-03 11:50:00","0.164","144500","0.000","0","0.000","0"
"2011-03-03 12:33:00","0.170","154500","0.000","0","0.000","0"
"2011-03-03 12:35:00","0.170","164500","0.000","0","0.000","0"
"2011-03-03 14:06:00","0.170","194500","0.000","0","0.000","0"
"2011-03-04 09:30:00","0.168","280","0.000","0","0.000","0"
"2011-03-04 10:26:00","0.170","12780","0.000","0","0.000","0"
"2011-03-04 10:46:00","0.168","14280","0.000","0","0.000","0"
"2011-03-04 12:04:00","0.154","19280","0.000","0","0.000","0"
"2011-03-04 13:58:00","0.170","29280","0.000","0","0.000","0"
"2011-03-04 14:33:00","0.160","69280","0.000","0","0.000","0"
"2011-03-04 15:23:00","0.160","119280","0.000","0","0.000","0"
"2011-03-04 15:40:00","0.159","122780","0.000","0","0.000","0"
"2011-03-04 15:45:00","0.165","152780","0.000","0","0.000","0"
"2011-03-08 09:30:00","0.172","30000","0.000","0","0.000","0"
"2011-03-08 12:42:00","0.160","33200","0.000","0","0.000","0"
"2011-03-10 10:09:00","0.159","13000","0.000","0","0.000","0"
"2011-03-10 12:55:00","0.169","14800","0.000","0","0.000","0"
"2011-03-10 13:55:00","0.169","0","0.000","0","0.000","0"
"2011-03-14 09:41:00","0.159","5000","0.000","0","0.000","0"
"2011-03-14 10:11:00","0.159","15000","0.000","0","0.000","0"
"2011-03-14 11:25:00","0.159","17000","0.000","0","0.000","0"
"2011-03-14 11:36:00","0.154","22000","0.000","0","0.000","0"
"2011-03-14 11:55:00","0.154","37000","0.000","0","0.000","0"
"2011-03-14 11:58:00","0.140","44000","0.000","0","0.000","0"
"2011-03-14 12:35:00","0.157","46500","0.000","0","0.000","0"
"2011-03-14 13:53:00","0.143","49000","0.000","0","0.000","0"
"2011-03-15 09:31:00","0.146","5000","0.000","0","0.000","0"
"2011-03-15 09:45:00","0.147","5925","0.000","0","0.000","0"
"2011-03-15 10:13:00","0.132","15925","0.000","0","0.000","0"
"2011-03-15 12:33:00","0.133","50925","0.000","0","0.000","0"
"2011-03-15 12:53:00","0.134","60925","0.000","0","0.000","0"
"2011-03-16 10:40:00","0.140","8500","0.000","0","0.000","0"
"2011-03-16 11:12:00","0.140","10000","0.000","0","0.000","0"
"2011-03-16 11:42:00","0.140","25000","0.000","0","0.000","0"
"2011-03-16 13:26:00","0.134","29500","0.000","0","0.000","0"
"2011-03-16 13:27:00","0.131","36500","0.000","0","0.000","0"
"2011-03-16 15:58:00","0.151","37500","0.000","0","0.000","0"
"2011-03-17 09:45:00","0.147","9666","0.000","0","0.000","0"
"2011-03-17 09:53:00","0.132","34666","0.000","0","0.000","0"
"2011-03-17 11:30:00","0.140","52666","0.000","0","0.000","0"
"2011-03-17 13:41:00","0.140","89166","0.000","0","0.000","0"
"2011-03-17 14:12:00","0.155","99166","0.000","0","0.000","0"
"2011-03-17 15:57:00","0.168","101166","0.000","0","0.000","0"
"2011-03-18 09:31:00","0.168","6000","0.000","0","0.000","0"
"2011-03-18 09:58:00","0.171","58800","0.000","0","0.000","0"
"2011-03-18 10:12:00","0.158","80800","0.000","0","0.000","0"
"2011-03-21 15:06:00","0.179","2000","0.000","0","0.000","0"
"2011-03-21 15:17:00","0.179","2120","0.000","0","0.000","0"
"2011-03-21 15:19:00","0.179","2390","0.000","0","0.000","0"
"2011-03-21 15:20:00","0.169","6390","0.000","0","0.000","0"
"2011-03-22 13:58:00","0.179","15250","0.000","0","0.000","0"
"2011-03-22 14:01:00","0.179","15380","0.000","0","0.000","0"
"2011-03-22 14:37:00","0.170","50880","0.000","0","0.000","0"
"2011-03-23 10:15:00","0.172","2000","0.000","0","0.000","0"
"2011-03-23 15:59:00","0.173","13000","0.000","0","0.000","0"
"2011-03-24 09:30:00","0.174","5900","0.000","0","0.000","0"
"2011-03-24 11:17:00","0.159","7400","0.000","0","0.000","0"
"2011-03-24 12:52:00","0.174","35400","0.000","0","0.000","0"
"2011-03-24 14:24:00","0.174","63400","0.000","0","0.000","0"
"2011-03-24 14:30:00","0.174","67400","0.000","0","0.000","0"
"2011-03-24 15:59:00","0.179","68400","0.000","0","0.000","0"
"2011-03-29 09:30:00","0.169","21500","0.000","0","0.000","0"
"2011-03-29 10:39:00","0.169","23000","0.000","0","0.000","0"
"2011-03-29 10:55:00","0.169","27999","0.000","0","0.000","0"
"2011-03-29 11:38:00","0.161","31999","0.000","0","0.000","0"
"2011-03-29 14:21:00","0.169","34999","0.000","0","0.000","0"
"2011-03-29 14:54:00","0.169","44999","0.000","0","0.000","0"
"2011-03-30 09:50:00","0.168","1000","0.000","0","0.000","0"
"2011-03-30 10:53:00","0.165","11000","0.000","0","0.000","0"
"2011-03-30 12:50:00","0.156","21000","0.000","0","0.000","0"
"2011-03-30 13:22:00","0.167","45000","0.000","0","0.000","0"
"2011-03-30 13:42:00","0.154","48500","0.000","0","0.000","0"
"2011-03-30 14:58:00","0.160","56000","0.000","0","0.000","0"
"2011-03-31 13:59:00","0.158","10000","0.000","0","0.000","0"
"2011-03-31 14:00:00","0.170","11000","0.000","0","0.000","0"
"2011-03-31 15:59:00","0.175","12000","0.000","0","0.000","0"
"2011-04-01 09:30:00","0.174","226","0.000","0","0.000","0"
"2011-04-01 09:34:00","0.158","8626","0.000","0","0.000","0"
"2011-04-04 11:13:00","0.160","5000","0.000","0","0.000","0"
"2011-04-04 14:08:00","0.157","10000","0.000","0","0.000","0"
"2011-04-04 15:21:00","0.173","13000","0.000","0","0.000","0"
"2011-04-05 09:30:00","0.155","59000","0.000","0","0.000","0"
"2011-04-05 12:18:00","0.155","105500","0.000","0","0.000","0"
"2011-04-05 13:59:00","0.169","114600","0.000","0","0.000","0"
"2011-04-05 15:41:00","0.161","116600","0.000","0","0.000","0"
"2011-04-05 15:59:00","0.176","117600","0.000","0","0.000","0"
"2011-04-06 09:30:00","0.175","3000","0.000","0","0.000","0"
"2011-04-06 09:59:00","0.175","3500","0.000","0","0.000","0"
"2011-04-06 10:23:00","0.162","23500","0.000","0","0.000","0"
"2011-04-06 10:25:00","0.162","50000","0.000","0","0.000","0"
"2011-04-06 10:42:00","0.162","85000","0.000","0","0.000","0"
"2011-04-06 13:12:00","0.157","95800","0.000","0","0.000","0"
"2011-04-07 10:03:00","0.157","1725","0.000","0","0.000","0"
"2011-04-07 12:06:00","0.177","11725","0.000","0","0.000","0"
"2011-04-07 13:06:00","0.180","51725","0.000","0","0.000","0"
"2011-04-07 15:59:00","0.177","52725","0.000","0","0.000","0"
"2011-04-08 09:48:00","0.163","60000","0.000","0","0.000","0"
"2011-04-08 11:02:00","0.167","60227","0.000","0","0.000","0"
"2011-04-08 11:33:00","0.167","60977","0.000","0","0.000","0"
"2011-04-08 11:37:00","0.162","100977","0.000","0","0.000","0"
"2011-04-08 11:45:00","0.165","105977","0.000","0","0.000","0"
"2011-04-08 14:04:00","0.165","115977","0.000","0","0.000","0"
"2011-04-08 15:33:00","0.170","117677","0.000","0","0.000","0"
"2011-04-11 10:08:00","0.170","50000","0.000","0","0.000","0"
"2011-04-11 11:16:00","0.159","63000","0.000","0","0.000","0"
"2011-04-11 12:42:00","0.164","65500","0.000","0","0.000","0"
"2011-04-11 14:54:00","0.170","71000","0.000","0","0.000","0"
"2011-04-11 15:12:00","0.170","74000","0.000","0","0.000","0"
"2011-04-11 15:33:00","0.164","134000","0.000","0","0.000","0"
"2011-04-11 15:36:00","0.175","164000","0.000","0","0.000","0"
"2011-04-12 10:18:00","0.169","10000","0.000","0","0.000","0"
"2011-04-12 13:01:00","0.151","10315","0.000","0","0.000","0"
"2011-04-12 15:04:00","0.161","29315","0.000","0","0.000","0"
"2011-04-12 15:27:00","0.161","30315","0.000","0","0.000","0"
"2011-04-12 15:50:00","0.156","40315","0.000","0","0.000","0"
"2011-04-13 09:30:00","0.151","299","0.000","0","0.000","0"
"2011-04-13 11:54:00","0.156","1299","0.000","0","0.000","0"
"2011-04-13 14:02:00","0.166","11299","0.000","0","0.000","0"
"2011-04-15 12:05:00","0.156","3000","0.000","0","0.000","0"
"2011-04-15 12:32:00","0.161","15000","0.000","0","0.000","0"
"2011-04-15 12:46:00","0.151","25000","0.000","0","0.000","0"
"2011-04-15 12:47:00","0.151","30000","0.000","0","0.000","0"
"2011-04-15 12:48:00","0.151","45000","0.000","0","0.000","0"
"2011-04-15 12:49:00","0.151","50000","0.000","0","0.000","0"
"2011-04-15 12:51:00","0.151","55000","0.000","0","0.000","0"
"2011-04-15 12:52:00","0.151","65000","0.000","0","0.000","0"
"2011-04-15 12:53:00","0.151","70000","0.000","0","0.000","0"
"2011-04-15 12:54:00","0.162","79000","0.000","0","0.000","0"
"2011-04-15 15:05:00","0.162","88000","0.000","0","0.000","0"
"2011-04-15 15:06:00","0.162","138000","0.000","0","0.000","0"
"2011-04-15 15:07:00","0.162","164000","0.000","0","0.000","0"
"2011-04-15 15:08:00","0.151","169000","0.000","0","0.000","0"
"2011-04-15 15:09:00","0.151","174000","0.000","0","0.000","0"
"2011-04-15 15:11:00","0.146","179000","0.000","0","0.000","0"
"2011-04-15 15:31:00","0.154","219000","0.000","0","0.000","0"
"2011-04-15 15:56:00","0.163","269000","0.000","0","0.000","0"
"2011-04-19 15:19:00","0.160","16000","0.000","0","0.000","0"
"2011-04-20 12:50:00","0.154","10000","0.000","0","0.000","0"
"2011-04-21 10:04:00","0.155","8500","0.000","0","0.000","0"
"2011-04-21 13:31:00","0.168","9000","0.000","0","0.000","0"
"2011-04-21 14:07:00","0.168","13000","0.000","0","0.000","0"
"2011-04-21 14:32:00","0.154","15475","0.000","0","0.000","0"
"2011-04-21 15:26:00","0.165","19475","0.000","0","0.000","0"
"2011-04-21 15:31:00","0.165","22875","0.000","0","0.000","0"
"2011-04-21 15:59:00","0.157","27875","0.000","0","0.000","0"
"2011-04-25 10:02:00","0.158","1000","0.000","0","0.000","0"
"2011-04-25 10:42:00","0.152","6000","0.000","0","0.000","0"
"2011-04-25 11:10:00","0.163","11000","0.000","0","0.000","0"
"2011-04-25 11:11:00","0.163","26000","0.000","0","0.000","0"
"2011-04-26 10:02:00","0.173","150","0.000","0","0.000","0"
"2011-04-26 12:37:00","0.165","1450","0.000","0","0.000","0"
"2011-04-26 12:40:00","0.166","11450","0.000","0","0.000","0"
"2011-04-26 14:06:00","0.168","21450","0.000","0","0.000","0"
"2011-04-26 14:08:00","0.168","31450","0.000","0","0.000","0"
"2011-04-26 14:11:00","0.168","41450","0.000","0","0.000","0"
"2011-04-26 14:31:00","0.163","46450","0.000","0","0.000","0"
"2011-04-27 09:30:00","0.168","14000","0.000","0","0.000","0"
"2011-04-27 10:08:00","0.168","27000","0.000","0","0.000","0"
"2011-04-27 10:31:00","0.168","28000","0.000","0","0.000","0"
"2011-04-27 12:19:00","0.152","40500","0.000","0","0.000","0"
"2011-04-27 13:57:00","0.152","70500","0.000","0","0.000","0"
"2011-04-27 14:16:00","0.168","97500","0.000","0","0.000","0"
"2011-04-27 14:28:00","0.168","105500","0.000","0","0.000","0"
"2011-04-27 15:04:00","0.168","115000","0.000","0","0.000","0"
"2011-04-27 15:59:00","0.173","117000","0.000","0","0.000","0"
"2011-04-28 10:07:00","0.153","7000","0.000","0","0.000","0"
"2011-04-28 10:25:00","0.160","29000","0.000","0","0.000","0"
"2011-04-28 10:46:00","0.165","39000","0.000","0","0.000","0"
"2011-04-28 11:55:00","0.160","109000","0.000","0","0.000","0"
"2011-04-28 11:58:00","0.160","117000","0.000","0","0.000","0"
"2011-04-28 12:47:00","0.155","187000","0.000","0","0.000","0"
"2011-04-28 13:06:00","0.160","197000","0.000","0","0.000","0"
"2011-04-28 15:04:00","0.160","202000","0.000","0","0.000","0"
"2011-04-29 10:33:00","0.168","5500","0.000","0","0.000","0"
"2011-04-29 12:02:00","0.156","10500","0.000","0","0.000","0"
"2011-04-29 13:17:00","0.164","20500","0.000","0","0.000","0"
"2011-05-02 09:30:00","0.166","300","0.000","0","0.000","0"
"2011-05-02 12:02:00","0.165","100300","0.000","0","0.000","0"
"2011-05-02 15:59:00","0.168","101300","0.000","0","0.000","0"
"2011-05-03 09:56:00","0.147","150","0.000","0","0.000","0"
"2011-05-03 10:53:00","0.149","3150","0.000","0","0.000","0"
"2011-05-03 14:13:00","0.147","9150","0.000","0","0.000","0"
"2011-05-03 15:17:00","0.147","12150","0.000","0","0.000","0"
"2011-05-03 15:22:00","0.157","15650","0.000","0","0.000","0"
"2011-05-04 10:53:00","0.151","2000","0.000","0","0.000","0"
"2011-05-04 11:02:00","0.143","17000","0.000","0","0.000","0"
"2011-05-04 12:31:00","0.141","25000","0.000","0","0.000","0"
"2011-05-04 15:49:00","0.143","38000","0.000","0","0.000","0"
"2011-05-05 10:03:00","0.140","58000","0.000","0","0.000","0"
"2011-05-05 13:14:00","0.140","158000","0.000","0","0.000","0"
"2011-05-06 09:34:00","0.146","600","0.000","0","0.000","0"
"2011-05-06 15:33:00","0.131","5600","0.000","0","0.000","0"
"2011-05-09 14:46:00","0.145","7000","0.000","0","0.000","0"
"2011-05-10 10:23:00","0.146","625","0.000","0","0.000","0"
"2011-05-10 10:36:00","0.147","10625","0.000","0","0.000","0"
"2011-05-10 11:53:00","0.130","25125","0.000","0","0.000","0"
"2011-05-10 12:38:00","0.133","45125","0.000","0","0.000","0"
"2011-05-10 15:28:00","0.133","50125","0.000","0","0.000","0"
"2011-05-11 12:55:00","0.130","19000","0.000","0","0.000","0"
"2011-05-11 13:47:00","0.125","25500","0.000","0","0.000","0"
"2011-05-11 15:02:00","0.141","25820","0.000","0","0.000","0"
"2011-05-12 10:10:00","0.140","5000","0.000","0","0.000","0"
"2011-05-12 14:00:00","0.135","68480","0.000","0","0.000","0"
"2011-05-13 09:30:00","0.138","235","0.000","0","0.000","0"
"2011-05-13 10:55:00","0.126","5235","0.000","0","0.000","0"
"2011-05-13 13:14:00","0.129","10235","0.000","0","0.000","0"
"2011-05-13 15:26:00","0.137","12735","0.000","0","0.000","0"
"2011-05-16 09:49:00","0.123","22000","0.000","0","0.000","0"
"2011-05-16 12:12:00","0.132","47000","0.000","0","0.000","0"
"2011-05-16 14:13:00","0.129","89000","0.000","0","0.000","0"
"2011-05-16 14:53:00","0.125","94000","0.000","0","0.000","0"
"2011-05-17 09:41:00","0.123","10000","0.000","0","0.000","0"
"2011-05-17 09:46:00","0.118","35000","0.000","0","0.000","0"
"2011-05-17 11:04:00","0.126","45000","0.000","0","0.000","0"
"2011-05-17 11:06:00","0.123","95000","0.000","0","0.000","0"
"2011-05-17 13:09:00","0.131","111000","0.000","0","0.000","0"
"2011-05-17 14:42:00","0.115","116000","0.000","0","0.000","0"
"2011-05-18 10:58:00","0.118","49500","0.000","0","0.000","0"
"2011-05-18 11:11:00","0.118","50000","0.000","0","0.000","0"
"2011-05-18 11:18:00","0.116","54000","0.000","0","0.000","0"
"2011-05-18 11:36:00","0.128","59000","0.000","0","0.000","0"
"2011-05-18 13:46:00","0.131","84000","0.000","0","0.000","0"
"2011-05-18 14:32:00","0.134","284000","0.000","0","0.000","0"
"2011-05-19 10:06:00","0.132","3000","0.000","0","0.000","0"
"2011-05-19 10:20:00","0.131","3500","0.000","0","0.000","0"
"2011-05-19 10:34:00","0.131","4000","0.000","0","0.000","0"
"2011-05-19 10:50:00","0.131","4500","0.000","0","0.000","0"
"2011-05-19 11:25:00","0.131","5000","0.000","0","0.000","0"
"2011-05-19 11:43:00","0.131","5500","0.000","0","0.000","0"
"2011-05-19 14:22:00","0.131","6000","0.000","0","0.000","0"
"2011-05-19 14:41:00","0.131","6500","0.000","0","0.000","0"
"2011-05-19 15:00:00","0.131","7000","0.000","0","0.000","0"
"2011-05-19 15:17:00","0.131","7500","0.000","0","0.000","0"
"2011-05-19 15:27:00","0.131","8500","0.000","0","0.000","0"
"2011-05-19 15:31:00","0.131","9000","0.000","0","0.000","0"
"2011-05-19 15:44:00","0.131","9500","0.000","0","0.000","0"
"2011-05-19 15:52:00","0.131","10000","0.000","0","0.000","0"
"2011-05-19 15:54:00","0.131","10500","0.000","0","0.000","0"
"2011-05-19 15:57:00","0.131","11000","0.000","0","0.000","0"
"2011-05-19 15:59:00","0.131","11500","0.000","0","0.000","0"
"2011-05-20 09:55:00","0.126","676","0.000","0","0.000","0"
"2011-05-20 13:17:00","0.135","10676","0.000","0","0.000","0"
"2011-05-20 15:16:00","0.139","12176","0.000","0","0.000","0"
"2011-05-24 12:56:00","0.148","1000","0.000","0","0.000","0"
"2011-05-24 13:00:00","0.148","3000","0.000","0","0.000","0"
"2011-05-25 09:30:00","0.148","3000","0.000","0","0.000","0"
"2011-05-25 10:26:00","0.150","16500","0.000","0","0.000","0"
"2011-05-25 14:16:00","0.143","21500","0.000","0","0.000","0"
"2011-05-26 09:46:00","0.140","8000","0.000","0","0.000","0"
"2011-05-26 11:13:00","0.138","9000","0.000","0","0.000","0"
"2011-05-27 10:08:00","0.159","10000","0.000","0","0.000","0"
"2011-05-27 10:28:00","0.153","20000","0.000","0","0.000","0"
"2011-05-27 12:06:00","0.161","30000","0.000","0","0.000","0"
"2011-05-27 12:50:00","0.161","35000","0.000","0","0.000","0"
"2011-05-27 14:33:00","0.153","40000","0.000","0","0.000","0"
"2011-05-27 15:59:00","0.169","41000","0.000","0","0.000","0"
"2011-05-31 09:30:00","0.161","1000","0.000","0","0.000","0"
"2011-05-31 10:30:00","0.160","3000","0.000","0","0.000","0"
"2011-05-31 10:36:00","0.168","60500","0.000","0","0.000","0"
"2011-05-31 14:29:00","0.170","70500","0.000","0","0.000","0"
"2011-05-31 15:51:00","0.164","130500","0.000","0","0.000","0"
"2011-05-31 15:52:00","0.162","190500","0.000","0","0.000","0"
"2011-06-01 10:09:00","0.170","3400","0.000","0","0.000","0"
"2011-06-01 11:51:00","0.170","11900","0.000","0","0.000","0"
"2011-06-01 12:14:00","0.170","13400","0.000","0","0.000","0"
"2011-06-01 13:16:00","0.163","22400","0.000","0","0.000","0"
"2011-06-01 15:53:00","0.160","27900","0.000","0","0.000","0"
"2011-06-01 15:57:00","0.154","32400","0.000","0","0.000","0"
"2011-06-02 10:04:00","0.153","10000","0.000","0","0.000","0"
"2011-06-02 11:40:00","0.148","83500","0.000","0","0.000","0"
"2011-06-02 13:54:00","0.150","86500","0.000","0","0.000","0"
"2011-06-02 15:07:00","0.164","91000","0.000","0","0.000","0"
"2011-06-02 15:09:00","0.169","96498","0.000","0","0.000","0"
"2011-06-03 09:30:00","0.158","4000","0.000","0","0.000","0"
"2011-06-03 11:36:00","0.166","33000","0.000","0","0.000","0"
"2011-06-03 12:07:00","0.169","34000","0.000","0","0.000","0"
"2011-06-03 13:26:00","0.167","54000","0.000","0","0.000","0"
"2011-06-03 14:05:00","0.167","97500","0.000","0","0.000","0"
"2011-06-03 14:49:00","0.167","104000","0.000","0","0.000","0"
"2011-06-03 15:01:00","0.164","124000","0.000","0","0.000","0"
"2011-06-03 15:07:00","0.174","130000","0.000","0","0.000","0"
"2011-06-03 15:50:00","0.160","136500","0.000","0","0.000","0"
"2011-06-03 15:59:00","0.153","140000","0.000","0","0.000","0"
"2011-06-06 09:30:00","0.153","5000","0.000","0","0.000","0"
"2011-06-06 11:48:00","0.158","15000","0.000","0","0.000","0"
"2011-06-06 13:38:00","0.158","26000","0.000","0","0.000","0"
"2011-06-06 13:59:00","0.173","28500","0.000","0","0.000","0"
"2011-06-06 15:42:00","0.166","58500","0.000","0","0.000","0"
"2011-06-06 15:59:00","0.169","59500","0.000","0","0.000","0"
"2011-06-07 09:30:00","0.174","10000","0.000","0","0.000","0"
"2011-06-07 09:46:00","0.174","30000","0.000","0","0.000","0"
"2011-06-08 10:15:00","0.159","9000","0.000","0","0.000","0"
"2011-06-08 12:50:00","0.164","20000","0.000","0","0.000","0"
"2011-06-08 14:16:00","0.164","25000","0.000","0","0.000","0"
"2011-06-08 14:32:00","0.163","25100","0.000","0","0.000","0"
"2011-06-09 10:24:00","0.164","720","0.000","0","0.000","0"
"2011-06-09 10:48:00","0.143","3470","0.000","0","0.000","0"
"2011-06-09 11:50:00","0.159","3570","0.000","0","0.000","0"
"2011-06-09 12:58:00","0.159","6570","0.000","0","0.000","0"
"2011-06-10 09:30:00","0.162","222","0.000","0","0.000","0"
"2011-06-13 09:30:00","0.162","6138","0.000","0","0.000","0"
"2011-06-13 09:42:00","0.164","16138","0.000","0","0.000","0"
"2011-06-13 11:45:00","0.165","26138","0.000","0","0.000","0"
"2011-06-13 12:36:00","0.148","27138","0.000","0","0.000","0"
"2011-06-13 14:26:00","0.148","29138","0.000","0","0.000","0"
"2011-06-13 14:35:00","0.148","44138","0.000","0","0.000","0"
"2011-06-13 15:59:00","0.159","44638","0.000","0","0.000","0"
"2011-06-14 09:32:00","0.146","5000","0.000","0","0.000","0"
"2011-06-14 09:34:00","0.146","15000","0.000","0","0.000","0"
"2011-06-14 09:46:00","0.149","20000","0.000","0","0.000","0"
"2011-06-14 12:10:00","0.149","20750","0.000","0","0.000","0"
"2011-06-14 15:59:00","0.155","21750","0.000","0","0.000","0"
"2011-06-15 13:22:00","0.148","10000","0.000","0","0.000","0"
"2011-06-15 14:10:00","0.143","25000","0.000","0","0.000","0"
"2011-06-15 15:01:00","0.142","39500","0.000","0","0.000","0"
"2011-06-16 09:30:00","0.147","5000","0.000","0","0.000","0"
"2011-06-16 14:45:00","0.138","15000","0.000","0","0.000","0"
"2011-06-16 15:40:00","0.158","15500","0.000","0","0.000","0"
"2011-06-17 10:03:00","0.153","10000","0.000","0","0.000","0"
"2011-06-17 10:36:00","0.150","20000","0.000","0","0.000","0"
"2011-06-17 11:17:00","0.164","30000","0.000","0","0.000","0"
"2011-06-17 14:06:00","0.156","37500","0.000","0","0.000","0"
"2011-06-20 09:30:00","0.153","10000","0.000","0","0.000","0"
"2011-06-20 09:44:00","0.164","14000","0.000","0","0.000","0"
"2011-06-20 12:04:00","0.169","21000","0.000","0","0.000","0"
"2011-06-20 12:22:00","0.164","26000","0.000","0","0.000","0"
"2011-06-20 12:25:00","0.164","29000","0.000","0","0.000","0"
"2011-06-20 13:07:00","0.158","39500","0.000","0","0.000","0"
"2011-06-20 14:16:00","0.158","40500","0.000","0","0.000","0"
"2011-06-20 14:56:00","0.159","63000","0.000","0","0.000","0"
"2011-06-20 15:28:00","0.158","65500","0.000","0","0.000","0"
"2011-06-21 09:34:00","0.174","2400","0.000","0","0.000","0"
"2011-06-22 09:30:00","0.148","1000","0.000","0","0.000","0"
"2011-06-22 11:18:00","0.160","3500","0.000","0","0.000","0"
"2011-06-22 14:22:00","0.160","8500","0.000","0","0.000","0"
"2011-06-22 14:25:00","0.160","18500","0.000","0","0.000","0"
"2011-06-22 14:50:00","0.165","90500","0.000","0","0.000","0"
"2011-06-23 09:41:00","0.148","64166","0.000","0","0.000","0"
"2011-06-23 10:26:00","0.158","74166","0.000","0","0.000","0"
"2011-06-23 10:36:00","0.158","74666","0.000","0","0.000","0"
"2011-06-23 11:44:00","0.158","79666","0.000","0","0.000","0"
"2011-06-23 11:53:00","0.158","89666","0.000","0","0.000","0"
"2011-06-24 09:46:00","0.158","2000","0.000","0","0.000","0"
"2011-06-24 12:10:00","0.155","22000","0.000","0","0.000","0"
"2011-06-24 12:49:00","0.142","26995","0.000","0","0.000","0"
"2011-06-27 11:16:00","0.157","500","0.000","0","0.000","0"
"2011-06-28 15:25:00","0.155","5000","0.000","0","0.000","0"
"2011-06-30 15:56:00","0.156","11000","0.000","0","0.000","0"
"2011-07-05 10:52:00","0.151","5000","0.000","0","0.000","0"
"2011-07-05 14:44:00","0.150","6000","0.000","0","0.000","0"
"2011-07-06 14:13:00","0.155","10000","0.000","0","0.000","0"
"2011-07-06 15:59:00","0.152","11000","0.000","0","0.000","0"
"2011-07-07 11:10:00","0.151","3500","0.000","0","0.000","0"
"2011-07-07 12:01:00","0.153","4850","0.000","0","0.000","0"
"2011-07-07 15:00:00","0.167","13850","0.000","0","0.000","0"
"2011-07-11 09:30:00","0.163","200","0.000","0","0.000","0"
"2011-07-12 12:27:00","0.166","1000","0.000","0","0.000","0"
"2011-07-12 12:54:00","0.160","16000","0.000","0","0.000","0"
"2011-07-12 13:39:00","0.166","65000","0.000","0","0.000","0"
"2011-07-13 12:52:00","0.165","8100","0.000","0","0.000","0"
"2011-07-14 11:42:00","0.151","2000","0.000","0","0.000","0"
"2011-07-14 11:49:00","0.156","3000","0.000","0","0.000","0"
"2011-07-14 12:20:00","0.172","8000","0.000","0","0.000","0"
"2011-07-14 15:29:00","0.161","9000","0.000","0","0.000","0"
"2011-07-18 09:30:00","0.165","275","0.000","0","0.000","0"
"2011-07-18 10:40:00","0.160","24275","0.000","0","0.000","0"
"2011-07-19 11:35:00","0.155","20000","0.000","0","0.000","0"
"2011-07-19 14:19:00","0.147","80000","0.000","0","0.000","0"
"2011-07-20 09:30:00","0.148","5000","0.000","0","0.000","0"
"2011-07-20 15:38:00","0.153","10000","0.000","0","0.000","0"
"2011-07-21 13:20:00","0.161","20000","0.000","0","0.000","0"
"2011-07-25 09:34:00","0.156","4200","0.000","0","0.000","0"
"2011-07-26 10:23:00","0.174","3000","0.000","0","0.000","0"
"2011-07-26 15:10:00","0.167","28000","0.000","0","0.000","0"
"2011-07-27 11:15:00","0.160","10000","0.000","0","0.000","0"
"2011-07-27 14:42:00","0.173","90000","0.000","0","0.000","0"
"2011-07-28 09:44:00","0.174","13000","0.000","0","0.000","0"
"2011-07-28 10:57:00","0.182","34500","0.000","0","0.000","0"
"2011-07-28 13:26:00","0.179","41500","0.000","0","0.000","0"
"2011-07-28 15:59:00","0.178","47500","0.000","0","0.000","0"
"2011-07-29 09:36:00","0.164","20000","0.000","0","0.000","0"
"2011-07-29 15:59:00","0.189","21000","0.000","0","0.000","0"
"2011-08-02 15:14:00","0.169","60000","0.000","0","0.000","0"
"2011-08-09 09:30:00","0.143","17500","0.000","0","0.000","0"
"2011-08-09 10:46:00","0.151","32500","0.000","0","0.000","0"
"2011-08-09 12:42:00","0.151","37500","0.000","0","0.000","0"
"2011-08-09 15:59:00","0.164","38500","0.000","0","0.000","0"
"2011-08-10 12:12:00","0.167","20000","0.000","0","0.000","0"
"2011-08-10 12:52:00","0.162","35000","0.000","0","0.000","0"
"2011-08-10 15:59:00","0.156","36000","0.000","0","0.000","0"
"2011-08-11 15:50:00","0.152","0","0.000","0","0.000","0"
"2011-08-12 10:11:00","0.150","11500","0.000","0","0.000","0"
"2011-08-12 11:26:00","0.150","30000","0.000","0","0.000","0"
"2011-08-12 11:42:00","0.151","31000","0.000","0","0.000","0"
"2011-08-12 14:03:00","0.146","34500","0.000","0","0.000","0"
"2011-08-15 13:03:00","0.152","4500","0.000","0","0.000","0"
"2011-08-15 13:23:00","0.147","12000","0.000","0","0.000","0"
"2011-08-15 14:53:00","0.150","15000","0.000","0","0.000","0"
"2011-08-16 11:01:00","0.150","3000","0.000","0","0.000","0"
"2011-08-16 11:51:00","0.147","57000","0.000","0","0.000","0"
"2011-08-16 13:38:00","0.152","58500","0.000","0","0.000","0"
"2011-08-17 09:34:00","0.153","1500","0.000","0","0.000","0"
"2011-08-17 12:46:00","0.153","11500","0.000","0","0.000","0"
"2011-08-18 10:38:00","0.156","10000","0.000","0","0.000","0"
"2011-08-19 09:32:00","0.137","4000","0.000","0","0.000","0"
"2011-08-19 09:53:00","0.152","24000","0.000","0","0.000","0"
"2011-08-19 09:58:00","0.157","44000","0.000","0","0.000","0"
"2011-08-19 11:41:00","0.152","49000","0.000","0","0.000","0"
"2011-08-22 12:30:00","0.151","26000","0.000","0","0.000","0"
"2011-08-23 12:23:00","0.155","10000","0.000","0","0.000","0"
"2011-08-23 13:19:00","0.157","40000","0.000","0","0.000","0"
"2011-08-24 09:54:00","0.158","25000","0.000","0","0.000","0"
"2011-08-24 10:16:00","0.157","43000","0.000","0","0.000","0"
"2011-08-25 10:19:00","0.147","33000","0.000","0","0.000","0"
"2011-08-26 15:18:00","0.142","2500","0.000","0","0.000","0"
"2011-08-29 13:26:00","0.142","2000","0.000","0","0.000","0"
"2011-08-30 10:33:00","0.143","2000","0.000","0","0.000","0"
"2011-08-30 14:15:00","0.143","3300","0.000","0","0.000","0"
"2011-08-30 15:34:00","0.150","13300","0.000","0","0.000","0"
"2011-08-31 13:11:00","0.158","63000","0.000","0","0.000","0"
"2011-08-31 14:03:00","0.153","69000","0.000","0","0.000","0"
"2011-08-31 15:58:00","0.150","113000","0.000","0","0.000","0"
"2011-09-01 15:01:00","0.154","5000","0.000","0","0.000","0"
"2011-09-06 11:43:00","0.157","4500","0.000","0","0.000","0"
"2011-09-06 11:47:00","0.155","8800","0.000","0","0.000","0"
"2011-09-06 11:50:00","0.157","16200","0.000","0","0.000","0"
"2011-09-06 12:37:00","0.144","21600","0.000","0","0.000","0"
"2011-09-06 14:56:00","0.141","23600","0.000","0","0.000","0"
"2011-09-08 13:46:00","0.152","55500","0.000","0","0.000","0"
"2011-09-08 15:26:00","0.150","66500","0.000","0","0.000","0"
"2011-09-09 09:43:00","0.149","25000","0.000","0","0.000","0"
"2011-09-12 10:32:00","0.140","12000","0.000","0","0.000","0"
"2011-09-12 10:46:00","0.140","60000","0.000","0","0.000","0"
"2011-09-12 15:19:00","0.140","91450","0.000","0","0.000","0"
"2011-09-12 15:37:00","0.137","126450","0.000","0","0.000","0"
"2011-09-12 15:38:00","0.145","130950","0.000","0","0.000","0"
"2011-09-13 09:32:00","0.151","10000","0.000","0","0.000","0"
"2011-09-13 09:48:00","0.145","35000","0.000","0","0.000","0"
"2011-09-13 10:59:00","0.151","45000","0.000","0","0.000","0"
"2011-09-13 11:02:00","0.151","65000","0.000","0","0.000","0"
"2011-09-13 13:37:00","0.138","96775","0.000","0","0.000","0"
"2011-09-13 13:41:00","0.140","146775","0.000","0","0.000","0"
"2011-09-13 15:45:00","0.146","151775","0.000","0","0.000","0"
"2011-09-13 15:58:00","0.158","153275","0.000","0","0.000","0"
"2011-09-14 10:10:00","0.141","1000","0.000","0","0.000","0"
"2011-09-15 09:30:00","0.144","3500","0.000","0","0.000","0"
"2011-09-16 10:07:00","0.145","2000","0.000","0","0.000","0"
"2011-09-19 10:58:00","0.141","2000","0.000","0","0.000","0"
"2011-09-19 11:32:00","0.137","3500","0.000","0","0.000","0"
"2011-09-20 09:46:00","0.139","10000","0.000","0","0.000","0"
"2011-09-21 10:09:00","0.135","7000","0.000","0","0.000","0"
"2011-09-21 13:13:00","0.130","8500","0.000","0","0.000","0"
"2011-09-21 15:07:00","0.132","19000","0.000","0","0.000","0"
"2011-09-22 12:43:00","0.120","12000","0.000","0","0.000","0"
"2011-09-22 12:44:00","0.132","19489","0.000","0","0.000","0"
"2011-09-22 15:32:00","0.116","29489","0.000","0","0.000","0"
"2011-09-22 15:45:00","0.117","30489","0.000","0","0.000","0"
"2011-09-23 10:38:00","0.130","10000","0.000","0","0.000","0"
"2011-09-23 13:19:00","0.139","72100","0.000","0","0.000","0"
"2011-09-23 14:12:00","0.124","81600","0.000","0","0.000","0"
"2011-09-26 09:38:00","0.129","16000","0.000","0","0.000","0"
"2011-09-26 12:35:00","0.129","36000","0.000","0","0.000","0"
"2011-09-26 13:47:00","0.111","41000","0.000","0","0.000","0"
"2011-09-27 10:12:00","0.113","100000","0.000","0","0.000","0"
"2011-09-27 12:25:00","0.117","102000","0.000","0","0.000","0"
"2011-09-27 12:38:00","0.120","102500","0.000","0","0.000","0"
"2011-09-28 10:11:00","0.122","5000","0.000","0","0.000","0"
"2011-09-28 11:26:00","0.122","43500","0.000","0","0.000","0"
"2011-09-29 09:30:00","0.122","4000","0.000","0","0.000","0"
"2011-09-29 10:34:00","0.110","14000","0.000","0","0.000","0"
"2011-09-29 10:45:00","0.110","33500","0.000","0","0.000","0"
"2011-09-29 11:00:00","0.117","115000","0.000","0","0.000","0"
"2011-09-29 15:08:00","0.105","125200","0.000","0","0.000","0"
"2011-09-30 09:30:00","0.113","50000","0.000","0","0.000","0"
"2011-09-30 11:35:00","0.106","132500","0.000","0","0.000","0"
"2011-09-30 11:36:00","0.106","132700","0.000","0","0.000","0"
"2011-09-30 15:13:00","0.115","141200","0.000","0","0.000","0"
"2011-10-03 14:28:00","0.105","22500","0.000","0","0.000","0"
"2011-10-03 14:46:00","0.101","35500","0.000","0","0.000","0"
"2011-10-04 09:30:00","0.092","4000","0.000","0","0.000","0"
"2011-10-04 12:22:00","0.091","14250","0.000","0","0.000","0"
"2011-10-04 13:15:00","0.099","15250","0.000","0","0.000","0"
"2011-10-04 14:34:00","0.090","25250","0.000","0","0.000","0"
"2011-10-05 09:30:00","0.103","21000","0.000","0","0.000","0"
"2011-10-05 09:46:00","0.100","22000","0.000","0","0.000","0"
"2011-10-05 11:07:00","0.089","62000","0.000","0","0.000","0"
"2011-10-05 14:09:00","0.097","87000","0.000","0","0.000","0"
"2011-10-05 14:48:00","0.081","162000","0.000","0","0.000","0"
"2011-10-05 15:12:00","0.084","164000","0.000","0","0.000","0"
"2011-10-06 09:32:00","0.099","39000","0.000","0","0.000","0"
"2011-10-06 09:40:00","0.099","50000","0.000","0","0.000","0"
"2011-10-07 09:31:00","0.104","7000","0.000","0","0.000","0"
"2011-10-11 09:30:00","0.097","25000","0.000","0","0.000","0"
"2011-10-11 12:25:00","0.090","25300","0.000","0","0.000","0"
"2011-10-11 13:33:00","0.098","30300","0.000","0","0.000","0"
"2011-10-12 09:38:00","0.083","11000","0.000","0","0.000","0"
"2011-10-12 09:48:00","0.098","11900","0.000","0","0.000","0"
"2011-10-12 10:56:00","0.103","21900","0.000","0","0.000","0"
"2011-10-13 11:50:00","0.101","9000","0.000","0","0.000","0"
"2011-10-17 12:56:00","0.108","5500","0.000","0","0.000","0"
"2011-10-17 14:45:00","0.106","7337","0.000","0","0.000","0"
"2011-10-18 12:52:00","0.095","30000","0.000","0","0.000","0"
"2011-10-18 12:55:00","0.097","50000","0.000","0","0.000","0"
"2011-10-18 13:01:00","0.095","70000","0.000","0","0.000","0"
"2011-10-19 09:58:00","0.093","4500","0.000","0","0.000","0"
"2011-10-19 12:29:00","0.093","14600","0.000","0","0.000","0"
"2011-10-20 15:35:00","0.099","50000","0.000","0","0.000","0"
"2011-10-21 10:22:00","0.100","5000","0.000","0","0.000","0"
"2011-10-25 11:11:00","0.103","500","0.000","0","0.000","0"
"2011-10-26 09:58:00","0.105","5000","0.000","0","0.000","0"
"2011-10-26 14:16:00","0.100","15000","0.000","0","0.000","0"
"2011-10-27 12:18:00","0.101","20000","0.000","0","0.000","0"
"2011-10-28 11:34:00","0.101","15000","0.000","0","0.000","0"
"2011-11-01 09:30:00","0.098","1000","0.000","0","0.000","0"
"2011-11-01 15:42:00","0.113","1500","0.000","0","0.000","0"
"2011-11-03 09:57:00","0.114","10000","0.000","0","0.000","0"
"2011-11-03 10:04:00","0.113","20000","0.000","0","0.000","0"
"2011-11-03 10:15:00","0.108","21500","0.000","0","0.000","0"
"2011-11-03 10:58:00","0.109","24500","0.000","0","0.000","0"
"2011-11-03 12:29:00","0.109","29500","0.000","0","0.000","0"
"2011-11-03 13:13:00","0.110","42000","0.000","0","0.000","0"
"2011-11-03 13:31:00","0.110","43000","0.000","0","0.000","0"
"2011-11-03 13:45:00","0.110","50000","0.000","0","0.000","0"
"2011-11-03 14:03:00","0.110","65000","0.000","0","0.000","0"
"2011-11-03 14:16:00","0.110","67500","0.000","0","0.000","0"
"2011-11-03 15:36:00","0.094","75500","0.000","0","0.000","0"
"2011-11-04 09:56:00","0.111","33000","0.000","0","0.000","0"
"2011-11-04 10:56:00","0.111","3000","0.000","0","0.000","0"
"2011-11-07 09:30:00","0.111","600","0.000","0","0.000","0"
"2011-11-07 15:24:00","0.103","1100","0.000","0","0.000","0"
"2011-11-08 09:30:00","0.101","2000","0.000","0","0.000","0"
"2011-11-14 10:13:00","0.108","500","0.000","0","0.000","0"
"2011-11-15 10:47:00","0.110","4000","0.000","0","0.000","0"
"2011-11-15 12:04:00","0.098","11000","0.000","0","0.000","0"
"2011-11-16 10:25:00","0.110","100000","0.000","0","0.000","0"
"2011-11-16 11:14:00","0.103","110000","0.000","0","0.000","0"
"2011-11-16 11:21:00","0.098","111000","0.000","0","0.000","0"
"2011-11-16 11:33:00","0.098","127000","0.000","0","0.000","0"
"2011-11-16 13:25:00","0.097","129000","0.000","0","0.000","0"
"2011-11-16 13:56:00","0.103","129500","0.000","0","0.000","0"
"2011-11-16 15:58:00","0.102","132500","0.000","0","0.000","0"
"2011-11-18 12:18:00","0.107","500","0.000","0","0.000","0"
"2011-11-21 13:56:00","0.090","5000","0.000","0","0.000","0"
"2011-11-22 11:27:00","0.100","10000","0.000","0","0.000","0"
"2011-11-23 11:25:00","0.100","34500","0.000","0","0.000","0"
"2011-11-23 12:14:00","0.105","35350","0.000","0","0.000","0"
"2011-11-28 10:54:00","0.094","99000","0.000","0","0.000","0"
"2011-11-29 10:13:00","0.107","2500","0.000","0","0.000","0"
"2011-11-29 10:37:00","0.097","3000","0.000","0","0.000","0"
"2011-11-29 12:35:00","0.095","7100","0.000","0","0.000","0"
"2011-11-30 09:30:00","0.093","500","0.000","0","0.000","0"
"2011-11-30 09:34:00","0.090","5500","0.000","0","0.000","0"
"2011-11-30 11:17:00","0.101","10500","0.000","0","0.000","0"
"2011-11-30 11:28:00","0.099","20500","0.000","0","0.000","0"
"2011-11-30 11:30:00","0.088","420500","0.000","0","0.000","0"
"2011-11-30 12:15:00","0.088","424500","0.000","0","0.000","0"
"2011-11-30 12:25:00","0.103","425000","0.000","0","0.000","0"
"2011-11-30 12:58:00","0.103","432350","0.000","0","0.000","0"
"2011-11-30 13:38:00","0.093","452750","0.000","0","0.000","0"
"2011-12-01 10:01:00","0.093","10000","0.000","0","0.000","0"
"2011-12-01 10:35:00","0.104","11000","0.000","0","0.000","0"
"2011-12-01 10:57:00","0.101","12000","0.000","0","0.000","0"
"2011-12-01 10:59:00","0.101","13000","0.000","0","0.000","0"
"2011-12-01 11:15:00","0.090","35000","0.000","0","0.000","0"
"2011-12-01 12:39:00","0.104","94000","0.000","0","0.000","0"
"2011-12-01 13:07:00","0.093","114000","0.000","0","0.000","0"
"2011-12-01 14:54:00","0.089","214000","0.000","0","0.000","0"
"2011-12-01 15:34:00","0.099","215500","0.000","0","0.000","0"
"2011-12-01 15:42:00","0.099","229000","0.000","0","0.000","0"
"2011-12-23 17:20:00","0.086","59000","0.000","0","0.000","0"
"2011-12-24 20:10:00","0.086","59000","0.000","0","0.000","0"
"2011-12-28 09:45:00","0.080","56000","0.000","0","0.000","0"
"2011-12-28 10:44:00","0.093","57000","0.000","0","0.000","0"
"2011-12-29 11:39:00","0.086","20000","0.000","0","0.000","0"
"2011-12-29 13:18:00","0.075","54000","0.000","0","0.000","0"
"2011-12-30 11:48:00","0.081","14000","0.000","0","0.000","0"
"2011-12-30 12:38:00","0.094","15000","0.000","0","0.000","0"
"2011-12-30 13:23:00","0.091","19000","0.000","0","0.000","0"
"2011-12-30 14:29:00","0.079","20599","0.000","0","0.000","0"
"2011-12-30 15:54:00","0.086","21099","0.000","0","0.000","0"
